timestamp,instrument,signal_type,imbalance,bid_price,ask_price
1762009997762,ETH-PERPETUAL,TICK,0,3890.4,0
1762009997786,ETH-PERPETUAL,TICK,0,3890.4,0
1762009997900,BTC-PERPETUAL,TICK,0,110172,0
1762009997903,BTC-PERPETUAL,TICK,0,110172,0
1762009997908,ETH-PERPETUAL,TICK,0,3899.3,0
1762009997910,ETH-PERPETUAL,TICK,0,3899.3,0
1762009998034,ETH-PERPETUAL,TICK,0,3892.25,0
1762009998039,ETH-PERPETUAL,TICK,0,3892.25,0
1762009998070,ETH-PERPETUAL,TICK,0,3888.65,0
1762009998074,ETH-PERPETUAL,TICK,0,3888.65,0
1762009998103,ETH-PERPETUAL,TICK,0,3892.2,0
1762009998106,ETH-PERPETUAL,TICK,0,3892.2,0
1762009998131,ETH-PERPETUAL,TICK,0,3888.75,0
1762009998134,ETH-PERPETUAL,TICK,0,3888.75,0
1762009998160,ETH-PERPETUAL,TICK,0,3892.05,0
1762009998163,ETH-PERPETUAL,TICK,0,3892.05,0
1762009998186,ETH-PERPETUAL,TICK,0,3888.8,0
1762009998190,ETH-PERPETUAL,TICK,0,3888.8,0
1762009998212,ETH-PERPETUAL,TICK,0,3892,0
1762009998214,ETH-PERPETUAL,TICK,0,3892,0
1762009998239,ETH-PERPETUAL,TICK,0,3889.1,0
1762009998241,ETH-PERPETUAL,TICK,0,3889.1,0
1762009998267,ETH-PERPETUAL,TICK,0,3891.95,0
1762009998270,ETH-PERPETUAL,TICK,0,3891.95,0
1762009998293,ETH-PERPETUAL,TICK,0,3889.15,0
1762009998295,ETH-PERPETUAL,TICK,0,3889.15,0
1762009998318,ETH-PERPETUAL,TICK,0,3891.9,0
1762009998320,ETH-PERPETUAL,TICK,0,3891.9,0
1762009998343,ETH-PERPETUAL,TICK,0,3889.25,0
1762009998346,ETH-PERPETUAL,TICK,0,3889.25,0
1762009998373,ETH-PERPETUAL,TICK,0,3891.7,0
1762009998376,ETH-PERPETUAL,TICK,0,3891.7,0
1762009998400,ETH-PERPETUAL,TICK,0,3889.3,0
1762009998403,ETH-PERPETUAL,TICK,0,3889.3,0
1762009998427,ETH-PERPETUAL,TICK,0,3891.65,0
1762009998430,ETH-PERPETUAL,TICK,0,3891.65,0
1762009998456,ETH-PERPETUAL,TICK,0,3889.35,0
1762009998459,ETH-PERPETUAL,TICK,0,3889.35,0
1762009998481,ETH-PERPETUAL,TICK,0,3891.6,0
1762009998484,ETH-PERPETUAL,TICK,0,3891.6,0
1762009998509,ETH-PERPETUAL,TICK,0,3889.4,0
1762009998511,ETH-PERPETUAL,TICK,0,3889.4,0
1762009998534,ETH-PERPETUAL,TICK,0,3891.55,0
1762009998537,ETH-PERPETUAL,TICK,0,3891.55,0
1762009998558,ETH-PERPETUAL,TICK,0,3889.5,0
1762009998561,ETH-PERPETUAL,TICK,0,3889.5,0
1762009998585,ETH-PERPETUAL,TICK,0,3891.5,0
1762009998588,ETH-PERPETUAL,TICK,0,3891.5,0
1762009998612,ETH-PERPETUAL,TICK,0,3889.6,0
1762009998616,ETH-PERPETUAL,TICK,0,3889.6,0
1762009998645,ETH-PERPETUAL,TICK,0,3891.4,0
1762009998649,ETH-PERPETUAL,TICK,0,3891.4,0
1762009998679,ETH-PERPETUAL,TICK,0,3889.65,0
1762009998681,ETH-PERPETUAL,TICK,0,3889.65,0
1762009998711,ETH-PERPETUAL,TICK,0,3891.3,0
1762009998714,ETH-PERPETUAL,TICK,0,3891.3,0
1762009998739,ETH-PERPETUAL,TICK,0,3889.75,0
1762009998743,ETH-PERPETUAL,TICK,0,3889.75,0
1762009998772,ETH-PERPETUAL,TICK,0,3891.25,0
1762009998776,ETH-PERPETUAL,TICK,0,3891.25,0
1762009998798,ETH-PERPETUAL,TICK,0,3889.8,0
1762009998801,ETH-PERPETUAL,TICK,0,3889.8,0
1762009998825,ETH-PERPETUAL,TICK,0,3891.2,0
1762009998828,ETH-PERPETUAL,TICK,0,3891.2,0
1762009998851,ETH-PERPETUAL,TICK,0,3890.05,0
1762009998855,ETH-PERPETUAL,TICK,0,3890.05,0
1762009998878,ETH-PERPETUAL,TICK,0,3891.05,0
1762009998880,ETH-PERPETUAL,TICK,0,3891.05,0
1762009998907,ETH-PERPETUAL,TICK,0,3890.1,0
1762009998910,ETH-PERPETUAL,TICK,0,3890.1,0
1762009998935,ETH-PERPETUAL,TICK,0,3891,0
1762009998939,ETH-PERPETUAL,TICK,0,3891,0
1762009998963,ETH-PERPETUAL,TICK,0,3890.15,0
1762009998966,ETH-PERPETUAL,TICK,0,3890.15,0
1762009998991,ETH-PERPETUAL,TICK,0,3890.9,0
1762009998993,ETH-PERPETUAL,TICK,0,3890.9,0
1762009999020,ETH-PERPETUAL,TICK,0,3890.3,0
1762009999024,ETH-PERPETUAL,TICK,0,3890.3,0
1762009999049,ETH-PERPETUAL,TICK,0,3890.75,0
1762009999052,ETH-PERPETUAL,TICK,0,3890.75,0
1762009999077,ETH-PERPETUAL,TICK,0,3890.35,0
1762009999080,ETH-PERPETUAL,TICK,0,3890.35,0
1762009999108,ETH-PERPETUAL,TICK,0,3890.5,0
1762009999112,ETH-PERPETUAL,TICK,0,3890.5,0
1762009999143,ETH-PERPETUAL,TICK,0,3890.4,0
1762009999146,ETH-PERPETUAL,TICK,0,3890.4,0
1762009999595,BTC-PERPETUAL,TICK,0,110196,0
1762009999605,BTC-PERPETUAL,TICK,0,110196,0
1762009999638,BTC-PERPETUAL,TICK,0,110147,0
1762009999641,BTC-PERPETUAL,TICK,0,110147,0
1762009999664,BTC-PERPETUAL,TICK,0,110194,0
1762009999666,BTC-PERPETUAL,TICK,0,110194,0
1762009999691,BTC-PERPETUAL,TICK,0,110148,0
1762009999695,BTC-PERPETUAL,TICK,0,110148,0
1762009999718,BTC-PERPETUAL,TICK,0,110192,0
1762009999721,BTC-PERPETUAL,TICK,0,110192,0
1762009999744,BTC-PERPETUAL,TICK,0,110150,0
1762009999746,BTC-PERPETUAL,TICK,0,110150,0
1762009999772,BTC-PERPETUAL,TICK,0,110192,0
1762009999775,BTC-PERPETUAL,TICK,0,110192,0
1762009999799,BTC-PERPETUAL,TICK,0,110150,0
1762009999805,BTC-PERPETUAL,TICK,0,110150,0
1762009999828,BTC-PERPETUAL,TICK,0,110190,0
1762009999832,BTC-PERPETUAL,TICK,0,110190,0
1762009999855,BTC-PERPETUAL,TICK,0,110151,0
1762009999859,BTC-PERPETUAL,TICK,0,110151,0
1762009999880,BTC-PERPETUAL,TICK,0,110189,0
1762009999883,BTC-PERPETUAL,TICK,0,110189,0
1762009999908,BTC-PERPETUAL,TICK,0,110152,0
1762009999911,BTC-PERPETUAL,TICK,0,110152,0
1762009999933,BTC-PERPETUAL,TICK,0,110188,0
1762009999937,BTC-PERPETUAL,TICK,0,110188,0
1762009999959,BTC-PERPETUAL,TICK,0,110152,0
1762009999962,BTC-PERPETUAL,TICK,0,110152,0
1762009999984,BTC-PERPETUAL,TICK,0,110187,0
1762009999987,BTC-PERPETUAL,TICK,0,110187,0
1762010000009,BTC-PERPETUAL,TICK,0,110154,0
1762010000012,BTC-PERPETUAL,TICK,0,110154,0
1762010000036,BTC-PERPETUAL,TICK,0,110186,0
1762010000038,BTC-PERPETUAL,TICK,0,110186,0
1762010000061,BTC-PERPETUAL,TICK,0,110157,0
1762010000064,BTC-PERPETUAL,TICK,0,110157,0
1762010000088,BTC-PERPETUAL,TICK,0,110184,0
1762010000091,BTC-PERPETUAL,TICK,0,110184,0
1762010000114,BTC-PERPETUAL,TICK,0,110158,0
1762010000116,BTC-PERPETUAL,TICK,0,110158,0
1762010000141,BTC-PERPETUAL,TICK,0,110183,0
1762010000145,BTC-PERPETUAL,TICK,0,110183,0
1762010000167,BTC-PERPETUAL,TICK,0,110160,0
1762010000172,BTC-PERPETUAL,TICK,0,110160,0
1762010000207,BTC-PERPETUAL,TICK,0,110182,0
1762010000211,BTC-PERPETUAL,TICK,0,110182,0
1762010000236,BTC-PERPETUAL,TICK,0,110160,0
1762010000240,BTC-PERPETUAL,TICK,0,110160,0
1762010000266,BTC-PERPETUAL,TICK,0,110164,0
1762010000270,BTC-PERPETUAL,TICK,0,110164,0
1762010000295,BTC-PERPETUAL,TICK,0,110182,0
1762010000298,BTC-PERPETUAL,TICK,0,110182,0
1762010000321,BTC-PERPETUAL,TICK,0,110164,0
1762010000325,BTC-PERPETUAL,TICK,0,110164,0
1762010000329,BTC-PERPETUAL,TICK,0,110165,0
1762010000332,BTC-PERPETUAL,TICK,0,110165,0
1762010000349,BTC-PERPETUAL,TICK,0,110182,0
1762010000353,BTC-PERPETUAL,TICK,0,110182,0
1762010000377,BTC-PERPETUAL,TICK,0,110166,0
1762010000380,BTC-PERPETUAL,TICK,0,110166,0
1762010000402,BTC-PERPETUAL,TICK,0,110180,0
1762010000405,BTC-PERPETUAL,TICK,0,110180,0
1762010000428,BTC-PERPETUAL,TICK,0,110166,0
1762010000430,BTC-PERPETUAL,TICK,0,110166,0
1762010000453,BTC-PERPETUAL,TICK,0,110176,0
1762010000456,BTC-PERPETUAL,TICK,0,110176,0
1762010000479,BTC-PERPETUAL,TICK,0,110166,0
1762010000482,BTC-PERPETUAL,TICK,0,110166,0
1762010000506,BTC-PERPETUAL,TICK,0,110176,0
1762010000509,BTC-PERPETUAL,TICK,0,110176,0
1762010000533,BTC-PERPETUAL,TICK,0,110167,0
1762010000536,BTC-PERPETUAL,TICK,0,110167,0
1762010000561,BTC-PERPETUAL,TICK,0,110174,0
1762010000565,BTC-PERPETUAL,TICK,0,110174,0
1762010000590,BTC-PERPETUAL,TICK,0,110168,0
1762010000594,BTC-PERPETUAL,TICK,0,110168,0
1762010000617,BTC-PERPETUAL,TICK,0,110174,0
1762010000621,BTC-PERPETUAL,TICK,0,110174,0
1762010000647,BTC-PERPETUAL,TICK,0,110168,0
1762010000649,BTC-PERPETUAL,TICK,0,110168,0
1762010000677,BTC-PERPETUAL,TICK,0,110173,0
1762010000680,BTC-PERPETUAL,TICK,0,110173,0
1762010000706,BTC-PERPETUAL,TICK,0,110172,0
1762010000711,BTC-PERPETUAL,TICK,0,110172,0
1762010002068,BTC-PERPETUAL,TICK,0,110155,0
1762010002071,BTC-PERPETUAL,TICK,0,110155,0
1762010003305,ETH-PERPETUAL,TICK,0,3892.3,0
1762010003315,ETH-PERPETUAL,TICK,0,3892.3,0
1762010003356,ETH-PERPETUAL,TICK,0,3888.65,0
1762010003359,ETH-PERPETUAL,TICK,0,3888.65,0
1762010003381,ETH-PERPETUAL,TICK,0,3892.25,0
1762010003383,ETH-PERPETUAL,TICK,0,3892.25,0
1762010003406,ETH-PERPETUAL,TICK,0,3888.75,0
1762010003410,ETH-PERPETUAL,TICK,0,3888.75,0
1762010003432,ETH-PERPETUAL,TICK,0,3892.2,0
1762010003435,ETH-PERPETUAL,TICK,0,3892.2,0
1762010003457,ETH-PERPETUAL,TICK,0,3888.8,0
1762010003459,ETH-PERPETUAL,TICK,0,3888.8,0
1762010003483,ETH-PERPETUAL,TICK,0,3892.15,0
1762010003486,ETH-PERPETUAL,TICK,0,3892.15,0
1762010003509,ETH-PERPETUAL,TICK,0,3889.1,0
1762010003512,ETH-PERPETUAL,TICK,0,3889.1,0
1762010003534,ETH-PERPETUAL,TICK,0,3892.05,0
1762010003537,ETH-PERPETUAL,TICK,0,3892.05,0
1762010003560,ETH-PERPETUAL,TICK,0,3889.15,0
1762010003562,ETH-PERPETUAL,TICK,0,3889.15,0
1762010003584,ETH-PERPETUAL,TICK,0,3892,0
1762010003586,ETH-PERPETUAL,TICK,0,3892,0
1762010003611,ETH-PERPETUAL,TICK,0,3889.25,0
1762010003614,ETH-PERPETUAL,TICK,0,3889.25,0
1762010003636,ETH-PERPETUAL,TICK,0,3891.95,0
1762010003642,ETH-PERPETUAL,TICK,0,3891.95,0
1762010003668,ETH-PERPETUAL,TICK,0,3889.3,0
1762010003673,ETH-PERPETUAL,TICK,0,3889.3,0
1762010003698,BTC-PERPETUAL,TICK,0,110152,0
1762010003702,BTC-PERPETUAL,TICK,0,110152,0
1762010003726,ETH-PERPETUAL,TICK,0,3891.85,0
1762010003730,ETH-PERPETUAL,TICK,0,3891.85,0
1762010003755,ETH-PERPETUAL,TICK,0,3889.35,0
1762010003758,ETH-PERPETUAL,TICK,0,3889.35,0
1762010003783,ETH-PERPETUAL,TICK,0,3891.7,0
1762010003787,ETH-PERPETUAL,TICK,0,3891.7,0
1762010003808,ETH-PERPETUAL,TICK,0,3889.4,0
1762010003812,ETH-PERPETUAL,TICK,0,3889.4,0
1762010003833,ETH-PERPETUAL,TICK,0,3891.65,0
1762010003836,ETH-PERPETUAL,TICK,0,3891.65,0
1762010003858,ETH-PERPETUAL,TICK,0,3889.6,0
1762010003861,ETH-PERPETUAL,TICK,0,3889.6,0
1762010003885,ETH-PERPETUAL,TICK,0,3891.6,0
1762010003888,ETH-PERPETUAL,TICK,0,3891.6,0
1762010003913,ETH-PERPETUAL,TICK,0,3889.65,0
1762010003916,ETH-PERPETUAL,TICK,0,3889.65,0
1762010003942,ETH-PERPETUAL,TICK,0,3891.55,0
1762010003945,ETH-PERPETUAL,TICK,0,3891.55,0
1762010003975,ETH-PERPETUAL,TICK,0,3889.75,0
1762010003981,ETH-PERPETUAL,TICK,0,3889.75,0
1762010004008,ETH-PERPETUAL,TICK,0,3891.5,0
1762010004012,ETH-PERPETUAL,TICK,0,3891.5,0
1762010004037,ETH-PERPETUAL,TICK,0,3889.8,0
1762010004042,ETH-PERPETUAL,TICK,0,3889.8,0
1762010004066,ETH-PERPETUAL,TICK,0,3891.4,0
1762010004070,ETH-PERPETUAL,TICK,0,3891.4,0
1762010004093,ETH-PERPETUAL,TICK,0,3889.9,0
1762010004097,ETH-PERPETUAL,TICK,0,3889.9,0
1762010004123,ETH-PERPETUAL,TICK,0,3891.3,0
1762010004126,ETH-PERPETUAL,TICK,0,3891.3,0
1762010004152,ETH-PERPETUAL,TICK,0,3890.05,0
1762010004155,ETH-PERPETUAL,TICK,0,3890.05,0
1762010004181,ETH-PERPETUAL,TICK,0,3891.25,0
1762010004184,ETH-PERPETUAL,TICK,0,3891.25,0
1762010004208,ETH-PERPETUAL,TICK,0,3890.1,0
1762010004212,ETH-PERPETUAL,TICK,0,3890.1,0
1762010004234,ETH-PERPETUAL,TICK,0,3891.2,0
1762010004237,ETH-PERPETUAL,TICK,0,3891.2,0
1762010004260,ETH-PERPETUAL,TICK,0,3890.15,0
1762010004263,ETH-PERPETUAL,TICK,0,3890.15,0
1762010004287,ETH-PERPETUAL,TICK,0,3891.05,0
1762010004290,ETH-PERPETUAL,TICK,0,3891.05,0
1762010004313,ETH-PERPETUAL,TICK,0,3890.3,0
1762010004316,ETH-PERPETUAL,TICK,0,3890.3,0
1762010004340,ETH-PERPETUAL,TICK,0,3891,0
1762010004344,ETH-PERPETUAL,TICK,0,3891,0
1762010004367,ETH-PERPETUAL,TICK,0,3890.35,0
1762010004370,ETH-PERPETUAL,TICK,0,3890.35,0
1762010004393,ETH-PERPETUAL,TICK,0,3890.5,0
1762010004396,ETH-PERPETUAL,TICK,0,3890.5,0
1762010004419,ETH-PERPETUAL,TICK,0,3890.4,0
1762010004422,ETH-PERPETUAL,TICK,0,3890.4,0
1762010004448,BTC-PERPETUAL,TICK,0,110152,0
1762010004452,BTC-PERPETUAL,TICK,0,110152,0
1762010004869,BTC-PERPETUAL,TICK,0,110192,0
1762010004881,BTC-PERPETUAL,TICK,0,110192,0
1762010004932,BTC-PERPETUAL,TICK,0,110146,0
1762010004936,BTC-PERPETUAL,TICK,0,110146,0
1762010004960,BTC-PERPETUAL,TICK,0,110192,0
1762010004963,BTC-PERPETUAL,TICK,0,110192,0
1762010004986,BTC-PERPETUAL,TICK,0,110146,0
1762010004989,BTC-PERPETUAL,TICK,0,110146,0
1762010005014,BTC-PERPETUAL,TICK,0,110190,0
1762010005017,BTC-PERPETUAL,TICK,0,110190,0
1762010005043,BTC-PERPETUAL,TICK,0,110148,0
1762010005046,BTC-PERPETUAL,TICK,0,110148,0
1762010005074,BTC-PERPETUAL,TICK,0,110189,0
1762010005078,BTC-PERPETUAL,TICK,0,110189,0
1762010005098,BTC-PERPETUAL,TICK,0,110149,0
1762010005101,BTC-PERPETUAL,TICK,0,110149,0
1762010005121,BTC-PERPETUAL,TICK,0,110187,0
1762010005124,BTC-PERPETUAL,TICK,0,110187,0
1762010005146,BTC-PERPETUAL,TICK,0,110150,0
1762010005149,BTC-PERPETUAL,TICK,0,110150,0
1762010005170,BTC-PERPETUAL,TICK,0,110184,0
1762010005173,BTC-PERPETUAL,TICK,0,110184,0
1762010005193,BTC-PERPETUAL,TICK,0,110150,0
1762010005196,BTC-PERPETUAL,TICK,0,110150,0
1762010005219,BTC-PERPETUAL,TICK,0,110183,0
1762010005222,BTC-PERPETUAL,TICK,0,110183,0
1762010005246,BTC-PERPETUAL,TICK,0,110150,0
1762010005249,BTC-PERPETUAL,TICK,0,110150,0
1762010005270,BTC-PERPETUAL,TICK,0,110182,0
1762010005273,BTC-PERPETUAL,TICK,0,110182,0
1762010005293,BTC-PERPETUAL,TICK,0,110152,0
1762010005296,BTC-PERPETUAL,TICK,0,110152,0
1762010005318,BTC-PERPETUAL,TICK,0,110182,0
1762010005322,BTC-PERPETUAL,TICK,0,110182,0
1762010005343,BTC-PERPETUAL,TICK,0,110152,0
1762010005347,BTC-PERPETUAL,TICK,0,110152,0
1762010005368,BTC-PERPETUAL,TICK,0,110182,0
1762010005371,BTC-PERPETUAL,TICK,0,110182,0
1762010005397,BTC-PERPETUAL,TICK,0,110156,0
1762010005400,BTC-PERPETUAL,TICK,0,110156,0
1762010005420,BTC-PERPETUAL,TICK,0,110180,0
1762010005423,BTC-PERPETUAL,TICK,0,110180,0
1762010005444,BTC-PERPETUAL,TICK,0,110180,0
1762010005448,BTC-PERPETUAL,TICK,0,110180,0
1762010005469,BTC-PERPETUAL,TICK,0,110160,0
1762010005472,BTC-PERPETUAL,TICK,0,110160,0
1762010005492,BTC-PERPETUAL,TICK,0,110180,0
1762010005495,BTC-PERPETUAL,TICK,0,110180,0
1762010005516,BTC-PERPETUAL,TICK,0,110160,0
1762010005518,BTC-PERPETUAL,TICK,0,110160,0
1762010005542,BTC-PERPETUAL,TICK,0,110179,0
1762010005545,BTC-PERPETUAL,TICK,0,110179,0
1762010005566,BTC-PERPETUAL,TICK,0,110165,0
1762010005569,BTC-PERPETUAL,TICK,0,110165,0
1762010005591,BTC-PERPETUAL,TICK,0,110178,0
1762010005594,BTC-PERPETUAL,TICK,0,110178,0
1762010005615,BTC-PERPETUAL,TICK,0,110166,0
1762010005618,BTC-PERPETUAL,TICK,0,110166,0
1762010005641,BTC-PERPETUAL,TICK,0,110178,0
1762010005644,BTC-PERPETUAL,TICK,0,110178,0
1762010005664,BTC-PERPETUAL,TICK,0,110166,0
1762010005668,BTC-PERPETUAL,TICK,0,110166,0
1762010005690,BTC-PERPETUAL,TICK,0,110176,0
1762010005693,BTC-PERPETUAL,TICK,0,110176,0
1762010005712,BTC-PERPETUAL,TICK,0,110166,0
1762010005715,BTC-PERPETUAL,TICK,0,110166,0
1762010005735,BTC-PERPETUAL,TICK,0,110174,0
1762010005737,BTC-PERPETUAL,TICK,0,110174,0
1762010005759,BTC-PERPETUAL,TICK,0,110167,0
1762010005762,BTC-PERPETUAL,TICK,0,110167,0
1762010005783,BTC-PERPETUAL,TICK,0,110174,0
1762010005786,BTC-PERPETUAL,TICK,0,110174,0
1762010005808,BTC-PERPETUAL,TICK,0,110168,0
1762010005810,BTC-PERPETUAL,TICK,0,110168,0
1762010005832,BTC-PERPETUAL,TICK,0,110173,0
1762010005835,BTC-PERPETUAL,TICK,0,110173,0
1762010005857,BTC-PERPETUAL,TICK,0,110172,0
1762010005860,BTC-PERPETUAL,TICK,0,110172,0
1762010008577,ETH-PERPETUAL,TICK,0,3892.75,0
1762010008580,ETH-PERPETUAL,TICK,0,3892.75,0
1762010008611,ETH-PERPETUAL,TICK,0,3889.55,0
1762010008614,ETH-PERPETUAL,TICK,0,3889.55,0
1762010008634,ETH-PERPETUAL,TICK,0,3892.7,0
1762010008637,ETH-PERPETUAL,TICK,0,3892.7,0
1762010008659,ETH-PERPETUAL,TICK,0,3889.6,0
1762010008663,ETH-PERPETUAL,TICK,0,3889.6,0
1762010008685,ETH-PERPETUAL,TICK,0,3892.5,0
1762010008689,ETH-PERPETUAL,TICK,0,3892.5,0
1762010008711,ETH-PERPETUAL,TICK,0,3889.65,0
1762010008715,ETH-PERPETUAL,TICK,0,3889.65,0
1762010008737,ETH-PERPETUAL,TICK,0,3892.45,0
1762010008740,ETH-PERPETUAL,TICK,0,3892.45,0
1762010008763,ETH-PERPETUAL,TICK,0,3889.75,0
1762010008766,ETH-PERPETUAL,TICK,0,3889.75,0
1762010008790,ETH-PERPETUAL,TICK,0,3892.4,0
1762010008793,ETH-PERPETUAL,TICK,0,3892.4,0
1762010008817,ETH-PERPETUAL,TICK,0,3889.85,0
1762010008821,ETH-PERPETUAL,TICK,0,3889.85,0
1762010008844,ETH-PERPETUAL,TICK,0,3892.35,0
1762010008847,ETH-PERPETUAL,TICK,0,3892.35,0
1762010008868,ETH-PERPETUAL,TICK,0,3889.9,0
1762010008872,ETH-PERPETUAL,TICK,0,3889.9,0
1762010008896,ETH-PERPETUAL,TICK,0,3892.3,0
1762010008899,ETH-PERPETUAL,TICK,0,3892.3,0
1762010008921,ETH-PERPETUAL,TICK,0,3890,0
1762010008925,ETH-PERPETUAL,TICK,0,3890,0
1762010008947,ETH-PERPETUAL,TICK,0,3892.25,0
1762010008950,ETH-PERPETUAL,TICK,0,3892.25,0
1762010008973,ETH-PERPETUAL,TICK,0,3890.05,0
1762010008976,ETH-PERPETUAL,TICK,0,3890.05,0
1762010009000,ETH-PERPETUAL,TICK,0,3892.2,0
1762010009003,ETH-PERPETUAL,TICK,0,3892.2,0
1762010009026,ETH-PERPETUAL,TICK,0,3890.15,0
1762010009029,ETH-PERPETUAL,TICK,0,3890.15,0
1762010009052,ETH-PERPETUAL,TICK,0,3892.15,0
1762010009056,ETH-PERPETUAL,TICK,0,3892.15,0
1762010009076,ETH-PERPETUAL,TICK,0,3890.3,0
1762010009080,ETH-PERPETUAL,TICK,0,3890.3,0
1762010009104,ETH-PERPETUAL,TICK,0,3892,0
1762010009107,ETH-PERPETUAL,TICK,0,3892,0
1762010009128,ETH-PERPETUAL,TICK,0,3890.35,0
1762010009131,ETH-PERPETUAL,TICK,0,3890.35,0
1762010009151,ETH-PERPETUAL,TICK,0,3891.95,0
1762010009156,ETH-PERPETUAL,TICK,0,3891.95,0
1762010009179,ETH-PERPETUAL,TICK,0,3890.4,0
1762010009182,ETH-PERPETUAL,TICK,0,3890.4,0
1762010009204,ETH-PERPETUAL,TICK,0,3891.85,0
1762010009209,ETH-PERPETUAL,TICK,0,3891.85,0
1762010009234,ETH-PERPETUAL,TICK,0,3890.5,0
1762010009236,ETH-PERPETUAL,TICK,0,3890.5,0
1762010009263,ETH-PERPETUAL,TICK,0,3891.8,0
1762010009266,ETH-PERPETUAL,TICK,0,3891.8,0
1762010009291,ETH-PERPETUAL,TICK,0,3890.6,0
1762010009295,ETH-PERPETUAL,TICK,0,3890.6,0
1762010009317,ETH-PERPETUAL,TICK,0,3891.65,0
1762010009319,ETH-PERPETUAL,TICK,0,3891.65,0
1762010009343,ETH-PERPETUAL,TICK,0,3890.65,0
1762010009345,ETH-PERPETUAL,TICK,0,3890.65,0
1762010009370,ETH-PERPETUAL,TICK,0,3891.6,0
1762010009373,ETH-PERPETUAL,TICK,0,3891.6,0
1762010009399,ETH-PERPETUAL,TICK,0,3890.8,0
1762010009403,ETH-PERPETUAL,TICK,0,3890.8,0
1762010009428,ETH-PERPETUAL,TICK,0,3891.5,0
1762010009431,ETH-PERPETUAL,TICK,0,3891.5,0
1762010009458,ETH-PERPETUAL,TICK,0,3890.85,0
1762010009462,ETH-PERPETUAL,TICK,0,3890.85,0
1762010009486,ETH-PERPETUAL,TICK,0,3891.4,0
1762010009489,ETH-PERPETUAL,TICK,0,3891.4,0
1762010009512,ETH-PERPETUAL,TICK,0,3891,0
1762010009514,ETH-PERPETUAL,TICK,0,3891,0
1762010009538,ETH-PERPETUAL,TICK,0,3891.25,0
1762010009541,ETH-PERPETUAL,TICK,0,3891.25,0
1762010009566,ETH-PERPETUAL,TICK,0,3891.05,0
1762010009571,ETH-PERPETUAL,TICK,0,3891.05,0
1762010009595,ETH-PERPETUAL,TICK,0,3891.15,0
1762010009598,ETH-PERPETUAL,TICK,0,3891.15,0
1762010009621,ETH-PERPETUAL,TICK,0,3891.1,0
1762010009624,ETH-PERPETUAL,TICK,0,3891.1,0
1762010010137,BTC-PERPETUAL,TICK,0,110196,0
1762010010141,BTC-PERPETUAL,TICK,0,110196,0
1762010010172,BTC-PERPETUAL,TICK,0,110146,0
1762010010175,BTC-PERPETUAL,TICK,0,110146,0
1762010010198,BTC-PERPETUAL,TICK,0,110194,0
1762010010201,BTC-PERPETUAL,TICK,0,110194,0
1762010010225,BTC-PERPETUAL,TICK,0,110148,0
1762010010228,BTC-PERPETUAL,TICK,0,110148,0
1762010010254,BTC-PERPETUAL,TICK,0,110194,0
1762010010258,BTC-PERPETUAL,TICK,0,110194,0
1762010010281,BTC-PERPETUAL,TICK,0,110149,0
1762010010285,BTC-PERPETUAL,TICK,0,110149,0
1762010010310,BTC-PERPETUAL,TICK,0,110193,0
1762010010315,BTC-PERPETUAL,TICK,0,110193,0
1762010010340,BTC-PERPETUAL,TICK,0,110150,0
1762010010343,BTC-PERPETUAL,TICK,0,110150,0
1762010010372,BTC-PERPETUAL,TICK,0,110192,0
1762010010375,BTC-PERPETUAL,TICK,0,110192,0
1762010010401,BTC-PERPETUAL,TICK,0,110150,0
1762010010405,BTC-PERPETUAL,TICK,0,110150,0
1762010010432,BTC-PERPETUAL,TICK,0,110192,0
1762010010436,BTC-PERPETUAL,TICK,0,110192,0
1762010010463,BTC-PERPETUAL,TICK,0,110150,0
1762010010466,BTC-PERPETUAL,TICK,0,110150,0
1762010010496,BTC-PERPETUAL,TICK,0,110190,0
1762010010499,BTC-PERPETUAL,TICK,0,110190,0
1762010010526,BTC-PERPETUAL,TICK,0,110151,0
1762010010532,BTC-PERPETUAL,TICK,0,110151,0
1762010010558,BTC-PERPETUAL,TICK,0,110187,0
1762010010562,BTC-PERPETUAL,TICK,0,110187,0
1762010010587,BTC-PERPETUAL,TICK,0,110152,0
1762010010591,BTC-PERPETUAL,TICK,0,110152,0
1762010010617,BTC-PERPETUAL,TICK,0,110186,0
1762010010621,BTC-PERPETUAL,TICK,0,110186,0
1762010010650,BTC-PERPETUAL,TICK,0,110152,0
1762010010653,BTC-PERPETUAL,TICK,0,110152,0
1762010010683,BTC-PERPETUAL,TICK,0,110184,0
1762010010687,BTC-PERPETUAL,TICK,0,110184,0
1762010010718,BTC-PERPETUAL,TICK,0,110158,0
1762010010722,BTC-PERPETUAL,TICK,0,110158,0
1762010010751,BTC-PERPETUAL,TICK,0,110183,0
1762010010756,BTC-PERPETUAL,TICK,0,110183,0
1762010010783,BTC-PERPETUAL,TICK,0,110160,0
1762010010788,BTC-PERPETUAL,TICK,0,110160,0
1762010010816,BTC-PERPETUAL,TICK,0,110182,0
1762010010819,BTC-PERPETUAL,TICK,0,110182,0
1762010010852,BTC-PERPETUAL,TICK,0,110160,0
1762010010858,BTC-PERPETUAL,TICK,0,110160,0
1762010010885,BTC-PERPETUAL,TICK,0,110180,0
1762010010889,BTC-PERPETUAL,TICK,0,110180,0
1762010010918,BTC-PERPETUAL,TICK,0,110152,0
1762010010923,BTC-PERPETUAL,TICK,0,110152,0
1762010010952,BTC-PERPETUAL,TICK,0,110180,0
1762010010956,BTC-PERPETUAL,TICK,0,110180,0
1762010010984,BTC-PERPETUAL,TICK,0,110164,0
1762010010987,BTC-PERPETUAL,TICK,0,110164,0
1762010011018,BTC-PERPETUAL,TICK,0,110176,0
1762010011022,BTC-PERPETUAL,TICK,0,110176,0
1762010011051,BTC-PERPETUAL,TICK,0,110165,0
1762010011056,BTC-PERPETUAL,TICK,0,110165,0
1762010011084,BTC-PERPETUAL,TICK,0,110176,0
1762010011090,BTC-PERPETUAL,TICK,0,110176,0
1762010011117,BTC-PERPETUAL,TICK,0,110166,0
1762010011120,BTC-PERPETUAL,TICK,0,110166,0
1762010011148,BTC-PERPETUAL,TICK,0,110174,0
1762010011152,BTC-PERPETUAL,TICK,0,110174,0
1762010011185,BTC-PERPETUAL,TICK,0,110166,0
1762010011188,BTC-PERPETUAL,TICK,0,110166,0
1762010011219,BTC-PERPETUAL,TICK,0,110174,0
1762010011224,BTC-PERPETUAL,TICK,0,110174,0
1762010011250,BTC-PERPETUAL,TICK,0,110166,0
1762010011254,BTC-PERPETUAL,TICK,0,110166,0
1762010011282,BTC-PERPETUAL,TICK,0,110174,0
1762010011285,BTC-PERPETUAL,TICK,0,110174,0
1762010011313,BTC-PERPETUAL,TICK,0,110167,0
1762010011318,BTC-PERPETUAL,TICK,0,110167,0
1762010011345,BTC-PERPETUAL,TICK,0,110173,0
1762010011349,BTC-PERPETUAL,TICK,0,110173,0
1762010011379,BTC-PERPETUAL,TICK,0,110172,0
1762010011382,BTC-PERPETUAL,TICK,0,110172,0
1762010011415,ETH-PERPETUAL,TICK,0,3892.35,0
1762010011419,ETH-PERPETUAL,TICK,0,3892.35,0
1762010012035,BTC-PERPETUAL,TICK,0,110173,0
1762010012041,BTC-PERPETUAL,TICK,0,110173,0
1762010012204,ETH-PERPETUAL,TICK,0,3893.15,0
1762010012210,ETH-PERPETUAL,TICK,0,3893.15,0
1762010012251,ETH-PERPETUAL,TICK,0,3889.35,0
1762010012257,ETH-PERPETUAL,TICK,0,3889.35,0
1762010012293,ETH-PERPETUAL,TICK,0,3893.1,0
1762010012296,ETH-PERPETUAL,TICK,0,3893.1,0
1762010012329,ETH-PERPETUAL,TICK,0,3889.4,0
1762010012333,ETH-PERPETUAL,TICK,0,3889.4,0
1762010012368,ETH-PERPETUAL,TICK,0,3893.05,0
1762010012374,ETH-PERPETUAL,TICK,0,3893.05,0
1762010012409,ETH-PERPETUAL,TICK,0,3889.6,0
1762010012414,ETH-PERPETUAL,TICK,0,3889.6,0
1762010012445,ETH-PERPETUAL,TICK,0,3893,0
1762010012448,ETH-PERPETUAL,TICK,0,3893,0
1762010012479,ETH-PERPETUAL,TICK,0,3889.65,0
1762010012484,ETH-PERPETUAL,TICK,0,3889.65,0
1762010012516,ETH-PERPETUAL,TICK,0,3892.95,0
1762010012521,ETH-PERPETUAL,TICK,0,3892.95,0
1762010012551,ETH-PERPETUAL,TICK,0,3889.75,0
1762010012557,ETH-PERPETUAL,TICK,0,3889.75,0
1762010012587,ETH-PERPETUAL,TICK,0,3892.8,0
1762010012590,ETH-PERPETUAL,TICK,0,3892.8,0
1762010012622,ETH-PERPETUAL,TICK,0,3889.8,0
1762010012626,ETH-PERPETUAL,TICK,0,3889.8,0
1762010012659,ETH-PERPETUAL,TICK,0,3892.75,0
1762010012664,ETH-PERPETUAL,TICK,0,3892.75,0
1762010012692,ETH-PERPETUAL,TICK,0,3889.85,0
1762010012696,ETH-PERPETUAL,TICK,0,3889.85,0
1762010012724,ETH-PERPETUAL,TICK,0,3892.7,0
1762010012727,ETH-PERPETUAL,TICK,0,3892.7,0
1762010012755,ETH-PERPETUAL,TICK,0,3889.9,0
1762010012759,ETH-PERPETUAL,TICK,0,3889.9,0
1762010012791,ETH-PERPETUAL,TICK,0,3892.5,0
1762010012797,ETH-PERPETUAL,TICK,0,3892.5,0
1762010012827,ETH-PERPETUAL,TICK,0,3890,0
1762010012834,ETH-PERPETUAL,TICK,0,3890,0
1762010012868,ETH-PERPETUAL,TICK,0,3892.4,0
1762010012873,ETH-PERPETUAL,TICK,0,3892.4,0
1762010012907,ETH-PERPETUAL,TICK,0,3890.05,0
1762010012913,ETH-PERPETUAL,TICK,0,3890.05,0
1762010012947,ETH-PERPETUAL,TICK,0,3892.35,0
1762010012952,ETH-PERPETUAL,TICK,0,3892.35,0
1762010012987,ETH-PERPETUAL,TICK,0,3892.25,0
1762010012991,ETH-PERPETUAL,TICK,0,3892.25,0
1762010013025,ETH-PERPETUAL,TICK,0,3890.35,0
1762010013030,ETH-PERPETUAL,TICK,0,3890.35,0
1762010013065,ETH-PERPETUAL,TICK,0,3892.2,0
1762010013068,ETH-PERPETUAL,TICK,0,3892.2,0
1762010013106,ETH-PERPETUAL,TICK,0,3890.4,0
1762010013113,ETH-PERPETUAL,TICK,0,3890.4,0
1762010013144,ETH-PERPETUAL,TICK,0,3892.15,0
1762010013147,ETH-PERPETUAL,TICK,0,3892.15,0
1762010013179,ETH-PERPETUAL,TICK,0,3890.5,0
1762010013184,ETH-PERPETUAL,TICK,0,3890.5,0
1762010013211,ETH-PERPETUAL,TICK,0,3892.1,0
1762010013216,ETH-PERPETUAL,TICK,0,3892.1,0
1762010013245,ETH-PERPETUAL,TICK,0,3890.6,0
1762010013251,ETH-PERPETUAL,TICK,0,3890.6,0
1762010013283,ETH-PERPETUAL,TICK,0,3892,0
1762010013289,ETH-PERPETUAL,TICK,0,3892,0
1762010013322,ETH-PERPETUAL,TICK,0,3890.65,0
1762010013325,ETH-PERPETUAL,TICK,0,3890.65,0
1762010013360,ETH-PERPETUAL,TICK,0,3891.95,0
1762010013364,ETH-PERPETUAL,TICK,0,3891.95,0
1762010013400,ETH-PERPETUAL,TICK,0,3890.8,0
1762010013408,ETH-PERPETUAL,TICK,0,3890.8,0
1762010013445,ETH-PERPETUAL,TICK,0,3891.9,0
1762010013448,ETH-PERPETUAL,TICK,0,3891.9,0
1762010013485,ETH-PERPETUAL,TICK,0,3890.9,0
1762010013488,ETH-PERPETUAL,TICK,0,3890.9,0
1762010013525,ETH-PERPETUAL,TICK,0,3891.75,0
1762010013531,ETH-PERPETUAL,TICK,0,3891.75,0
1762010013562,ETH-PERPETUAL,TICK,0,3891.05,0
1762010013567,ETH-PERPETUAL,TICK,0,3891.05,0
1762010013599,ETH-PERPETUAL,TICK,0,3891.15,0
1762010013604,ETH-PERPETUAL,TICK,0,3891.15,0
1762010013637,ETH-PERPETUAL,TICK,0,3891.1,0
1762010013642,ETH-PERPETUAL,TICK,0,3891.1,0
1762010013693,BTC-PERPETUAL,TICK,0,110172,0
1762010013698,BTC-PERPETUAL,TICK,0,110167,0
1762010013702,BTC-PERPETUAL,TICK,0,110172,0
1762010013707,BTC-PERPETUAL,TICK,0,110166,0
1762010013710,BTC-PERPETUAL,TICK,0,110167,0
1762010013714,BTC-PERPETUAL,TICK,0,110166,0
1762010013717,BTC-PERPETUAL,TICK,0,110166,0
1762010013721,BTC-PERPETUAL,TICK,0,110166,0
1762010013725,BTC-PERPETUAL,TICK,0,110166,0
1762010013728,BTC-PERPETUAL,TICK,0,110166,0
1762010013765,BTC-PERPETUAL,TICK,0,110173,0
1762010013768,BTC-PERPETUAL,TICK,0,110173,0
1762010013807,BTC-PERPETUAL,TICK,0,110150,0
1762010013813,BTC-PERPETUAL,TICK,0,110150,0
1762010013852,BTC-PERPETUAL,TICK,0,110193,0
1762010013858,BTC-PERPETUAL,TICK,0,110193,0
1762010013894,BTC-PERPETUAL,TICK,0,110152,0
1762010013900,BTC-PERPETUAL,TICK,0,110152,0
1762010013935,BTC-PERPETUAL,TICK,0,110192,0
1762010013941,BTC-PERPETUAL,TICK,0,110192,0
1762010013983,BTC-PERPETUAL,TICK,0,110152,0
1762010013991,BTC-PERPETUAL,TICK,0,110152,0
1762010014026,BTC-PERPETUAL,TICK,0,110192,0
1762010014030,BTC-PERPETUAL,TICK,0,110192,0
1762010014067,BTC-PERPETUAL,TICK,0,110154,0
1762010014071,BTC-PERPETUAL,TICK,0,110154,0
1762010014107,BTC-PERPETUAL,TICK,0,110192,0
1762010014113,BTC-PERPETUAL,TICK,0,110192,0
1762010014148,BTC-PERPETUAL,TICK,0,110154,0
1762010014152,BTC-PERPETUAL,TICK,0,110154,0
1762010014186,BTC-PERPETUAL,TICK,0,110187,0
1762010014190,BTC-PERPETUAL,TICK,0,110187,0
1762010014226,BTC-PERPETUAL,TICK,0,110154,0
1762010014232,BTC-PERPETUAL,TICK,0,110154,0
1762010014268,BTC-PERPETUAL,TICK,0,110186,0
1762010014272,BTC-PERPETUAL,TICK,0,110186,0
1762010014313,BTC-PERPETUAL,TICK,0,110158,0
1762010014318,BTC-PERPETUAL,TICK,0,110158,0
1762010014356,BTC-PERPETUAL,TICK,0,110184,0
1762010014362,BTC-PERPETUAL,TICK,0,110184,0
1762010014398,BTC-PERPETUAL,TICK,0,110158,0
1762010014403,BTC-PERPETUAL,TICK,0,110158,0
1762010014438,BTC-PERPETUAL,TICK,0,110183,0
1762010014443,BTC-PERPETUAL,TICK,0,110183,0
1762010014485,BTC-PERPETUAL,TICK,0,110158,0
1762010014490,BTC-PERPETUAL,TICK,0,110158,0
1762010014531,BTC-PERPETUAL,TICK,0,110182,0
1762010014537,BTC-PERPETUAL,TICK,0,110182,0
1762010014570,BTC-PERPETUAL,TICK,0,110160,0
1762010014574,BTC-PERPETUAL,TICK,0,110160,0
1762010014610,BTC-PERPETUAL,TICK,0,110182,0
1762010014615,BTC-PERPETUAL,TICK,0,110182,0
1762010014649,BTC-PERPETUAL,TICK,0,110166,0
1762010014653,BTC-PERPETUAL,TICK,0,110166,0
1762010014660,BTC-PERPETUAL,TICK,0,110166,0
1762010014663,BTC-PERPETUAL,TICK,0,110166,0
1762010014688,BTC-PERPETUAL,TICK,0,110181,0
1762010014694,BTC-PERPETUAL,TICK,0,110181,0
1762010014727,BTC-PERPETUAL,TICK,0,110166,0
1762010014732,BTC-PERPETUAL,TICK,0,110166,0
1762010014737,BTC-PERPETUAL,TICK,0,110166,0
1762010014742,BTC-PERPETUAL,TICK,0,110166,0
1762010014774,BTC-PERPETUAL,TICK,0,110180,0
1762010014780,BTC-PERPETUAL,TICK,0,110180,0
1762010014818,BTC-PERPETUAL,TICK,0,110166,0
1762010014823,BTC-PERPETUAL,TICK,0,110166,0
1762010014828,BTC-PERPETUAL,TICK,0,110166,0
1762010014833,BTC-PERPETUAL,TICK,0,110166,0
1762010014860,BTC-PERPETUAL,TICK,0,110180,0
1762010014867,BTC-PERPETUAL,TICK,0,110180,0
1762010014905,BTC-PERPETUAL,TICK,0,110166,0
1762010014911,BTC-PERPETUAL,TICK,0,110166,0
1762010014917,BTC-PERPETUAL,TICK,0,110166,0
1762010014921,BTC-PERPETUAL,TICK,0,110166,0
1762010014951,BTC-PERPETUAL,TICK,0,110176,0
1762010014956,BTC-PERPETUAL,TICK,0,110176,0
1762010014992,BTC-PERPETUAL,TICK,0,110166,0
1762010014997,BTC-PERPETUAL,TICK,0,110166,0
1762010015002,BTC-PERPETUAL,TICK,0,110146,0
1762010015007,BTC-PERPETUAL,TICK,0,110146,0
1762010015037,BTC-PERPETUAL,TICK,0,110176,0
1762010015040,BTC-PERPETUAL,TICK,0,110176,0
1762010015080,BTC-PERPETUAL,TICK,0,110166,0
1762010015084,BTC-PERPETUAL,TICK,0,110166,0
1762010015088,BTC-PERPETUAL,TICK,0,110166,0
1762010015093,BTC-PERPETUAL,TICK,0,110166,0
1762010015122,BTC-PERPETUAL,TICK,0,110174,0
1762010015127,BTC-PERPETUAL,TICK,0,110174,0
1762010015162,BTC-PERPETUAL,TICK,0,110166,0
1762010015168,BTC-PERPETUAL,TICK,0,110166,0
1762010015173,BTC-PERPETUAL,TICK,0,110166,0
1762010015176,BTC-PERPETUAL,TICK,0,110166,0
1762010015206,BTC-PERPETUAL,TICK,0,110174,0
1762010015212,BTC-PERPETUAL,TICK,0,110174,0
1762010015249,BTC-PERPETUAL,TICK,0,110166,0
1762010015255,BTC-PERPETUAL,TICK,0,110166,0
1762010015262,BTC-PERPETUAL,TICK,0,110166,0
1762010015266,BTC-PERPETUAL,TICK,0,110166,0
1762010015300,BTC-PERPETUAL,TICK,0,110174,0
1762010015305,BTC-PERPETUAL,TICK,0,110174,0
1762010015340,BTC-PERPETUAL,TICK,0,110166,0
1762010015344,BTC-PERPETUAL,TICK,0,110166,0
1762010015350,BTC-PERPETUAL,TICK,0,110166,0
1762010015354,BTC-PERPETUAL,TICK,0,110166,0
1762010015385,BTC-PERPETUAL,TICK,0,110173,0
1762010015391,BTC-PERPETUAL,TICK,0,110173,0
1762010015431,BTC-PERPETUAL,TICK,0,110166,0
1762010015436,BTC-PERPETUAL,TICK,0,110166,0
1762010015443,BTC-PERPETUAL,TICK,0,110166,0
1762010015448,BTC-PERPETUAL,TICK,0,110166,0
1762010016486,BTC-PERPETUAL,TICK,0,0,0
1762010016490,BTC-PERPETUAL,TICK,0,0,0
1762010016794,BTC-PERPETUAL,TICK,0,110160,0
1762010016801,BTC-PERPETUAL,TICK,0,110158,0
1762010016805,BTC-PERPETUAL,TICK,0,110160,0
1762010016809,BTC-PERPETUAL,TICK,0,110158,0
1762010016812,BTC-PERPETUAL,TICK,0,110158,0
1762010016816,BTC-PERPETUAL,TICK,0,110158,0
1762010016819,BTC-PERPETUAL,TICK,0,110158,0
1762010016823,BTC-PERPETUAL,TICK,0,110158,0
1762010016826,BTC-PERPETUAL,TICK,0,110158,0
1762010016829,BTC-PERPETUAL,TICK,0,110158,0
1762010017290,BTC-PERPETUAL,TICK,0,110157,0
1762010017295,BTC-PERPETUAL,TICK,0,110157,0
1762010017469,ETH-PERPETUAL,TICK,0,3892.75,0
1762010017473,ETH-PERPETUAL,TICK,0,3892.75,0
1762010017506,ETH-PERPETUAL,TICK,0,3889.6,0
1762010017511,ETH-PERPETUAL,TICK,0,3889.6,0
1762010017543,ETH-PERPETUAL,TICK,0,3892.7,0
1762010017547,ETH-PERPETUAL,TICK,0,3892.7,0
1762010017576,ETH-PERPETUAL,TICK,0,3889.65,0
1762010017581,ETH-PERPETUAL,TICK,0,3889.65,0
1762010017615,ETH-PERPETUAL,TICK,0,3892.65,0
1762010017619,ETH-PERPETUAL,TICK,0,3892.65,0
1762010017651,ETH-PERPETUAL,TICK,0,3889.75,0
1762010017656,ETH-PERPETUAL,TICK,0,3889.75,0
1762010017689,ETH-PERPETUAL,TICK,0,3892.5,0
1762010017695,ETH-PERPETUAL,TICK,0,3892.5,0
1762010017732,ETH-PERPETUAL,TICK,0,3889.8,0
1762010017736,ETH-PERPETUAL,TICK,0,3889.8,0
1762010017773,ETH-PERPETUAL,TICK,0,3892.4,0
1762010017778,ETH-PERPETUAL,TICK,0,3892.4,0
1762010017812,ETH-PERPETUAL,TICK,0,3889.85,0
1762010017815,ETH-PERPETUAL,TICK,0,3889.85,0
1762010017851,ETH-PERPETUAL,TICK,0,3892.35,0
1762010017857,ETH-PERPETUAL,TICK,0,3892.35,0
1762010017892,ETH-PERPETUAL,TICK,0,3889.9,0
1762010017897,ETH-PERPETUAL,TICK,0,3889.9,0
1762010017937,ETH-PERPETUAL,TICK,0,3892.3,0
1762010017942,ETH-PERPETUAL,TICK,0,3892.3,0
1762010017977,ETH-PERPETUAL,TICK,0,3890,0
1762010017982,ETH-PERPETUAL,TICK,0,3890,0
1762010018014,ETH-PERPETUAL,TICK,0,3892.25,0
1762010018019,ETH-PERPETUAL,TICK,0,3892.25,0
1762010018051,ETH-PERPETUAL,TICK,0,3890.05,0
1762010018057,ETH-PERPETUAL,TICK,0,3890.05,0
1762010018090,ETH-PERPETUAL,TICK,0,3892.2,0
1762010018096,ETH-PERPETUAL,TICK,0,3892.2,0
1762010018130,ETH-PERPETUAL,TICK,0,3890.15,0
1762010018135,ETH-PERPETUAL,TICK,0,3890.15,0
1762010018167,ETH-PERPETUAL,TICK,0,3892.15,0
1762010018171,ETH-PERPETUAL,TICK,0,3892.15,0
1762010018207,ETH-PERPETUAL,TICK,0,3892,0
1762010018212,ETH-PERPETUAL,TICK,0,3892,0
1762010018249,ETH-PERPETUAL,TICK,0,3890.4,0
1762010018253,ETH-PERPETUAL,TICK,0,3890.4,0
1762010018291,ETH-PERPETUAL,TICK,0,3891.95,0
1762010018297,ETH-PERPETUAL,TICK,0,3891.95,0
1762010018334,ETH-PERPETUAL,TICK,0,3890.5,0
1762010018339,ETH-PERPETUAL,TICK,0,3890.5,0
1762010018371,ETH-PERPETUAL,TICK,0,3891.85,0
1762010018377,ETH-PERPETUAL,TICK,0,3891.85,0
1762010018408,ETH-PERPETUAL,TICK,0,3890.55,0
1762010018413,ETH-PERPETUAL,TICK,0,3890.55,0
1762010018450,ETH-PERPETUAL,TICK,0,3891.75,0
1762010018455,ETH-PERPETUAL,TICK,0,3891.75,0
1762010018490,ETH-PERPETUAL,TICK,0,3890.6,0
1762010018494,ETH-PERPETUAL,TICK,0,3890.6,0
1762010018528,ETH-PERPETUAL,TICK,0,3891.7,0
1762010018535,ETH-PERPETUAL,TICK,0,3891.7,0
1762010018569,ETH-PERPETUAL,TICK,0,3890.65,0
1762010018574,ETH-PERPETUAL,TICK,0,3890.65,0
1762010018612,ETH-PERPETUAL,TICK,0,3891.65,0
1762010018617,ETH-PERPETUAL,TICK,0,3891.65,0
1762010018652,ETH-PERPETUAL,TICK,0,3890.75,0
1762010018657,ETH-PERPETUAL,TICK,0,3890.75,0
1762010018692,ETH-PERPETUAL,TICK,0,3891.6,0
1762010018698,ETH-PERPETUAL,TICK,0,3891.6,0
1762010018734,ETH-PERPETUAL,TICK,0,3890.8,0
1762010018738,ETH-PERPETUAL,TICK,0,3890.8,0
1762010018778,ETH-PERPETUAL,TICK,0,3891.55,0
1762010018783,ETH-PERPETUAL,TICK,0,3891.55,0
1762010018820,ETH-PERPETUAL,TICK,0,3890.85,0
1762010018825,ETH-PERPETUAL,TICK,0,3890.85,0
1762010018864,ETH-PERPETUAL,TICK,0,3891.5,0
1762010018871,ETH-PERPETUAL,TICK,0,3891.5,0
1762010018910,ETH-PERPETUAL,TICK,0,3891.05,0
1762010018914,ETH-PERPETUAL,TICK,0,3891.05,0
1762010018949,BTC-PERPETUAL,TICK,0,110173,0
1762010018955,BTC-PERPETUAL,TICK,0,110173,0
1762010018991,ETH-PERPETUAL,TICK,0,3891.15,0
1762010018994,ETH-PERPETUAL,TICK,0,3891.15,0
1762010019030,ETH-PERPETUAL,TICK,0,3891.1,0
1762010019035,ETH-PERPETUAL,TICK,0,3891.1,0
1762010019068,BTC-PERPETUAL,TICK,0,110194,0
1762010019073,BTC-PERPETUAL,TICK,0,110194,0
1762010019107,BTC-PERPETUAL,TICK,0,110152,0
1762010019114,BTC-PERPETUAL,TICK,0,110152,0
1762010019146,BTC-PERPETUAL,TICK,0,110194,0
1762010019152,BTC-PERPETUAL,TICK,0,110194,0
1762010019188,BTC-PERPETUAL,TICK,0,110193,0
1762010019193,BTC-PERPETUAL,TICK,0,110193,0
1762010019226,BTC-PERPETUAL,TICK,0,110154,0
1762010019232,BTC-PERPETUAL,TICK,0,110154,0
1762010019267,BTC-PERPETUAL,TICK,0,110192,0
1762010019273,BTC-PERPETUAL,TICK,0,110192,0
1762010019308,BTC-PERPETUAL,TICK,0,110155,0
1762010019312,BTC-PERPETUAL,TICK,0,110155,0
1762010019351,BTC-PERPETUAL,TICK,0,110192,0
1762010019358,BTC-PERPETUAL,TICK,0,110192,0
1762010019396,BTC-PERPETUAL,TICK,0,110156,0
1762010019403,BTC-PERPETUAL,TICK,0,110156,0
1762010019440,BTC-PERPETUAL,TICK,0,110192,0
1762010019445,BTC-PERPETUAL,TICK,0,110192,0
1762010019479,BTC-PERPETUAL,TICK,0,110157,0
1762010019484,BTC-PERPETUAL,TICK,0,110157,0
1762010019490,BTC-PERPETUAL,TICK,0,110157,0
1762010019494,BTC-PERPETUAL,TICK,0,110157,0
1762010019523,BTC-PERPETUAL,TICK,0,110188,0
1762010019528,BTC-PERPETUAL,TICK,0,110188,0
1762010019567,BTC-PERPETUAL,TICK,0,110157,0
1762010019573,BTC-PERPETUAL,TICK,0,110157,0
1762010019578,BTC-PERPETUAL,TICK,0,110157,0
1762010019582,BTC-PERPETUAL,TICK,0,110157,0
1762010019610,BTC-PERPETUAL,TICK,0,110187,0
1762010019615,BTC-PERPETUAL,TICK,0,110187,0
1762010019647,BTC-PERPETUAL,TICK,0,110157,0
1762010019654,BTC-PERPETUAL,TICK,0,110158,0
1762010019659,BTC-PERPETUAL,TICK,0,110157,0
1762010019665,BTC-PERPETUAL,TICK,0,110158,0
1762010019670,BTC-PERPETUAL,TICK,0,110158,0
1762010019674,BTC-PERPETUAL,TICK,0,110158,0
1762010019698,BTC-PERPETUAL,TICK,0,110186,0
1762010019702,BTC-PERPETUAL,TICK,0,110186,0
1762010019742,BTC-PERPETUAL,TICK,0,110158,0
1762010019746,BTC-PERPETUAL,TICK,0,110158,0
1762010019751,BTC-PERPETUAL,TICK,0,110165,0
1762010019756,BTC-PERPETUAL,TICK,0,110165,0
1762010019786,BTC-PERPETUAL,TICK,0,110184,0
1762010019793,BTC-PERPETUAL,TICK,0,110184,0
1762010019829,BTC-PERPETUAL,TICK,0,110166,0
1762010019834,BTC-PERPETUAL,TICK,0,110166,0
1762010019873,BTC-PERPETUAL,TICK,0,110183,0
1762010019878,BTC-PERPETUAL,TICK,0,110183,0
1762010019915,BTC-PERPETUAL,TICK,0,110167,0
1762010019921,BTC-PERPETUAL,TICK,0,110167,0
1762010019956,BTC-PERPETUAL,TICK,0,110182,0
1762010019961,BTC-PERPETUAL,TICK,0,110182,0
1762010019996,BTC-PERPETUAL,TICK,0,110168,0
1762010020001,BTC-PERPETUAL,TICK,0,110168,0
1762010020035,BTC-PERPETUAL,TICK,0,110181,0
1762010020041,BTC-PERPETUAL,TICK,0,110181,0
1762010020074,BTC-PERPETUAL,TICK,0,110169,0
1762010020080,BTC-PERPETUAL,TICK,0,110169,0
1762010020113,BTC-PERPETUAL,TICK,0,110180,0
1762010020118,BTC-PERPETUAL,TICK,0,110180,0
1762010020152,BTC-PERPETUAL,TICK,0,110170,0
1762010020157,BTC-PERPETUAL,TICK,0,110170,0
1762010020195,BTC-PERPETUAL,TICK,0,110180,0
1762010020201,BTC-PERPETUAL,TICK,0,110180,0
1762010020235,BTC-PERPETUAL,TICK,0,110170,0
1762010020241,BTC-PERPETUAL,TICK,0,110170,0
1762010020289,BTC-PERPETUAL,TICK,0,110176,0
1762010020294,BTC-PERPETUAL,TICK,0,110176,0
1762010020331,BTC-PERPETUAL,TICK,0,110170,0
1762010020335,BTC-PERPETUAL,TICK,0,110170,0
1762010020371,BTC-PERPETUAL,TICK,0,110176,0
1762010020377,BTC-PERPETUAL,TICK,0,110176,0
1762010020413,BTC-PERPETUAL,TICK,0,110171,0
1762010020417,BTC-PERPETUAL,TICK,0,110171,0
1762010020453,BTC-PERPETUAL,TICK,0,110174,0
1762010020458,BTC-PERPETUAL,TICK,0,110174,0
1762010020492,BTC-PERPETUAL,TICK,0,110172,0
1762010020498,BTC-PERPETUAL,TICK,0,110172,0
1762010020534,BTC-PERPETUAL,TICK,0,110174,0
1762010020538,BTC-PERPETUAL,TICK,0,110174,0
1762010020574,BTC-PERPETUAL,TICK,0,110172,0
1762010020579,BTC-PERPETUAL,TICK,0,110172,0
1762010020618,BTC-PERPETUAL,TICK,0,110173,0
1762010020625,BTC-PERPETUAL,TICK,0,110173,0
1762010020678,BTC-PERPETUAL,TICK,0,110172,0
1762010020682,BTC-PERPETUAL,TICK,0,110172,0
1762010022733,ETH-PERPETUAL,TICK,0,3892.8,0
1762010022737,ETH-PERPETUAL,TICK,0,3892.8,0
1762010022773,ETH-PERPETUAL,TICK,0,3889.6,0
1762010022776,ETH-PERPETUAL,TICK,0,3889.6,0
1762010022805,ETH-PERPETUAL,TICK,0,3892.75,0
1762010022809,ETH-PERPETUAL,TICK,0,3892.75,0
1762010022837,ETH-PERPETUAL,TICK,0,3889.65,0
1762010022841,ETH-PERPETUAL,TICK,0,3889.65,0
1762010022869,ETH-PERPETUAL,TICK,0,3892.7,0
1762010022873,ETH-PERPETUAL,TICK,0,3892.7,0
1762010022902,ETH-PERPETUAL,TICK,0,3889.75,0
1762010022906,ETH-PERPETUAL,TICK,0,3889.75,0
1762010022934,ETH-PERPETUAL,TICK,0,3892.5,0
1762010022939,ETH-PERPETUAL,TICK,0,3892.5,0
1762010022970,ETH-PERPETUAL,TICK,0,3889.8,0
1762010022974,ETH-PERPETUAL,TICK,0,3889.8,0
1762010023006,ETH-PERPETUAL,TICK,0,3892.4,0
1762010023011,ETH-PERPETUAL,TICK,0,3892.4,0
1762010023043,ETH-PERPETUAL,TICK,0,3889.85,0
1762010023048,ETH-PERPETUAL,TICK,0,3889.85,0
1762010023084,ETH-PERPETUAL,TICK,0,3892.35,0
1762010023092,ETH-PERPETUAL,TICK,0,3892.35,0
1762010023127,ETH-PERPETUAL,TICK,0,3889.9,0
1762010023132,ETH-PERPETUAL,TICK,0,3889.9,0
1762010023170,ETH-PERPETUAL,TICK,0,3892.3,0
1762010023177,ETH-PERPETUAL,TICK,0,3892.3,0
1762010023213,ETH-PERPETUAL,TICK,0,3890,0
1762010023218,ETH-PERPETUAL,TICK,0,3890,0
1762010023249,ETH-PERPETUAL,TICK,0,3892.25,0
1762010023255,ETH-PERPETUAL,TICK,0,3892.25,0
1762010023287,ETH-PERPETUAL,TICK,0,3890.05,0
1762010023292,ETH-PERPETUAL,TICK,0,3890.05,0
1762010023326,ETH-PERPETUAL,TICK,0,3892.2,0
1762010023331,ETH-PERPETUAL,TICK,0,3892.2,0
1762010023364,ETH-PERPETUAL,TICK,0,3890.1,0
1762010023369,ETH-PERPETUAL,TICK,0,3890.1,0
1762010023398,ETH-PERPETUAL,TICK,0,3892.15,0
1762010023403,ETH-PERPETUAL,TICK,0,3892.15,0
1762010023433,ETH-PERPETUAL,TICK,0,3890.15,0
1762010023437,ETH-PERPETUAL,TICK,0,3890.15,0
1762010023468,ETH-PERPETUAL,TICK,0,3892,0
1762010023472,ETH-PERPETUAL,TICK,0,3892,0
1762010023506,ETH-PERPETUAL,TICK,0,3891.95,0
1762010023512,ETH-PERPETUAL,TICK,0,3891.95,0
1762010023545,ETH-PERPETUAL,TICK,0,3890.4,0
1762010023550,ETH-PERPETUAL,TICK,0,3890.4,0
1762010023587,ETH-PERPETUAL,TICK,0,3891.85,0
1762010023592,ETH-PERPETUAL,TICK,0,3891.85,0
1762010023629,ETH-PERPETUAL,TICK,0,3890.5,0
1762010023637,ETH-PERPETUAL,TICK,0,3890.5,0
1762010023675,ETH-PERPETUAL,TICK,0,3891.75,0
1762010023680,ETH-PERPETUAL,TICK,0,3891.75,0
1762010023714,ETH-PERPETUAL,TICK,0,3890.55,0
1762010023718,ETH-PERPETUAL,TICK,0,3890.55,0
1762010023752,ETH-PERPETUAL,TICK,0,3891.7,0
1762010023757,ETH-PERPETUAL,TICK,0,3891.7,0
1762010023791,ETH-PERPETUAL,TICK,0,3890.6,0
1762010023798,ETH-PERPETUAL,TICK,0,3890.6,0
1762010023828,ETH-PERPETUAL,TICK,0,3891.65,0
1762010023833,ETH-PERPETUAL,TICK,0,3891.65,0
1762010023863,ETH-PERPETUAL,TICK,0,3890.65,0
1762010023867,ETH-PERPETUAL,TICK,0,3890.65,0
1762010023897,ETH-PERPETUAL,TICK,0,3891.6,0
1762010023901,ETH-PERPETUAL,TICK,0,3891.6,0
1762010023933,ETH-PERPETUAL,TICK,0,3890.75,0
1762010023937,ETH-PERPETUAL,TICK,0,3890.75,0
1762010023965,ETH-PERPETUAL,TICK,0,3891.55,0
1762010023970,ETH-PERPETUAL,TICK,0,3891.55,0
1762010023999,ETH-PERPETUAL,TICK,0,3890.8,0
1762010024005,ETH-PERPETUAL,TICK,0,3890.8,0
1762010024032,ETH-PERPETUAL,TICK,0,3891.5,0
1762010024037,ETH-PERPETUAL,TICK,0,3891.5,0
1762010024066,ETH-PERPETUAL,TICK,0,3891.05,0
1762010024070,ETH-PERPETUAL,TICK,0,3891.05,0
1762010024101,ETH-PERPETUAL,TICK,0,3891.15,0
1762010024106,ETH-PERPETUAL,TICK,0,3891.15,0
1762010024139,ETH-PERPETUAL,TICK,0,3891.1,0
1762010024143,ETH-PERPETUAL,TICK,0,3891.1,0
1762010024298,BTC-PERPETUAL,TICK,0,110194,0
1762010024304,BTC-PERPETUAL,TICK,0,110194,0
1762010024343,BTC-PERPETUAL,TICK,0,110150,0
1762010024348,BTC-PERPETUAL,TICK,0,110150,0
1762010024383,BTC-PERPETUAL,TICK,0,110193,0
1762010024391,BTC-PERPETUAL,TICK,0,110193,0
1762010024426,BTC-PERPETUAL,TICK,0,110151,0
1762010024430,BTC-PERPETUAL,TICK,0,110151,0
1762010024465,BTC-PERPETUAL,TICK,0,110192,0
1762010024469,BTC-PERPETUAL,TICK,0,110192,0
1762010024506,BTC-PERPETUAL,TICK,0,110152,0
1762010024512,BTC-PERPETUAL,TICK,0,110152,0
1762010024546,BTC-PERPETUAL,TICK,0,110192,0
1762010024550,BTC-PERPETUAL,TICK,0,110192,0
1762010024582,BTC-PERPETUAL,TICK,0,110152,0
1762010024586,BTC-PERPETUAL,TICK,0,110152,0
1762010024620,BTC-PERPETUAL,TICK,0,110188,0
1762010024625,BTC-PERPETUAL,TICK,0,110188,0
1762010024653,BTC-PERPETUAL,TICK,0,110153,0
1762010024657,BTC-PERPETUAL,TICK,0,110153,0
1762010024686,BTC-PERPETUAL,TICK,0,110188,0
1762010024690,BTC-PERPETUAL,TICK,0,110188,0
1762010024720,BTC-PERPETUAL,TICK,0,110154,0
1762010024725,BTC-PERPETUAL,TICK,0,110154,0
1762010024758,BTC-PERPETUAL,TICK,0,110187,0
1762010024762,BTC-PERPETUAL,TICK,0,110187,0
1762010024796,BTC-PERPETUAL,TICK,0,110158,0
1762010024801,BTC-PERPETUAL,TICK,0,110158,0
1762010024837,BTC-PERPETUAL,TICK,0,110186,0
1762010024843,BTC-PERPETUAL,TICK,0,110186,0
1762010024878,BTC-PERPETUAL,TICK,0,110158,0
1762010024885,BTC-PERPETUAL,TICK,0,110158,0
1762010024923,BTC-PERPETUAL,TICK,0,110184,0
1762010024945,BTC-PERPETUAL,TICK,0,110184,0
1762010024965,BTC-PERPETUAL,TICK,0,110159,0
1762010024973,BTC-PERPETUAL,TICK,0,110159,0
1762010025008,BTC-PERPETUAL,TICK,0,110160,0
1762010025014,BTC-PERPETUAL,TICK,0,110160,0
1762010025050,BTC-PERPETUAL,TICK,0,110182,0
1762010025054,BTC-PERPETUAL,TICK,0,110182,0
1762010025093,BTC-PERPETUAL,TICK,0,110161,0
1762010025098,BTC-PERPETUAL,TICK,0,110161,0
1762010025130,BTC-PERPETUAL,TICK,0,110182,0
1762010025135,BTC-PERPETUAL,TICK,0,110182,0
1762010025168,BTC-PERPETUAL,TICK,0,0,0
1762010025172,BTC-PERPETUAL,TICK,0,0,0
1762010025202,BTC-PERPETUAL,TICK,0,110180,0
1762010025207,BTC-PERPETUAL,TICK,0,110180,0
1762010025237,BTC-PERPETUAL,TICK,0,110166,0
1762010025241,BTC-PERPETUAL,TICK,0,110166,0
1762010025273,BTC-PERPETUAL,TICK,0,110180,0
1762010025278,BTC-PERPETUAL,TICK,0,110180,0
1762010025308,BTC-PERPETUAL,TICK,0,110166,0
1762010025314,BTC-PERPETUAL,TICK,0,110166,0
1762010025344,BTC-PERPETUAL,TICK,0,110178,0
1762010025350,BTC-PERPETUAL,TICK,0,110178,0
1762010025383,BTC-PERPETUAL,TICK,0,110166,0
1762010025389,BTC-PERPETUAL,TICK,0,110166,0
1762010025423,BTC-PERPETUAL,TICK,0,110176,0
1762010025428,BTC-PERPETUAL,TICK,0,110176,0
1762010025462,BTC-PERPETUAL,TICK,0,110167,0
1762010025468,BTC-PERPETUAL,TICK,0,110167,0
1762010025500,BTC-PERPETUAL,TICK,0,110176,0
1762010025505,BTC-PERPETUAL,TICK,0,110176,0
1762010025537,BTC-PERPETUAL,TICK,0,110168,0
1762010025543,BTC-PERPETUAL,TICK,0,110168,0
1762010025578,BTC-PERPETUAL,TICK,0,110174,0
1762010025583,BTC-PERPETUAL,TICK,0,110174,0
1762010025613,BTC-PERPETUAL,TICK,0,110168,0
1762010025616,BTC-PERPETUAL,TICK,0,110168,0
1762010025648,BTC-PERPETUAL,TICK,0,110174,0
1762010025652,BTC-PERPETUAL,TICK,0,110174,0
1762010025681,BTC-PERPETUAL,TICK,0,110168,0
1762010025686,BTC-PERPETUAL,TICK,0,110168,0
1762010025720,BTC-PERPETUAL,TICK,0,110173,0
1762010025724,BTC-PERPETUAL,TICK,0,110173,0
1762010025759,BTC-PERPETUAL,TICK,0,110172,0
1762010025764,BTC-PERPETUAL,TICK,0,110172,0
1762010026571,BTC-PERPETUAL,TICK,0,110170,0
1762010026575,BTC-PERPETUAL,TICK,0,110170,0
1762010028004,ETH-PERPETUAL,TICK,0,3892.8,0
1762010028014,ETH-PERPETUAL,TICK,0,3892.8,0
1762010028043,ETH-PERPETUAL,TICK,0,3889.5,0
1762010028047,ETH-PERPETUAL,TICK,0,3889.5,0
1762010028073,ETH-PERPETUAL,TICK,0,3892.75,0
1762010028078,ETH-PERPETUAL,TICK,0,3892.75,0
1762010028104,ETH-PERPETUAL,TICK,0,3889.6,0
1762010028108,ETH-PERPETUAL,TICK,0,3889.6,0
1762010028134,ETH-PERPETUAL,TICK,0,3892.7,0
1762010028137,ETH-PERPETUAL,TICK,0,3892.7,0
1762010028163,ETH-PERPETUAL,TICK,0,3889.65,0
1762010028167,ETH-PERPETUAL,TICK,0,3889.65,0
1762010028193,ETH-PERPETUAL,TICK,0,3892.65,0
1762010028198,ETH-PERPETUAL,TICK,0,3892.65,0
1762010028225,ETH-PERPETUAL,TICK,0,3889.75,0
1762010028229,ETH-PERPETUAL,TICK,0,3889.75,0
1762010028259,ETH-PERPETUAL,TICK,0,3892.5,0
1762010028264,ETH-PERPETUAL,TICK,0,3892.5,0
1762010028292,ETH-PERPETUAL,TICK,0,3889.8,0
1762010028296,ETH-PERPETUAL,TICK,0,3889.8,0
1762010028322,ETH-PERPETUAL,TICK,0,3892.45,0
1762010028327,ETH-PERPETUAL,TICK,0,3892.45,0
1762010028354,ETH-PERPETUAL,TICK,0,3889.85,0
1762010028359,ETH-PERPETUAL,TICK,0,3889.85,0
1762010028385,ETH-PERPETUAL,TICK,0,3892.4,0
1762010028388,ETH-PERPETUAL,TICK,0,3892.4,0
1762010028415,ETH-PERPETUAL,TICK,0,3889.9,0
1762010028420,ETH-PERPETUAL,TICK,0,3889.9,0
1762010028449,ETH-PERPETUAL,TICK,0,3892.35,0
1762010028452,ETH-PERPETUAL,TICK,0,3892.35,0
1762010028479,ETH-PERPETUAL,TICK,0,3890,0
1762010028484,ETH-PERPETUAL,TICK,0,3890,0
1762010028510,ETH-PERPETUAL,TICK,0,3892.3,0
1762010028515,ETH-PERPETUAL,TICK,0,3892.3,0
1762010028542,ETH-PERPETUAL,TICK,0,3890.05,0
1762010028547,ETH-PERPETUAL,TICK,0,3890.05,0
1762010028572,ETH-PERPETUAL,TICK,0,3892.25,0
1762010028576,ETH-PERPETUAL,TICK,0,3892.25,0
1762010028604,ETH-PERPETUAL,TICK,0,3890.25,0
1762010028609,ETH-PERPETUAL,TICK,0,3890.25,0
1762010028637,ETH-PERPETUAL,TICK,0,3892.2,0
1762010028641,ETH-PERPETUAL,TICK,0,3892.2,0
1762010028671,ETH-PERPETUAL,TICK,0,3890.3,0
1762010028675,ETH-PERPETUAL,TICK,0,3890.3,0
1762010028703,ETH-PERPETUAL,TICK,0,3892.15,0
1762010028706,ETH-PERPETUAL,TICK,0,3892.15,0
1762010028738,ETH-PERPETUAL,TICK,0,3890.35,0
1762010028742,ETH-PERPETUAL,TICK,0,3890.35,0
1762010028773,ETH-PERPETUAL,TICK,0,3892,0
1762010028777,ETH-PERPETUAL,TICK,0,3892,0
1762010028807,ETH-PERPETUAL,TICK,0,3890.4,0
1762010028810,ETH-PERPETUAL,TICK,0,3890.4,0
1762010028838,ETH-PERPETUAL,TICK,0,3891.95,0
1762010028843,ETH-PERPETUAL,TICK,0,3891.95,0
1762010028869,ETH-PERPETUAL,TICK,0,3890.5,0
1762010028873,ETH-PERPETUAL,TICK,0,3890.5,0
1762010028901,ETH-PERPETUAL,TICK,0,3891.85,0
1762010028905,ETH-PERPETUAL,TICK,0,3891.85,0
1762010028934,ETH-PERPETUAL,TICK,0,3890.55,0
1762010028939,ETH-PERPETUAL,TICK,0,3890.55,0
1762010028967,ETH-PERPETUAL,TICK,0,3891.75,0
1762010028971,ETH-PERPETUAL,TICK,0,3891.75,0
1762010028999,ETH-PERPETUAL,TICK,0,3890.6,0
1762010029004,ETH-PERPETUAL,TICK,0,3890.6,0
1762010029031,ETH-PERPETUAL,TICK,0,3891.6,0
1762010029035,ETH-PERPETUAL,TICK,0,3891.6,0
1762010029063,ETH-PERPETUAL,TICK,0,3890.65,0
1762010029068,ETH-PERPETUAL,TICK,0,3890.65,0
1762010029101,ETH-PERPETUAL,TICK,0,3891.55,0
1762010029104,ETH-PERPETUAL,TICK,0,3891.55,0
1762010029137,ETH-PERPETUAL,TICK,0,3890.75,0
1762010029142,ETH-PERPETUAL,TICK,0,3890.75,0
1762010029171,ETH-PERPETUAL,TICK,0,3891.4,0
1762010029177,ETH-PERPETUAL,TICK,0,3891.4,0
1762010029209,ETH-PERPETUAL,TICK,0,3890.8,0
1762010029214,ETH-PERPETUAL,TICK,0,3890.8,0
1762010029244,ETH-PERPETUAL,TICK,0,3891.15,0
1762010029248,ETH-PERPETUAL,TICK,0,3891.15,0
1762010029280,ETH-PERPETUAL,TICK,0,3891.1,0
1762010029285,ETH-PERPETUAL,TICK,0,3891.1,0
1762010029564,BTC-PERPETUAL,TICK,0,110192,0
1762010029571,BTC-PERPETUAL,TICK,0,110192,0
1762010029611,BTC-PERPETUAL,TICK,0,110143,0
1762010029616,BTC-PERPETUAL,TICK,0,110143,0
1762010029648,BTC-PERPETUAL,TICK,0,110192,0
1762010029652,BTC-PERPETUAL,TICK,0,110192,0
1762010029682,BTC-PERPETUAL,TICK,0,110144,0
1762010029686,BTC-PERPETUAL,TICK,0,110144,0
1762010029717,BTC-PERPETUAL,TICK,0,110191,0
1762010029721,BTC-PERPETUAL,TICK,0,110191,0
1762010029749,BTC-PERPETUAL,TICK,0,110144,0
1762010029754,BTC-PERPETUAL,TICK,0,110144,0
1762010029781,BTC-PERPETUAL,TICK,0,110190,0
1762010029786,BTC-PERPETUAL,TICK,0,110190,0
1762010029815,BTC-PERPETUAL,TICK,0,110144,0
1762010029818,BTC-PERPETUAL,TICK,0,110144,0
1762010029847,BTC-PERPETUAL,TICK,0,110188,0
1762010029851,BTC-PERPETUAL,TICK,0,110188,0
1762010029878,BTC-PERPETUAL,TICK,0,110146,0
1762010029883,BTC-PERPETUAL,TICK,0,110146,0
1762010029910,BTC-PERPETUAL,TICK,0,110188,0
1762010029915,BTC-PERPETUAL,TICK,0,110188,0
1762010029941,BTC-PERPETUAL,TICK,0,110148,0
1762010029945,BTC-PERPETUAL,TICK,0,110148,0
1762010029974,BTC-PERPETUAL,TICK,0,110187,0
1762010029979,BTC-PERPETUAL,TICK,0,110187,0
1762010030006,BTC-PERPETUAL,TICK,0,110148,0
1762010030010,BTC-PERPETUAL,TICK,0,110148,0
1762010030038,BTC-PERPETUAL,TICK,0,110186,0
1762010030042,BTC-PERPETUAL,TICK,0,110186,0
1762010030069,BTC-PERPETUAL,TICK,0,110149,0
1762010030073,BTC-PERPETUAL,TICK,0,110149,0
1762010030107,BTC-PERPETUAL,TICK,0,110184,0
1762010030111,BTC-PERPETUAL,TICK,0,110184,0
1762010030138,BTC-PERPETUAL,TICK,0,110150,0
1762010030143,BTC-PERPETUAL,TICK,0,110150,0
1762010030170,BTC-PERPETUAL,TICK,0,110183,0
1762010030174,BTC-PERPETUAL,TICK,0,110183,0
1762010030201,BTC-PERPETUAL,TICK,0,110150,0
1762010030206,BTC-PERPETUAL,TICK,0,110150,0
1762010030233,BTC-PERPETUAL,TICK,0,110182,0
1762010030237,BTC-PERPETUAL,TICK,0,110182,0
1762010030266,BTC-PERPETUAL,TICK,0,110152,0
1762010030271,BTC-PERPETUAL,TICK,0,110152,0
1762010030299,BTC-PERPETUAL,TICK,0,110182,0
1762010030303,BTC-PERPETUAL,TICK,0,110182,0
1762010030331,BTC-PERPETUAL,TICK,0,110152,0
1762010030335,BTC-PERPETUAL,TICK,0,110152,0
1762010030363,BTC-PERPETUAL,TICK,0,110180,0
1762010030367,BTC-PERPETUAL,TICK,0,110180,0
1762010030396,BTC-PERPETUAL,TICK,0,110154,0
1762010030399,BTC-PERPETUAL,TICK,0,110154,0
1762010030428,BTC-PERPETUAL,TICK,0,110177,0
1762010030432,BTC-PERPETUAL,TICK,0,110177,0
1762010030460,BTC-PERPETUAL,TICK,0,110156,0
1762010030464,BTC-PERPETUAL,TICK,0,110156,0
1762010030493,BTC-PERPETUAL,TICK,0,110176,0
1762010030497,BTC-PERPETUAL,TICK,0,110176,0
1762010030525,BTC-PERPETUAL,TICK,0,110156,0
1762010030530,BTC-PERPETUAL,TICK,0,110156,0
1762010030558,BTC-PERPETUAL,TICK,0,110176,0
1762010030562,BTC-PERPETUAL,TICK,0,110176,0
1762010030591,BTC-PERPETUAL,TICK,0,110158,0
1762010030596,BTC-PERPETUAL,TICK,0,110158,0
1762010030623,BTC-PERPETUAL,TICK,0,110176,0
1762010030626,BTC-PERPETUAL,TICK,0,110176,0
1762010030655,BTC-PERPETUAL,TICK,0,110160,0
1762010030660,BTC-PERPETUAL,TICK,0,110160,0
1762010030691,BTC-PERPETUAL,TICK,0,110174,0
1762010030695,BTC-PERPETUAL,TICK,0,110174,0
1762010030723,BTC-PERPETUAL,TICK,0,110161,0
1762010030726,BTC-PERPETUAL,TICK,0,110161,0
1762010030756,BTC-PERPETUAL,TICK,0,110174,0
1762010030761,BTC-PERPETUAL,TICK,0,110174,0
1762010030789,BTC-PERPETUAL,TICK,0,110165,0
1762010030794,BTC-PERPETUAL,TICK,0,110165,0
1762010030824,BTC-PERPETUAL,TICK,0,110173,0
1762010030828,BTC-PERPETUAL,TICK,0,110173,0
1762010030858,BTC-PERPETUAL,TICK,0,110172,0
1762010030863,BTC-PERPETUAL,TICK,0,110172,0
1762010033267,ETH-PERPETUAL,TICK,0,3892.5,0
1762010033273,ETH-PERPETUAL,TICK,0,3892.5,0
1762010033312,ETH-PERPETUAL,TICK,0,3889.5,0
1762010033316,ETH-PERPETUAL,TICK,0,3889.5,0
1762010033346,ETH-PERPETUAL,TICK,0,3892.45,0
1762010033350,ETH-PERPETUAL,TICK,0,3892.45,0
1762010033378,ETH-PERPETUAL,TICK,0,3889.55,0
1762010033382,ETH-PERPETUAL,TICK,0,3889.55,0
1762010033407,ETH-PERPETUAL,TICK,0,3892.4,0
1762010033411,ETH-PERPETUAL,TICK,0,3892.4,0
1762010033436,ETH-PERPETUAL,TICK,0,3889.6,0
1762010033440,ETH-PERPETUAL,TICK,0,3889.6,0
1762010033465,ETH-PERPETUAL,TICK,0,3892.3,0
1762010033469,ETH-PERPETUAL,TICK,0,3892.3,0
1762010033494,ETH-PERPETUAL,TICK,0,3889.65,0
1762010033498,ETH-PERPETUAL,TICK,0,3889.65,0
1762010033524,ETH-PERPETUAL,TICK,0,3892.25,0
1762010033528,ETH-PERPETUAL,TICK,0,3892.25,0
1762010033556,ETH-PERPETUAL,TICK,0,3889.75,0
1762010033561,ETH-PERPETUAL,TICK,0,3889.75,0
1762010033586,ETH-PERPETUAL,TICK,0,3892.2,0
1762010033590,ETH-PERPETUAL,TICK,0,3892.2,0
1762010033617,ETH-PERPETUAL,TICK,0,3889.8,0
1762010033621,ETH-PERPETUAL,TICK,0,3889.8,0
1762010033648,ETH-PERPETUAL,TICK,0,3892.05,0
1762010033652,ETH-PERPETUAL,TICK,0,3892.05,0
1762010033678,ETH-PERPETUAL,TICK,0,3889.85,0
1762010033683,ETH-PERPETUAL,TICK,0,3889.85,0
1762010033707,ETH-PERPETUAL,TICK,0,3889.9,0
1762010033710,ETH-PERPETUAL,TICK,0,3889.9,0
1762010033738,ETH-PERPETUAL,TICK,0,3891.95,0
1762010033743,ETH-PERPETUAL,TICK,0,3891.95,0
1762010033770,ETH-PERPETUAL,TICK,0,3890,0
1762010033775,ETH-PERPETUAL,TICK,0,3890,0
1762010033802,ETH-PERPETUAL,TICK,0,3891.85,0
1762010033805,ETH-PERPETUAL,TICK,0,3891.85,0
1762010033834,ETH-PERPETUAL,TICK,0,3890.05,0
1762010033839,ETH-PERPETUAL,TICK,0,3890.05,0
1762010033866,ETH-PERPETUAL,TICK,0,3891.75,0
1762010033870,ETH-PERPETUAL,TICK,0,3891.75,0
1762010033898,ETH-PERPETUAL,TICK,0,3890.1,0
1762010033902,ETH-PERPETUAL,TICK,0,3890.1,0
1762010033927,ETH-PERPETUAL,TICK,0,3891.65,0
1762010033932,ETH-PERPETUAL,TICK,0,3891.65,0
1762010033960,ETH-PERPETUAL,TICK,0,3890.3,0
1762010033964,ETH-PERPETUAL,TICK,0,3890.3,0
1762010033990,ETH-PERPETUAL,TICK,0,3891.6,0
1762010033995,ETH-PERPETUAL,TICK,0,3891.6,0
1762010034020,ETH-PERPETUAL,TICK,0,3890.35,0
1762010034025,ETH-PERPETUAL,TICK,0,3890.35,0
1762010034053,ETH-PERPETUAL,TICK,0,3891.55,0
1762010034057,ETH-PERPETUAL,TICK,0,3891.55,0
1762010034086,ETH-PERPETUAL,TICK,0,3890.4,0
1762010034090,ETH-PERPETUAL,TICK,0,3890.4,0
1762010034117,ETH-PERPETUAL,TICK,0,3891.5,0
1762010034121,ETH-PERPETUAL,TICK,0,3891.5,0
1762010034149,ETH-PERPETUAL,TICK,0,3890.5,0
1762010034152,ETH-PERPETUAL,TICK,0,3890.5,0
1762010034183,ETH-PERPETUAL,TICK,0,3891.4,0
1762010034187,ETH-PERPETUAL,TICK,0,3891.4,0
1762010034215,ETH-PERPETUAL,TICK,0,3890.55,0
1762010034220,ETH-PERPETUAL,TICK,0,3890.55,0
1762010034249,ETH-PERPETUAL,TICK,0,3891.2,0
1762010034253,ETH-PERPETUAL,TICK,0,3891.2,0
1762010034281,ETH-PERPETUAL,TICK,0,3890.6,0
1762010034285,ETH-PERPETUAL,TICK,0,3890.6,0
1762010034314,ETH-PERPETUAL,TICK,0,3891.15,0
1762010034318,ETH-PERPETUAL,TICK,0,3891.15,0
1762010034347,ETH-PERPETUAL,TICK,0,3890.65,0
1762010034350,ETH-PERPETUAL,TICK,0,3890.65,0
1762010034379,ETH-PERPETUAL,TICK,0,3891.1,0
1762010034382,ETH-PERPETUAL,TICK,0,3891.1,0
1762010034416,ETH-PERPETUAL,TICK,0,3890.75,0
1762010034421,ETH-PERPETUAL,TICK,0,3890.75,0
1762010034452,ETH-PERPETUAL,TICK,0,3890.85,0
1762010034456,ETH-PERPETUAL,TICK,0,3890.85,0
1762010034485,ETH-PERPETUAL,TICK,0,3890.8,0
1762010034489,ETH-PERPETUAL,TICK,0,3890.8,0
1762010034831,BTC-PERPETUAL,TICK,0,110192,0
1762010034836,BTC-PERPETUAL,TICK,0,110192,0
1762010034871,BTC-PERPETUAL,TICK,0,110147,0
1762010034876,BTC-PERPETUAL,TICK,0,110147,0
1762010034904,BTC-PERPETUAL,TICK,0,110192,0
1762010034907,BTC-PERPETUAL,TICK,0,110192,0
1762010034937,BTC-PERPETUAL,TICK,0,110148,0
1762010034941,BTC-PERPETUAL,TICK,0,110148,0
1762010034967,BTC-PERPETUAL,TICK,0,110192,0
1762010034971,BTC-PERPETUAL,TICK,0,110192,0
1762010035020,BTC-PERPETUAL,TICK,0,110150,0
1762010035028,BTC-PERPETUAL,TICK,0,110150,0
1762010035071,BTC-PERPETUAL,TICK,0,110188,0
1762010035077,BTC-PERPETUAL,TICK,0,110188,0
1762010035121,BTC-PERPETUAL,TICK,0,110150,0
1762010035127,BTC-PERPETUAL,TICK,0,110150,0
1762010035174,BTC-PERPETUAL,TICK,0,110188,0
1762010035181,BTC-PERPETUAL,TICK,0,110188,0
1762010035222,BTC-PERPETUAL,TICK,0,110152,0
1762010035230,BTC-PERPETUAL,TICK,0,110152,0
1762010035273,BTC-PERPETUAL,TICK,0,110187,0
1762010035282,BTC-PERPETUAL,TICK,0,110187,0
1762010035334,BTC-PERPETUAL,TICK,0,110152,0
1762010035341,BTC-PERPETUAL,TICK,0,110152,0
1762010035385,BTC-PERPETUAL,TICK,0,110186,0
1762010035391,BTC-PERPETUAL,TICK,0,110186,0
1762010035426,BTC-PERPETUAL,TICK,0,110154,0
1762010035431,BTC-PERPETUAL,TICK,0,110154,0
1762010035475,BTC-PERPETUAL,TICK,0,110184,0
1762010035481,BTC-PERPETUAL,TICK,0,110184,0
1762010035516,BTC-PERPETUAL,TICK,0,110154,0
1762010035520,BTC-PERPETUAL,TICK,0,110154,0
1762010035555,BTC-PERPETUAL,TICK,0,110183,0
1762010035560,BTC-PERPETUAL,TICK,0,110183,0
1762010035593,BTC-PERPETUAL,TICK,0,110155,0
1762010035598,BTC-PERPETUAL,TICK,0,110155,0
1762010035631,BTC-PERPETUAL,TICK,0,110182,0
1762010035636,BTC-PERPETUAL,TICK,0,110182,0
1762010035674,BTC-PERPETUAL,TICK,0,110156,0
1762010035679,BTC-PERPETUAL,TICK,0,110156,0
1762010035718,BTC-PERPETUAL,TICK,0,110180,0
1762010035724,BTC-PERPETUAL,TICK,0,110180,0
1762010035761,BTC-PERPETUAL,TICK,0,110156,0
1762010035767,BTC-PERPETUAL,TICK,0,110156,0
1762010035800,BTC-PERPETUAL,TICK,0,110180,0
1762010035806,BTC-PERPETUAL,TICK,0,110180,0
1762010035843,BTC-PERPETUAL,TICK,0,110158,0
1762010035848,BTC-PERPETUAL,TICK,0,110158,0
1762010035882,BTC-PERPETUAL,TICK,0,110178,0
1762010035886,BTC-PERPETUAL,TICK,0,110178,0
1762010035920,BTC-PERPETUAL,TICK,0,110160,0
1762010035924,BTC-PERPETUAL,TICK,0,110160,0
1762010035957,BTC-PERPETUAL,TICK,0,110177,0
1762010035962,BTC-PERPETUAL,TICK,0,110177,0
1762010035993,BTC-PERPETUAL,TICK,0,110160,0
1762010035998,BTC-PERPETUAL,TICK,0,110160,0
1762010036028,BTC-PERPETUAL,TICK,0,110176,0
1762010036032,BTC-PERPETUAL,TICK,0,110176,0
1762010036064,BTC-PERPETUAL,TICK,0,110161,0
1762010036070,BTC-PERPETUAL,TICK,0,110161,0
1762010036100,BTC-PERPETUAL,TICK,0,110176,0
1762010036106,BTC-PERPETUAL,TICK,0,110176,0
1762010036137,BTC-PERPETUAL,TICK,0,110165,0
1762010036141,BTC-PERPETUAL,TICK,0,110165,0
1762010036172,BTC-PERPETUAL,TICK,0,110174,0
1762010036178,BTC-PERPETUAL,TICK,0,110174,0
1762010036208,BTC-PERPETUAL,TICK,0,110166,0
1762010036213,BTC-PERPETUAL,TICK,0,110166,0
1762010036243,BTC-PERPETUAL,TICK,0,110174,0
1762010036249,BTC-PERPETUAL,TICK,0,110174,0
1762010036278,BTC-PERPETUAL,TICK,0,110166,0
1762010036281,BTC-PERPETUAL,TICK,0,110166,0
1762010036312,BTC-PERPETUAL,TICK,0,110174,0
1762010036316,BTC-PERPETUAL,TICK,0,110174,0
1762010036347,BTC-PERPETUAL,TICK,0,110166,0
1762010036352,BTC-PERPETUAL,TICK,0,110166,0
1762010036379,BTC-PERPETUAL,TICK,0,110173,0
1762010036383,BTC-PERPETUAL,TICK,0,110173,0
1762010036415,BTC-PERPETUAL,TICK,0,110172,0
1762010036419,BTC-PERPETUAL,TICK,0,110172,0
1762010037544,ETH-PERPETUAL,TICK,0,3892.7,0
1762010037547,ETH-PERPETUAL,TICK,0,3892.7,0
1762010038535,ETH-PERPETUAL,TICK,0,3892.5,0
1762010038538,ETH-PERPETUAL,TICK,0,3892.5,0
1762010038569,ETH-PERPETUAL,TICK,0,3889.25,0
1762010038572,ETH-PERPETUAL,TICK,0,3889.25,0
1762010038599,ETH-PERPETUAL,TICK,0,3892.45,0
1762010038602,ETH-PERPETUAL,TICK,0,3892.45,0
1762010038630,ETH-PERPETUAL,TICK,0,3889.3,0
1762010038633,ETH-PERPETUAL,TICK,0,3889.3,0
1762010038660,ETH-PERPETUAL,TICK,0,3892.4,0
1762010038662,ETH-PERPETUAL,TICK,0,3892.4,0
1762010038692,ETH-PERPETUAL,TICK,0,3889.35,0
1762010038695,ETH-PERPETUAL,TICK,0,3889.35,0
1762010038723,ETH-PERPETUAL,TICK,0,3892.3,0
1762010038726,ETH-PERPETUAL,TICK,0,3892.3,0
1762010038754,ETH-PERPETUAL,TICK,0,3889.4,0
1762010038757,ETH-PERPETUAL,TICK,0,3889.4,0
1762010038787,ETH-PERPETUAL,TICK,0,3892.25,0
1762010038790,ETH-PERPETUAL,TICK,0,3892.25,0
1762010038817,ETH-PERPETUAL,TICK,0,3889.6,0
1762010038819,ETH-PERPETUAL,TICK,0,3889.6,0
1762010038847,ETH-PERPETUAL,TICK,0,3892.2,0
1762010038850,ETH-PERPETUAL,TICK,0,3892.2,0
1762010038878,ETH-PERPETUAL,TICK,0,3889.65,0
1762010038881,ETH-PERPETUAL,TICK,0,3889.65,0
1762010038917,ETH-PERPETUAL,TICK,0,3892.05,0
1762010038920,ETH-PERPETUAL,TICK,0,3892.05,0
1762010038949,ETH-PERPETUAL,TICK,0,3889.75,0
1762010038952,ETH-PERPETUAL,TICK,0,3889.75,0
1762010038980,ETH-PERPETUAL,TICK,0,3892,0
1762010038984,ETH-PERPETUAL,TICK,0,3892,0
1762010039011,ETH-PERPETUAL,TICK,0,3889.8,0
1762010039015,ETH-PERPETUAL,TICK,0,3889.8,0
1762010039042,ETH-PERPETUAL,TICK,0,3891.95,0
1762010039046,ETH-PERPETUAL,TICK,0,3891.95,0
1762010039073,ETH-PERPETUAL,TICK,0,3889.9,0
1762010039077,ETH-PERPETUAL,TICK,0,3889.9,0
1762010039106,ETH-PERPETUAL,TICK,0,3891.85,0
1762010039110,ETH-PERPETUAL,TICK,0,3891.85,0
1762010039139,ETH-PERPETUAL,TICK,0,3890,0
1762010039143,ETH-PERPETUAL,TICK,0,3890,0
1762010039171,ETH-PERPETUAL,TICK,0,3891.8,0
1762010039175,ETH-PERPETUAL,TICK,0,3891.8,0
1762010039204,ETH-PERPETUAL,TICK,0,3891.75,0
1762010039208,ETH-PERPETUAL,TICK,0,3891.75,0
1762010039237,ETH-PERPETUAL,TICK,0,3890.25,0
1762010039241,ETH-PERPETUAL,TICK,0,3890.25,0
1762010039269,ETH-PERPETUAL,TICK,0,3891.65,0
1762010039273,ETH-PERPETUAL,TICK,0,3891.65,0
1762010039303,ETH-PERPETUAL,TICK,0,3890.3,0
1762010039306,ETH-PERPETUAL,TICK,0,3890.3,0
1762010039336,ETH-PERPETUAL,TICK,0,3891.6,0
1762010039340,ETH-PERPETUAL,TICK,0,3891.6,0
1762010039375,ETH-PERPETUAL,TICK,0,3890.35,0
1762010039379,ETH-PERPETUAL,TICK,0,3890.35,0
1762010039408,ETH-PERPETUAL,TICK,0,3891.55,0
1762010039414,ETH-PERPETUAL,TICK,0,3891.55,0
1762010039444,ETH-PERPETUAL,TICK,0,3890.4,0
1762010039447,ETH-PERPETUAL,TICK,0,3890.4,0
1762010039477,ETH-PERPETUAL,TICK,0,3891.4,0
1762010039481,ETH-PERPETUAL,TICK,0,3891.4,0
1762010039509,ETH-PERPETUAL,TICK,0,3890.5,0
1762010039513,ETH-PERPETUAL,TICK,0,3890.5,0
1762010039542,ETH-PERPETUAL,TICK,0,3891.25,0
1762010039547,ETH-PERPETUAL,TICK,0,3891.25,0
1762010039576,ETH-PERPETUAL,TICK,0,3890.55,0
1762010039580,ETH-PERPETUAL,TICK,0,3890.55,0
1762010039618,ETH-PERPETUAL,TICK,0,3891.2,0
1762010039622,ETH-PERPETUAL,TICK,0,3891.2,0
1762010039651,ETH-PERPETUAL,TICK,0,3890.6,0
1762010039656,ETH-PERPETUAL,TICK,0,3890.6,0
1762010039687,ETH-PERPETUAL,TICK,0,3891.15,0
1762010039692,ETH-PERPETUAL,TICK,0,3891.15,0
1762010039720,ETH-PERPETUAL,TICK,0,3890.65,0
1762010039724,ETH-PERPETUAL,TICK,0,3890.65,0
1762010039753,ETH-PERPETUAL,TICK,0,3890.85,0
1762010039758,ETH-PERPETUAL,TICK,0,3890.85,0
1762010039787,ETH-PERPETUAL,TICK,0,3890.8,0
1762010039791,ETH-PERPETUAL,TICK,0,3890.8,0
1762010040099,BTC-PERPETUAL,TICK,0,110194,0
1762010040102,BTC-PERPETUAL,TICK,0,110194,0
1762010040143,BTC-PERPETUAL,TICK,0,110148,0
1762010040148,BTC-PERPETUAL,TICK,0,110148,0
1762010040179,BTC-PERPETUAL,TICK,0,110192,0
1762010040183,BTC-PERPETUAL,TICK,0,110192,0
1762010040212,BTC-PERPETUAL,TICK,0,110150,0
1762010040215,BTC-PERPETUAL,TICK,0,110150,0
1762010040245,BTC-PERPETUAL,TICK,0,110192,0
1762010040249,BTC-PERPETUAL,TICK,0,110192,0
1762010040280,BTC-PERPETUAL,TICK,0,110150,0
1762010040284,BTC-PERPETUAL,TICK,0,110150,0
1762010040319,BTC-PERPETUAL,TICK,0,110188,0
1762010040323,BTC-PERPETUAL,TICK,0,110188,0
1762010040352,BTC-PERPETUAL,TICK,0,110152,0
1762010040357,BTC-PERPETUAL,TICK,0,110152,0
1762010040386,BTC-PERPETUAL,TICK,0,110187,0
1762010040391,BTC-PERPETUAL,TICK,0,110187,0
1762010040420,BTC-PERPETUAL,TICK,0,110152,0
1762010040424,BTC-PERPETUAL,TICK,0,110152,0
1762010040452,BTC-PERPETUAL,TICK,0,110185,0
1762010040455,BTC-PERPETUAL,TICK,0,110185,0
1762010040487,BTC-PERPETUAL,TICK,0,110153,0
1762010040491,BTC-PERPETUAL,TICK,0,110153,0
1762010040522,BTC-PERPETUAL,TICK,0,110184,0
1762010040526,BTC-PERPETUAL,TICK,0,110184,0
1762010040560,BTC-PERPETUAL,TICK,0,110154,0
1762010040565,BTC-PERPETUAL,TICK,0,110154,0
1762010040592,BTC-PERPETUAL,TICK,0,110184,0
1762010040597,BTC-PERPETUAL,TICK,0,110184,0
1762010040627,BTC-PERPETUAL,TICK,0,110154,0
1762010040630,BTC-PERPETUAL,TICK,0,110154,0
1762010040661,BTC-PERPETUAL,TICK,0,110183,0
1762010040666,BTC-PERPETUAL,TICK,0,110183,0
1762010040693,BTC-PERPETUAL,TICK,0,110182,0
1762010040698,BTC-PERPETUAL,TICK,0,110182,0
1762010040730,BTC-PERPETUAL,TICK,0,110160,0
1762010040736,BTC-PERPETUAL,TICK,0,110160,0
1762010040773,BTC-PERPETUAL,TICK,0,110180,0
1762010040779,BTC-PERPETUAL,TICK,0,110180,0
1762010040813,BTC-PERPETUAL,TICK,0,110161,0
1762010040818,BTC-PERPETUAL,TICK,0,110161,0
1762010040852,BTC-PERPETUAL,TICK,0,110180,0
1762010040857,BTC-PERPETUAL,TICK,0,110180,0
1762010040889,BTC-PERPETUAL,TICK,0,110162,0
1762010040894,BTC-PERPETUAL,TICK,0,110162,0
1762010040927,BTC-PERPETUAL,TICK,0,110176,0
1762010040932,BTC-PERPETUAL,TICK,0,110176,0
1762010040964,BTC-PERPETUAL,TICK,0,110162,0
1762010040969,BTC-PERPETUAL,TICK,0,110162,0
1762010041001,BTC-PERPETUAL,TICK,0,110176,0
1762010041007,BTC-PERPETUAL,TICK,0,110176,0
1762010041037,BTC-PERPETUAL,TICK,0,110163,0
1762010041041,BTC-PERPETUAL,TICK,0,110163,0
1762010041071,BTC-PERPETUAL,TICK,0,110176,0
1762010041076,BTC-PERPETUAL,TICK,0,110176,0
1762010041108,BTC-PERPETUAL,TICK,0,110164,0
1762010041112,BTC-PERPETUAL,TICK,0,110164,0
1762010041144,BTC-PERPETUAL,TICK,0,110175,0
1762010041148,BTC-PERPETUAL,TICK,0,110175,0
1762010041182,BTC-PERPETUAL,TICK,0,110164,0
1762010041186,BTC-PERPETUAL,TICK,0,110164,0
1762010041217,BTC-PERPETUAL,TICK,0,110174,0
1762010041221,BTC-PERPETUAL,TICK,0,110174,0
1762010041251,BTC-PERPETUAL,TICK,0,110164,0
1762010041256,BTC-PERPETUAL,TICK,0,110164,0
1762010041285,BTC-PERPETUAL,TICK,0,110174,0
1762010041289,BTC-PERPETUAL,TICK,0,110174,0
1762010041320,BTC-PERPETUAL,TICK,0,110165,0
1762010041323,BTC-PERPETUAL,TICK,0,110165,0
1762010041355,BTC-PERPETUAL,TICK,0,110174,0
1762010041358,BTC-PERPETUAL,TICK,0,110174,0
1762010041390,BTC-PERPETUAL,TICK,0,110166,0
1762010041394,BTC-PERPETUAL,TICK,0,110166,0
1762010041426,BTC-PERPETUAL,TICK,0,110173,0
1762010041430,BTC-PERPETUAL,TICK,0,110173,0
1762010041461,BTC-PERPETUAL,TICK,0,110172,0
1762010041465,BTC-PERPETUAL,TICK,0,110172,0
1762010042165,ETH-PERPETUAL,TICK,0,3892.4,0
1762010042171,ETH-PERPETUAL,TICK,0,3892.4,0
1762010042204,ETH-PERPETUAL,TICK,0,3889.25,0
1762010042209,ETH-PERPETUAL,TICK,0,3889.25,0
1762010042241,ETH-PERPETUAL,TICK,0,3892.35,0
1762010042247,ETH-PERPETUAL,TICK,0,3892.35,0
1762010042280,ETH-PERPETUAL,TICK,0,3889.3,0
1762010042286,ETH-PERPETUAL,TICK,0,3889.3,0
1762010042317,ETH-PERPETUAL,TICK,0,3892.3,0
1762010042322,ETH-PERPETUAL,TICK,0,3892.3,0
1762010042354,ETH-PERPETUAL,TICK,0,3889.35,0
1762010042359,ETH-PERPETUAL,TICK,0,3889.35,0
1762010042397,ETH-PERPETUAL,TICK,0,3892.25,0
1762010042401,ETH-PERPETUAL,TICK,0,3892.25,0
1762010042432,ETH-PERPETUAL,TICK,0,3889.4,0
1762010042437,ETH-PERPETUAL,TICK,0,3889.4,0
1762010042467,ETH-PERPETUAL,TICK,0,3892.2,0
1762010042471,ETH-PERPETUAL,TICK,0,3892.2,0
1762010042504,ETH-PERPETUAL,TICK,0,3889.5,0
1762010042509,ETH-PERPETUAL,TICK,0,3889.5,0
1762010042539,ETH-PERPETUAL,TICK,0,3892.05,0
1762010042545,ETH-PERPETUAL,TICK,0,3892.05,0
1762010042578,ETH-PERPETUAL,TICK,0,3889.6,0
1762010042582,ETH-PERPETUAL,TICK,0,3889.6,0
1762010042614,ETH-PERPETUAL,TICK,0,3892,0
1762010042619,ETH-PERPETUAL,TICK,0,3892,0
1762010042653,ETH-PERPETUAL,TICK,0,3889.65,0
1762010042658,ETH-PERPETUAL,TICK,0,3889.65,0
1762010042689,ETH-PERPETUAL,TICK,0,3891.95,0
1762010042693,ETH-PERPETUAL,TICK,0,3891.95,0
1762010042727,ETH-PERPETUAL,TICK,0,3889.75,0
1762010042730,ETH-PERPETUAL,TICK,0,3889.75,0
1762010042764,ETH-PERPETUAL,TICK,0,3891.9,0
1762010042768,ETH-PERPETUAL,TICK,0,3891.9,0
1762010042801,ETH-PERPETUAL,TICK,0,3889.9,0
1762010042806,ETH-PERPETUAL,TICK,0,3889.9,0
1762010042840,ETH-PERPETUAL,TICK,0,3891.85,0
1762010042845,ETH-PERPETUAL,TICK,0,3891.85,0
1762010042876,ETH-PERPETUAL,TICK,0,3890,0
1762010042882,ETH-PERPETUAL,TICK,0,3890,0
1762010042915,ETH-PERPETUAL,TICK,0,3891.75,0
1762010042920,ETH-PERPETUAL,TICK,0,3891.75,0
1762010042952,ETH-PERPETUAL,TICK,0,3890.05,0
1762010042957,ETH-PERPETUAL,TICK,0,3890.05,0
1762010042988,ETH-PERPETUAL,TICK,0,3891.65,0
1762010042992,ETH-PERPETUAL,TICK,0,3891.65,0
1762010043025,ETH-PERPETUAL,TICK,0,3890.15,0
1762010043030,ETH-PERPETUAL,TICK,0,3890.15,0
1762010043061,ETH-PERPETUAL,TICK,0,3891.6,0
1762010043066,ETH-PERPETUAL,TICK,0,3891.6,0
1762010043099,ETH-PERPETUAL,TICK,0,3890.3,0
1762010043105,ETH-PERPETUAL,TICK,0,3890.3,0
1762010043137,ETH-PERPETUAL,TICK,0,3891.55,0
1762010043141,ETH-PERPETUAL,TICK,0,3891.55,0
1762010043175,ETH-PERPETUAL,TICK,0,3890.35,0
1762010043179,ETH-PERPETUAL,TICK,0,3890.35,0
1762010043212,ETH-PERPETUAL,TICK,0,3891.4,0
1762010043216,ETH-PERPETUAL,TICK,0,3891.4,0
1762010043249,ETH-PERPETUAL,TICK,0,3890.4,0
1762010043253,ETH-PERPETUAL,TICK,0,3890.4,0
1762010043284,ETH-PERPETUAL,TICK,0,3891.25,0
1762010043288,ETH-PERPETUAL,TICK,0,3891.25,0
1762010043321,ETH-PERPETUAL,TICK,0,3890.5,0
1762010043326,ETH-PERPETUAL,TICK,0,3890.5,0
1762010043357,ETH-PERPETUAL,TICK,0,3891.2,0
1762010043361,ETH-PERPETUAL,TICK,0,3891.2,0
1762010043396,ETH-PERPETUAL,TICK,0,3890.55,0
1762010043401,ETH-PERPETUAL,TICK,0,3890.55,0
1762010043437,ETH-PERPETUAL,TICK,0,3891.15,0
1762010043442,ETH-PERPETUAL,TICK,0,3891.15,0
1762010043475,ETH-PERPETUAL,TICK,0,3890.6,0
1762010043480,ETH-PERPETUAL,TICK,0,3890.6,0
1762010043513,ETH-PERPETUAL,TICK,0,3891.1,0
1762010043517,ETH-PERPETUAL,TICK,0,3891.1,0
1762010043551,ETH-PERPETUAL,TICK,0,3890.65,0
1762010043554,ETH-PERPETUAL,TICK,0,3890.65,0
1762010043587,ETH-PERPETUAL,TICK,0,3890.85,0
1762010043592,ETH-PERPETUAL,TICK,0,3890.85,0
1762010043624,ETH-PERPETUAL,TICK,0,3890.8,0
1762010043629,ETH-PERPETUAL,TICK,0,3890.8,0
1762010043726,BTC-PERPETUAL,TICK,0,110191,0
1762010043730,BTC-PERPETUAL,TICK,0,110191,0
1762010043767,BTC-PERPETUAL,TICK,0,110152,0
1762010043772,BTC-PERPETUAL,TICK,0,110152,0
1762010043809,BTC-PERPETUAL,TICK,0,110188,0
1762010043814,BTC-PERPETUAL,TICK,0,110188,0
1762010043849,BTC-PERPETUAL,TICK,0,110152,0
1762010043855,BTC-PERPETUAL,TICK,0,110152,0
1762010043888,BTC-PERPETUAL,TICK,0,110187,0
1762010043894,BTC-PERPETUAL,TICK,0,110187,0
1762010043928,BTC-PERPETUAL,TICK,0,110153,0
1762010043933,BTC-PERPETUAL,TICK,0,110153,0
1762010043967,BTC-PERPETUAL,TICK,0,110186,0
1762010043972,BTC-PERPETUAL,TICK,0,110186,0
1762010044011,BTC-PERPETUAL,TICK,0,110154,0
1762010044016,BTC-PERPETUAL,TICK,0,110154,0
1762010044055,BTC-PERPETUAL,TICK,0,110185,0
1762010044060,BTC-PERPETUAL,TICK,0,110185,0
1762010044097,BTC-PERPETUAL,TICK,0,110156,0
1762010044104,BTC-PERPETUAL,TICK,0,110156,0
1762010044139,BTC-PERPETUAL,TICK,0,110184,0
1762010044143,BTC-PERPETUAL,TICK,0,110184,0
1762010044183,BTC-PERPETUAL,TICK,0,110156,0
1762010044188,BTC-PERPETUAL,TICK,0,110156,0
1762010044223,BTC-PERPETUAL,TICK,0,110183,0
1762010044227,BTC-PERPETUAL,TICK,0,110183,0
1762010044265,BTC-PERPETUAL,TICK,0,110158,0
1762010044271,BTC-PERPETUAL,TICK,0,110158,0
1762010044306,BTC-PERPETUAL,TICK,0,110182,0
1762010044312,BTC-PERPETUAL,TICK,0,110182,0
1762010044349,BTC-PERPETUAL,TICK,0,110160,0
1762010044353,BTC-PERPETUAL,TICK,0,110160,0
1762010044389,BTC-PERPETUAL,TICK,0,110180,0
1762010044394,BTC-PERPETUAL,TICK,0,110180,0
1762010044428,BTC-PERPETUAL,TICK,0,110161,0
1762010044433,BTC-PERPETUAL,TICK,0,110161,0
1762010044468,BTC-PERPETUAL,TICK,0,110180,0
1762010044473,BTC-PERPETUAL,TICK,0,110180,0
1762010044510,BTC-PERPETUAL,TICK,0,110162,0
1762010044514,BTC-PERPETUAL,TICK,0,110162,0
1762010044548,BTC-PERPETUAL,TICK,0,110180,0
1762010044552,BTC-PERPETUAL,TICK,0,110180,0
1762010044588,BTC-PERPETUAL,TICK,0,110163,0
1762010044592,BTC-PERPETUAL,TICK,0,110163,0
1762010044632,BTC-PERPETUAL,TICK,0,110178,0
1762010044637,BTC-PERPETUAL,TICK,0,110178,0
1762010044670,BTC-PERPETUAL,TICK,0,110165,0
1762010044675,BTC-PERPETUAL,TICK,0,110165,0
1762010044708,BTC-PERPETUAL,TICK,0,110178,0
1762010044714,BTC-PERPETUAL,TICK,0,110178,0
1762010044749,BTC-PERPETUAL,TICK,0,110166,0
1762010044753,BTC-PERPETUAL,TICK,0,110166,0
1762010044786,BTC-PERPETUAL,TICK,0,110176,0
1762010044792,BTC-PERPETUAL,TICK,0,110176,0
1762010044827,BTC-PERPETUAL,TICK,0,110166,0
1762010044831,BTC-PERPETUAL,TICK,0,110166,0
1762010044866,BTC-PERPETUAL,TICK,0,110176,0
1762010044872,BTC-PERPETUAL,TICK,0,110176,0
1762010044905,BTC-PERPETUAL,TICK,0,110166,0
1762010044911,BTC-PERPETUAL,TICK,0,110166,0
1762010044942,BTC-PERPETUAL,TICK,0,110175,0
1762010044947,BTC-PERPETUAL,TICK,0,110175,0
1762010044983,BTC-PERPETUAL,TICK,0,110167,0
1762010044989,BTC-PERPETUAL,TICK,0,110167,0
1762010045022,BTC-PERPETUAL,TICK,0,110174,0
1762010045025,BTC-PERPETUAL,TICK,0,110174,0
1762010045060,BTC-PERPETUAL,TICK,0,110168,0
1762010045065,BTC-PERPETUAL,TICK,0,110168,0
1762010045099,BTC-PERPETUAL,TICK,0,110174,0
1762010045103,BTC-PERPETUAL,TICK,0,110174,0
1762010045138,BTC-PERPETUAL,TICK,0,110168,0
1762010045141,BTC-PERPETUAL,TICK,0,110168,0
1762010045173,BTC-PERPETUAL,TICK,0,110174,0
1762010045178,BTC-PERPETUAL,TICK,0,110174,0
1762010045209,BTC-PERPETUAL,TICK,0,110168,0
1762010045214,BTC-PERPETUAL,TICK,0,110168,0
1762010045245,BTC-PERPETUAL,TICK,0,110173,0
1762010045249,BTC-PERPETUAL,TICK,0,110173,0
1762010045281,BTC-PERPETUAL,TICK,0,110172,0
1762010045285,BTC-PERPETUAL,TICK,0,110172,0
1762010046415,BTC-PERPETUAL,TICK,0,0,0
1762010046419,BTC-PERPETUAL,TICK,0,0,0
1762010046453,ETH-PERPETUAL,TICK,0,0,0
1762010046457,ETH-PERPETUAL,TICK,0,0,0
1762010046754,ETH-PERPETUAL,TICK,0,3871.6,0
1762010046759,ETH-PERPETUAL,TICK,0,3871.6,0
1762010046802,ETH-PERPETUAL,TICK,0,3879.15,0
1762010046808,ETH-PERPETUAL,TICK,0,3879.15,0
1762010046844,ETH-PERPETUAL,TICK,0,3881.25,0
1762010046849,ETH-PERPETUAL,TICK,0,3881.25,0
1762010046883,ETH-PERPETUAL,TICK,0,3881.8,0
1762010046889,ETH-PERPETUAL,TICK,0,3881.8,0
1762010046927,ETH-PERPETUAL,TICK,0,3909.1,0
1762010046931,ETH-PERPETUAL,TICK,0,3909.1,0
1762010046964,BTC-PERPETUAL,TICK,0,110185,0
1762010046969,BTC-PERPETUAL,TICK,0,110185,0
1762010047001,BTC-PERPETUAL,TICK,0,110173,0
1762010047007,BTC-PERPETUAL,TICK,0,110174,0
1762010047013,BTC-PERPETUAL,TICK,0,110174,0
1762010047016,BTC-PERPETUAL,TICK,0,110173,0
1762010047020,BTC-PERPETUAL,TICK,0,110174,0
1762010047023,BTC-PERPETUAL,TICK,0,110174,0
1762010047026,BTC-PERPETUAL,TICK,0,110174,0
1762010047030,BTC-PERPETUAL,TICK,0,110175,0
1762010047033,BTC-PERPETUAL,TICK,0,110174,0
1762010047036,BTC-PERPETUAL,TICK,0,110176,0
1762010047039,BTC-PERPETUAL,TICK,0,110175,0
1762010047042,BTC-PERPETUAL,TICK,0,110176,0
1762010047046,BTC-PERPETUAL,TICK,0,110176,0
1762010047049,BTC-PERPETUAL,TICK,0,110178,0
1762010047052,BTC-PERPETUAL,TICK,0,110176,0
1762010047055,BTC-PERPETUAL,TICK,0,110178,0
1762010047059,BTC-PERPETUAL,TICK,0,110178,0
1762010047063,BTC-PERPETUAL,TICK,0,110178,0
1762010047066,BTC-PERPETUAL,TICK,0,110180,0
1762010047069,BTC-PERPETUAL,TICK,0,110180,0
1762010047072,BTC-PERPETUAL,TICK,0,110180,0
1762010047075,BTC-PERPETUAL,TICK,0,110180,1
1762010047079,BTC-PERPETUAL,TICK,0,110180,0
1762010047082,BTC-PERPETUAL,TICK,0,110182,1
1762010047085,BTC-PERPETUAL,TICK,0,110180,0
1762010047088,BTC-PERPETUAL,TICK,0,110183,0
1762010047092,BTC-PERPETUAL,TICK,0,110182,0
1762010047095,BTC-PERPETUAL,TICK,0,110183,0
1762010047098,BTC-PERPETUAL,TICK,0,110184,0
1762010047102,BTC-PERPETUAL,TICK,0,110184,0
1762010047105,BTC-PERPETUAL,TICK,0,110185,0
1762010047110,BTC-PERPETUAL,TICK,0,110185,0
1762010047184,ETH-PERPETUAL,TICK,0,3907.7,0
1762010047188,ETH-PERPETUAL,TICK,0,3907.7,0
1762010047222,BTC-PERPETUAL,TICK,0,110118,0
1762010047227,BTC-PERPETUAL,TICK,0,110118,0
1762010047258,BTC-PERPETUAL,TICK,0,109915,0
1762010047262,BTC-PERPETUAL,TICK,0,109915,0
1762010047429,ETH-PERPETUAL,TICK,0,3893.75,0
1762010047433,ETH-PERPETUAL,TICK,0,3893.75,0
1762010047465,ETH-PERPETUAL,TICK,0,3890.15,0
1762010047469,ETH-PERPETUAL,TICK,0,3890.15,0
1762010047500,BTC-PERPETUAL,TICK,0,110416,0
1762010047504,BTC-PERPETUAL,TICK,0,110416,0
1762010047534,ETH-PERPETUAL,TICK,0,3893.7,0
1762010047538,ETH-PERPETUAL,TICK,0,3893.7,0
1762010047567,ETH-PERPETUAL,TICK,0,3890.25,0
1762010047572,ETH-PERPETUAL,TICK,0,3890.25,0
1762010047601,ETH-PERPETUAL,TICK,0,3893.65,0
1762010047605,ETH-PERPETUAL,TICK,0,3893.65,0
1762010047636,ETH-PERPETUAL,TICK,0,3890.35,0
1762010047640,ETH-PERPETUAL,TICK,0,3890.35,0
1762010047670,ETH-PERPETUAL,TICK,0,3893.6,0
1762010047674,ETH-PERPETUAL,TICK,0,3893.6,0
1762010047708,ETH-PERPETUAL,TICK,0,3890.4,0
1762010047712,ETH-PERPETUAL,TICK,0,3890.4,0
1762010047742,ETH-PERPETUAL,TICK,0,3893.45,0
1762010047747,ETH-PERPETUAL,TICK,0,3893.45,0
1762010047776,ETH-PERPETUAL,TICK,0,3890.5,0
1762010047781,ETH-PERPETUAL,TICK,0,3890.5,0
1762010047809,ETH-PERPETUAL,TICK,0,3893.4,0
1762010047814,ETH-PERPETUAL,TICK,0,3893.4,0
1762010047846,ETH-PERPETUAL,TICK,0,3890.55,0
1762010047850,ETH-PERPETUAL,TICK,0,3890.55,0
1762010047879,ETH-PERPETUAL,TICK,0,3893.25,0
1762010047883,ETH-PERPETUAL,TICK,0,3893.25,0
1762010047915,ETH-PERPETUAL,TICK,0,3890.6,0
1762010047921,ETH-PERPETUAL,TICK,0,3890.6,0
1762010047952,ETH-PERPETUAL,TICK,0,3893.2,0
1762010047957,ETH-PERPETUAL,TICK,0,3893.2,0
1762010047989,ETH-PERPETUAL,TICK,0,3890.65,0
1762010047993,ETH-PERPETUAL,TICK,0,3890.65,0
1762010048022,BTC-PERPETUAL,TICK,0,110020,0
1762010048026,BTC-PERPETUAL,TICK,0,110020,0
1762010048055,ETH-PERPETUAL,TICK,0,3906,0
1762010048059,ETH-PERPETUAL,TICK,0,3906,0
1762010048088,ETH-PERPETUAL,TICK,0,3893.15,0
1762010048093,ETH-PERPETUAL,TICK,0,3893.15,0
1762010048125,ETH-PERPETUAL,TICK,0,3890.7,0
1762010048129,ETH-PERPETUAL,TICK,0,3890.7,0
1762010048157,ETH-PERPETUAL,TICK,0,3893,0
1762010048162,ETH-PERPETUAL,TICK,0,3893,0
1762010048193,ETH-PERPETUAL,TICK,0,3890.75,0
1762010048198,ETH-PERPETUAL,TICK,0,3890.75,0
1762010048229,ETH-PERPETUAL,TICK,0,3892.95,0
1762010048234,ETH-PERPETUAL,TICK,0,3892.95,0
1762010048266,ETH-PERPETUAL,TICK,0,3890.8,0
1762010048272,ETH-PERPETUAL,TICK,0,3890.8,0
1762010048306,ETH-PERPETUAL,TICK,0,3892.9,0
1762010048313,ETH-PERPETUAL,TICK,0,3892.9,0
1762010048347,ETH-PERPETUAL,TICK,0,3890.85,0
1762010048353,ETH-PERPETUAL,TICK,0,3890.85,0
1762010048387,ETH-PERPETUAL,TICK,0,3892.85,0
1762010048392,ETH-PERPETUAL,TICK,0,3892.85,0
1762010048426,ETH-PERPETUAL,TICK,0,3890.9,0
1762010048431,ETH-PERPETUAL,TICK,0,3890.9,0
1762010048466,ETH-PERPETUAL,TICK,0,3892.8,0
1762010048470,ETH-PERPETUAL,TICK,0,3892.8,0
1762010048502,ETH-PERPETUAL,TICK,0,3891.1,0
1762010048507,ETH-PERPETUAL,TICK,0,3891.1,0
1762010048538,ETH-PERPETUAL,TICK,0,3892.75,0
1762010048543,ETH-PERPETUAL,TICK,0,3892.75,0
1762010048572,ETH-PERPETUAL,TICK,0,3891.15,0
1762010048577,ETH-PERPETUAL,TICK,0,3891.15,0
1762010048607,ETH-PERPETUAL,TICK,0,3892.7,0
1762010048612,ETH-PERPETUAL,TICK,0,3892.7,0
1762010048643,ETH-PERPETUAL,TICK,0,3891.35,0
1762010048647,ETH-PERPETUAL,TICK,0,3891.35,0
1762010048676,ETH-PERPETUAL,TICK,0,3892.5,0
1762010048681,ETH-PERPETUAL,TICK,0,3892.5,0
1762010048710,ETH-PERPETUAL,TICK,0,3891.4,0
1762010048714,ETH-PERPETUAL,TICK,0,3891.4,0
1762010048742,ETH-PERPETUAL,TICK,0,3892.45,0
1762010048747,ETH-PERPETUAL,TICK,0,3892.45,0
1762010048775,ETH-PERPETUAL,TICK,0,3891.5,0
1762010048779,ETH-PERPETUAL,TICK,0,3891.5,0
1762010048811,ETH-PERPETUAL,TICK,0,3892.4,0
1762010048816,ETH-PERPETUAL,TICK,0,3892.4,0
1762010048844,ETH-PERPETUAL,TICK,0,3891.85,0
1762010048847,ETH-PERPETUAL,TICK,0,3891.85,0
1762010048877,ETH-PERPETUAL,TICK,0,3892,0
1762010048882,ETH-PERPETUAL,TICK,0,3892,0
1762010048910,ETH-PERPETUAL,TICK,0,3891.9,0
1762010048916,ETH-PERPETUAL,TICK,0,3891.9,0
1762010048944,BTC-PERPETUAL,TICK,0,110310,0
1762010048949,BTC-PERPETUAL,TICK,0,110310,0
1762010048977,BTC-PERPETUAL,TICK,0,110282,0
1762010048982,BTC-PERPETUAL,TICK,0,110282,0
1762010049009,BTC-PERPETUAL,TICK,0,110048,0
1762010049014,BTC-PERPETUAL,TICK,0,110048,0
1762010049044,BTC-PERPETUAL,TICK,0,0,0
1762010049048,BTC-PERPETUAL,TICK,0,0,0
1762010049076,BTC-PERPETUAL,TICK,0,110155,0
1762010049081,BTC-PERPETUAL,TICK,0,110155,0
1762010049109,BTC-PERPETUAL,TICK,0,110194,0
1762010049114,BTC-PERPETUAL,TICK,0,110194,0
1762010049143,BTC-PERPETUAL,TICK,0,110158,0
1762010049148,BTC-PERPETUAL,TICK,0,110158,0
1762010049178,BTC-PERPETUAL,TICK,0,110192,0
1762010049181,BTC-PERPETUAL,TICK,0,110192,0
1762010049211,BTC-PERPETUAL,TICK,0,110158,0
1762010049216,BTC-PERPETUAL,TICK,0,110158,0
1762010049244,BTC-PERPETUAL,TICK,0,110192,0
1762010049247,BTC-PERPETUAL,TICK,0,110192,0
1762010049277,BTC-PERPETUAL,TICK,0,110159,0
1762010049281,BTC-PERPETUAL,TICK,0,110159,0
1762010049314,BTC-PERPETUAL,TICK,0,110190,0
1762010049319,BTC-PERPETUAL,TICK,0,110190,0
1762010049349,BTC-PERPETUAL,TICK,0,110160,0
1762010049353,BTC-PERPETUAL,TICK,0,110160,0
1762010049390,BTC-PERPETUAL,TICK,0,110188,0
1762010049392,BTC-PERPETUAL,TICK,0,110188,0
1762010049425,BTC-PERPETUAL,TICK,0,110160,0
1762010049429,BTC-PERPETUAL,TICK,0,110160,0
1762010049459,BTC-PERPETUAL,TICK,0,110187,0
1762010049464,BTC-PERPETUAL,TICK,0,110187,0
1762010049493,BTC-PERPETUAL,TICK,0,110161,0
1762010049498,BTC-PERPETUAL,TICK,0,110161,0
1762010049530,BTC-PERPETUAL,TICK,0,110186,0
1762010049535,BTC-PERPETUAL,TICK,0,110186,0
1762010049563,BTC-PERPETUAL,TICK,0,110164,0
1762010049569,BTC-PERPETUAL,TICK,0,110164,0
1762010049599,BTC-PERPETUAL,TICK,0,110186,0
1762010049603,BTC-PERPETUAL,TICK,0,110186,0
1762010049633,BTC-PERPETUAL,TICK,0,110164,0
1762010049637,BTC-PERPETUAL,TICK,0,110164,0
1762010049665,BTC-PERPETUAL,TICK,0,110184,0
1762010049670,BTC-PERPETUAL,TICK,0,110184,0
1762010049702,BTC-PERPETUAL,TICK,0,110165,0
1762010049707,BTC-PERPETUAL,TICK,0,110165,0
1762010049736,BTC-PERPETUAL,TICK,0,110183,0
1762010049740,BTC-PERPETUAL,TICK,0,110183,0
1762010049773,BTC-PERPETUAL,TICK,0,110166,0
1762010049778,BTC-PERPETUAL,TICK,0,110166,0
1762010049807,BTC-PERPETUAL,TICK,0,110182,0
1762010049811,BTC-PERPETUAL,TICK,0,110182,0
1762010049840,BTC-PERPETUAL,TICK,0,110166,0
1762010049845,BTC-PERPETUAL,TICK,0,110166,0
1762010049872,BTC-PERPETUAL,TICK,0,110181,0
1762010049877,BTC-PERPETUAL,TICK,0,110181,0
1762010049907,BTC-PERPETUAL,TICK,0,110169,0
1762010049911,BTC-PERPETUAL,TICK,0,110169,0
1762010049940,BTC-PERPETUAL,TICK,0,110180,0
1762010049946,BTC-PERPETUAL,TICK,0,110180,0
1762010049978,BTC-PERPETUAL,TICK,0,110170,0
1762010049981,BTC-PERPETUAL,TICK,0,110170,0
1762010050012,BTC-PERPETUAL,TICK,0,110176,0
1762010050016,BTC-PERPETUAL,TICK,0,110176,0
1762010050046,BTC-PERPETUAL,TICK,0,110170,0
1762010050051,BTC-PERPETUAL,TICK,0,110170,0
1762010050081,BTC-PERPETUAL,TICK,0,110176,0
1762010050085,BTC-PERPETUAL,TICK,0,110176,0
1762010050114,BTC-PERPETUAL,TICK,0,110170,0
1762010050118,BTC-PERPETUAL,TICK,0,110170,0
1762010050148,BTC-PERPETUAL,TICK,0,110174,0
1762010050152,BTC-PERPETUAL,TICK,0,110174,0
1762010050181,BTC-PERPETUAL,TICK,0,110171,0
1762010050185,BTC-PERPETUAL,TICK,0,110171,0
1762010050216,BTC-PERPETUAL,TICK,0,110174,0
1762010050221,BTC-PERPETUAL,TICK,0,110174,0
1762010050249,BTC-PERPETUAL,TICK,0,110172,0
1762010050254,BTC-PERPETUAL,TICK,0,110172,0
1762010050283,BTC-PERPETUAL,TICK,0,110174,0
1762010050287,BTC-PERPETUAL,TICK,0,110174,0
1762010050316,BTC-PERPETUAL,TICK,0,110172,0
1762010050321,BTC-PERPETUAL,TICK,0,110172,0
1762010050350,BTC-PERPETUAL,TICK,0,110173,0
1762010050354,BTC-PERPETUAL,TICK,0,110173,0
1762010050385,BTC-PERPETUAL,TICK,0,110172,0
1762010050389,BTC-PERPETUAL,TICK,0,110172,0
1762010050418,ETH-PERPETUAL,TICK,0,3892.7,0
1762010050422,ETH-PERPETUAL,TICK,0,3892.7,0
1762010050451,ETH-PERPETUAL,TICK,0,3900.35,0
1762010050455,ETH-PERPETUAL,TICK,0,3900.35,0
1762010050486,BTC-PERPETUAL,TICK,0,110276,0
1762010050491,BTC-PERPETUAL,TICK,0,110276,0
1762010051876,BTC-PERPETUAL,TICK,0,110172,0
1762010051881,BTC-PERPETUAL,TICK,0,110172,0
1762010051887,BTC-PERPETUAL,TICK,0,110172,0
1762010051891,BTC-PERPETUAL,TICK,0,110172,0
1762010051894,BTC-PERPETUAL,TICK,0,110172,0
1762010051897,BTC-PERPETUAL,TICK,0,110171,0
1762010051901,BTC-PERPETUAL,TICK,0,110172,0
1762010051904,BTC-PERPETUAL,TICK,0,110171,0
1762010051907,BTC-PERPETUAL,TICK,0,110171,0
1762010051910,BTC-PERPETUAL,TICK,0,110171,0
1762010052692,ETH-PERPETUAL,TICK,0,3893.65,0
1762010052697,ETH-PERPETUAL,TICK,0,3893.65,0
1762010052741,ETH-PERPETUAL,TICK,0,3890.1,0
1762010052746,ETH-PERPETUAL,TICK,0,3890.1,0
1762010052780,ETH-PERPETUAL,TICK,0,3893.6,0
1762010052785,ETH-PERPETUAL,TICK,0,3893.6,0
1762010052811,ETH-PERPETUAL,TICK,0,3890.15,0
1762010052816,ETH-PERPETUAL,TICK,0,3890.15,0
1762010052843,ETH-PERPETUAL,TICK,0,3893.45,0
1762010052848,ETH-PERPETUAL,TICK,0,3893.45,0
1762010052877,ETH-PERPETUAL,TICK,0,3890.25,0
1762010052882,ETH-PERPETUAL,TICK,0,3890.25,0
1762010052912,ETH-PERPETUAL,TICK,0,3893.4,0
1762010052916,ETH-PERPETUAL,TICK,0,3893.4,0
1762010052946,ETH-PERPETUAL,TICK,0,3890.4,0
1762010052950,ETH-PERPETUAL,TICK,0,3890.4,0
1762010052981,ETH-PERPETUAL,TICK,0,3893.25,0
1762010052986,ETH-PERPETUAL,TICK,0,3893.25,0
1762010053016,ETH-PERPETUAL,TICK,0,3890.55,0
1762010053021,ETH-PERPETUAL,TICK,0,3890.55,0
1762010053050,ETH-PERPETUAL,TICK,0,3893.2,0
1762010053055,ETH-PERPETUAL,TICK,0,3893.2,0
1762010053086,ETH-PERPETUAL,TICK,0,3890.6,0
1762010053090,ETH-PERPETUAL,TICK,0,3890.6,0
1762010053123,ETH-PERPETUAL,TICK,0,3893.15,0
1762010053129,ETH-PERPETUAL,TICK,0,3893.15,0
1762010053158,ETH-PERPETUAL,TICK,0,3890.65,0
1762010053163,ETH-PERPETUAL,TICK,0,3890.65,0
1762010053195,ETH-PERPETUAL,TICK,0,3893.05,0
1762010053199,ETH-PERPETUAL,TICK,0,3893.05,0
1762010053228,ETH-PERPETUAL,TICK,0,3890.7,0
1762010053232,ETH-PERPETUAL,TICK,0,3890.7,0
1762010053264,ETH-PERPETUAL,TICK,0,3893,0
1762010053269,ETH-PERPETUAL,TICK,0,3893,0
1762010053297,ETH-PERPETUAL,TICK,0,3890.75,0
1762010053302,ETH-PERPETUAL,TICK,0,3890.75,0
1762010053331,ETH-PERPETUAL,TICK,0,3892.95,0
1762010053336,ETH-PERPETUAL,TICK,0,3892.95,0
1762010053365,ETH-PERPETUAL,TICK,0,3892.9,0
1762010053369,ETH-PERPETUAL,TICK,0,3892.9,0
1762010053400,ETH-PERPETUAL,TICK,0,3890.85,0
1762010053406,ETH-PERPETUAL,TICK,0,3890.85,0
1762010053439,ETH-PERPETUAL,TICK,0,3892.85,0
1762010053445,ETH-PERPETUAL,TICK,0,3892.85,0
1762010053477,ETH-PERPETUAL,TICK,0,3890.9,0
1762010053499,ETH-PERPETUAL,TICK,0,3890.9,0
1762010053546,ETH-PERPETUAL,TICK,0,3892.8,0
1762010053551,ETH-PERPETUAL,TICK,0,3892.8,0
1762010053597,ETH-PERPETUAL,TICK,0,3891.05,0
1762010053606,ETH-PERPETUAL,TICK,0,3891.05,0
1762010053673,ETH-PERPETUAL,TICK,0,3892.75,0
1762010053682,ETH-PERPETUAL,TICK,0,3892.75,0
1762010053735,ETH-PERPETUAL,TICK,0,3891.1,0
1762010053745,ETH-PERPETUAL,TICK,0,3891.1,0
1762010053802,ETH-PERPETUAL,TICK,0,3892.7,0
1762010053835,ETH-PERPETUAL,TICK,0,3892.7,0
1762010053856,ETH-PERPETUAL,TICK,0,3891.15,0
1762010053864,ETH-PERPETUAL,TICK,0,3891.15,0
1762010053899,ETH-PERPETUAL,TICK,0,3892.65,0
1762010053905,ETH-PERPETUAL,TICK,0,3892.65,0
1762010053944,ETH-PERPETUAL,TICK,0,3891.5,0
1762010053949,ETH-PERPETUAL,TICK,0,3891.5,0
1762010053984,ETH-PERPETUAL,TICK,0,3892.5,0
1762010053990,ETH-PERPETUAL,TICK,0,3892.5,0
1762010054024,ETH-PERPETUAL,TICK,0,3891.55,0
1762010054029,ETH-PERPETUAL,TICK,0,3891.55,0
1762010054067,ETH-PERPETUAL,TICK,0,3892.4,0
1762010054074,ETH-PERPETUAL,TICK,0,3892.4,0
1762010054107,ETH-PERPETUAL,TICK,0,3891.6,0
1762010054113,ETH-PERPETUAL,TICK,0,3891.6,0
1762010054147,ETH-PERPETUAL,TICK,0,3892,0
1762010054154,ETH-PERPETUAL,TICK,0,3892,0
1762010054195,ETH-PERPETUAL,TICK,0,3891.65,0
1762010054212,ETH-PERPETUAL,TICK,0,3891.65,0
1762010054273,ETH-PERPETUAL,TICK,0,3891.95,0
1762010054278,ETH-PERPETUAL,TICK,0,3891.95,0
1762010054322,ETH-PERPETUAL,TICK,0,3891.9,0
1762010054326,ETH-PERPETUAL,TICK,0,3891.9,0
1762010054367,BTC-PERPETUAL,TICK,0,110194,0
1762010054373,BTC-PERPETUAL,TICK,0,110194,0
1762010054411,BTC-PERPETUAL,TICK,0,110154,0
1762010054415,BTC-PERPETUAL,TICK,0,110154,0
1762010054453,BTC-PERPETUAL,TICK,0,110194,0
1762010054457,BTC-PERPETUAL,TICK,0,110194,0
1762010054496,BTC-PERPETUAL,TICK,0,110170,0
1762010054501,BTC-PERPETUAL,TICK,0,110170,0
1762010054535,BTC-PERPETUAL,TICK,0,110192,0
1762010054540,BTC-PERPETUAL,TICK,0,110192,0
1762010054573,BTC-PERPETUAL,TICK,0,110157,0
1762010054577,BTC-PERPETUAL,TICK,0,110157,0
1762010054610,BTC-PERPETUAL,TICK,0,110192,0
1762010054615,BTC-PERPETUAL,TICK,0,110192,0
1762010054655,BTC-PERPETUAL,TICK,0,110160,0
1762010054658,BTC-PERPETUAL,TICK,0,110160,0
1762010054696,BTC-PERPETUAL,TICK,0,110189,0
1762010054701,BTC-PERPETUAL,TICK,0,110189,0
1762010054738,BTC-PERPETUAL,TICK,0,110160,0
1762010054745,BTC-PERPETUAL,TICK,0,110160,0
1762010054780,BTC-PERPETUAL,TICK,0,110188,0
1762010054786,BTC-PERPETUAL,TICK,0,110188,0
1762010054820,BTC-PERPETUAL,TICK,0,110160,0
1762010054824,BTC-PERPETUAL,TICK,0,110160,0
1762010054860,BTC-PERPETUAL,TICK,0,110188,0
1762010054864,BTC-PERPETUAL,TICK,0,110188,0
1762010054901,BTC-PERPETUAL,TICK,0,110161,0
1762010054905,BTC-PERPETUAL,TICK,0,110161,0
1762010054942,BTC-PERPETUAL,TICK,0,110187,0
1762010054947,BTC-PERPETUAL,TICK,0,110187,0
1762010054981,BTC-PERPETUAL,TICK,0,110162,0
1762010054987,BTC-PERPETUAL,TICK,0,110162,0
1762010055022,BTC-PERPETUAL,TICK,0,110186,0
1762010055028,BTC-PERPETUAL,TICK,0,110186,0
1762010055066,BTC-PERPETUAL,TICK,0,110186,0
1762010055070,BTC-PERPETUAL,TICK,0,110186,0
1762010055110,BTC-PERPETUAL,TICK,0,110164,0
1762010055117,BTC-PERPETUAL,TICK,0,110164,0
1762010055156,BTC-PERPETUAL,TICK,0,110165,0
1762010055162,BTC-PERPETUAL,TICK,0,110165,0
1762010055197,BTC-PERPETUAL,TICK,0,0,0
1762010055202,BTC-PERPETUAL,TICK,0,0,0
1762010055235,BTC-PERPETUAL,TICK,0,110183,0
1762010055238,BTC-PERPETUAL,TICK,0,110183,0
1762010055272,BTC-PERPETUAL,TICK,0,110166,0
1762010055276,BTC-PERPETUAL,TICK,0,110166,0
1762010055312,BTC-PERPETUAL,TICK,0,110182,0
1762010055316,BTC-PERPETUAL,TICK,0,110182,0
1762010055350,BTC-PERPETUAL,TICK,0,110169,0
1762010055355,BTC-PERPETUAL,TICK,0,110169,0
1762010055388,BTC-PERPETUAL,TICK,0,110181,0
1762010055394,BTC-PERPETUAL,TICK,0,110181,0
1762010055430,BTC-PERPETUAL,TICK,0,110170,0
1762010055434,BTC-PERPETUAL,TICK,0,110170,0
1762010055469,BTC-PERPETUAL,TICK,0,110176,0
1762010055474,BTC-PERPETUAL,TICK,0,110176,0
1762010055508,BTC-PERPETUAL,TICK,0,110170,0
1762010055513,BTC-PERPETUAL,TICK,0,110170,0
1762010055546,BTC-PERPETUAL,TICK,0,110176,0
1762010055551,BTC-PERPETUAL,TICK,0,110176,0
1762010055585,BTC-PERPETUAL,TICK,0,110170,0
1762010055590,BTC-PERPETUAL,TICK,0,110170,0
1762010055622,BTC-PERPETUAL,TICK,0,110174,0
1762010055628,BTC-PERPETUAL,TICK,0,110174,0
1762010055661,BTC-PERPETUAL,TICK,0,110171,0
1762010055665,BTC-PERPETUAL,TICK,0,110171,0
1762010055698,BTC-PERPETUAL,TICK,0,110174,0
1762010055702,BTC-PERPETUAL,TICK,0,110174,0
1762010055735,BTC-PERPETUAL,TICK,0,110172,0
1762010055740,BTC-PERPETUAL,TICK,0,110172,0
1762010055774,BTC-PERPETUAL,TICK,0,110174,0
1762010055779,BTC-PERPETUAL,TICK,0,110174,0
1762010055813,BTC-PERPETUAL,TICK,0,110172,0
1762010055818,BTC-PERPETUAL,TICK,0,110172,0
1762010055850,BTC-PERPETUAL,TICK,0,110173,0
1762010055854,BTC-PERPETUAL,TICK,0,110173,0
1762010055884,BTC-PERPETUAL,TICK,0,110161,0
1762010055888,BTC-PERPETUAL,TICK,0,110161,0
1762010055923,BTC-PERPETUAL,TICK,0,110172,0
1762010055929,BTC-PERPETUAL,TICK,0,110172,0
1762010055934,BTC-PERPETUAL,TICK,0,110172,0
1762010055939,BTC-PERPETUAL,TICK,0,110171,0
1762010055942,BTC-PERPETUAL,TICK,0,110172,0
1762010055945,BTC-PERPETUAL,TICK,0,110171,0
1762010055949,BTC-PERPETUAL,TICK,0,110170,0
1762010055954,BTC-PERPETUAL,TICK,0,110170,0
1762010055958,BTC-PERPETUAL,TICK,0,110170,0
1762010055962,BTC-PERPETUAL,TICK,0,110170,0
1762010055965,BTC-PERPETUAL,TICK,0,110170,0
1762010055970,BTC-PERPETUAL,TICK,0,110170,0
1762010055974,BTC-PERPETUAL,TICK,0,110170,1
1762010055979,BTC-PERPETUAL,TICK,0,110169,1
1762010055982,BTC-PERPETUAL,TICK,0,110170,0
1762010055986,BTC-PERPETUAL,TICK,0,110166,0
1762010055991,BTC-PERPETUAL,TICK,0,110169,0
1762010055994,BTC-PERPETUAL,TICK,0,110166,0
1762010055998,BTC-PERPETUAL,TICK,0,110165,0
1762010056001,BTC-PERPETUAL,TICK,0,110164,0
1762010056005,BTC-PERPETUAL,TICK,0,110165,0
1762010056008,BTC-PERPETUAL,TICK,0,110164,0
1762010056013,BTC-PERPETUAL,TICK,0,110164,0
1762010056016,BTC-PERPETUAL,TICK,0,110164,0
1762010056019,BTC-PERPETUAL,TICK,0,110162,0
1762010056022,BTC-PERPETUAL,TICK,0,110161,0
1762010056026,BTC-PERPETUAL,TICK,0,110162,0
1762010056030,BTC-PERPETUAL,TICK,0,110161,0
1762010056033,BTC-PERPETUAL,TICK,0,110161,0
1762010056036,BTC-PERPETUAL,TICK,0,110161,0
1762010056040,BTC-PERPETUAL,TICK,0,110172,0
1762010056045,BTC-PERPETUAL,TICK,0,110172,0
1762010057385,ETH-PERPETUAL,TICK,0,3893.8,0
1762010057388,ETH-PERPETUAL,TICK,0,3893.8,0
1762010057957,ETH-PERPETUAL,TICK,0,3893.45,0
1762010057960,ETH-PERPETUAL,TICK,0,3893.45,0
1762010057997,ETH-PERPETUAL,TICK,0,3890.25,0
1762010057999,ETH-PERPETUAL,TICK,0,3890.25,0
1762010058029,ETH-PERPETUAL,TICK,0,3893.4,0
1762010058031,ETH-PERPETUAL,TICK,0,3893.4,0
1762010058061,ETH-PERPETUAL,TICK,0,3890.4,0
1762010058064,ETH-PERPETUAL,TICK,0,3890.4,0
1762010058094,ETH-PERPETUAL,TICK,0,3893.35,0
1762010058097,ETH-PERPETUAL,TICK,0,3893.35,0
1762010058125,ETH-PERPETUAL,TICK,0,3890.5,0
1762010058128,ETH-PERPETUAL,TICK,0,3890.5,0
1762010058159,ETH-PERPETUAL,TICK,0,3893.25,0
1762010058163,ETH-PERPETUAL,TICK,0,3893.25,0
1762010058192,ETH-PERPETUAL,TICK,0,3890.55,0
1762010058196,ETH-PERPETUAL,TICK,0,3890.55,0
1762010058226,ETH-PERPETUAL,TICK,0,3893.2,0
1762010058230,ETH-PERPETUAL,TICK,0,3893.2,0
1762010058260,ETH-PERPETUAL,TICK,0,3890.6,0
1762010058263,ETH-PERPETUAL,TICK,0,3890.6,0
1762010058296,ETH-PERPETUAL,TICK,0,3893.15,0
1762010058300,ETH-PERPETUAL,TICK,0,3893.15,0
1762010058331,ETH-PERPETUAL,TICK,0,3890.65,0
1762010058335,ETH-PERPETUAL,TICK,0,3890.65,0
1762010058367,ETH-PERPETUAL,TICK,0,0,0
1762010058370,ETH-PERPETUAL,TICK,0,0,0
1762010058401,ETH-PERPETUAL,TICK,0,3893.05,0
1762010058404,ETH-PERPETUAL,TICK,0,3893.05,0
1762010058434,ETH-PERPETUAL,TICK,0,3890.7,0
1762010058438,ETH-PERPETUAL,TICK,0,3890.7,0
1762010058469,ETH-PERPETUAL,TICK,0,3893,0
1762010058473,ETH-PERPETUAL,TICK,0,3893,0
1762010058506,ETH-PERPETUAL,TICK,0,3890.75,0
1762010058509,ETH-PERPETUAL,TICK,0,3890.75,0
1762010058542,ETH-PERPETUAL,TICK,0,3892.85,0
1762010058546,ETH-PERPETUAL,TICK,0,3892.85,0
1762010058579,ETH-PERPETUAL,TICK,0,3890.8,0
1762010058583,ETH-PERPETUAL,TICK,0,3890.8,0
1762010058619,ETH-PERPETUAL,TICK,0,3892.75,0
1762010058623,ETH-PERPETUAL,TICK,0,3892.75,0
1762010058657,ETH-PERPETUAL,TICK,0,3890.85,0
1762010058663,ETH-PERPETUAL,TICK,0,3890.85,0
1762010058701,ETH-PERPETUAL,TICK,0,3892.65,0
1762010058705,ETH-PERPETUAL,TICK,0,3892.65,0
1762010058735,ETH-PERPETUAL,TICK,0,3890.9,0
1762010058740,ETH-PERPETUAL,TICK,0,3890.9,0
1762010058773,ETH-PERPETUAL,TICK,0,3892.6,0
1762010058778,ETH-PERPETUAL,TICK,0,3892.6,0
1762010058809,ETH-PERPETUAL,TICK,0,3891.05,0
1762010058815,ETH-PERPETUAL,TICK,0,3891.05,0
1762010058845,ETH-PERPETUAL,TICK,0,3892.5,0
1762010058849,ETH-PERPETUAL,TICK,0,3892.5,0
1762010058878,ETH-PERPETUAL,TICK,0,3891.1,0
1762010058882,ETH-PERPETUAL,TICK,0,3891.1,0
1762010058914,ETH-PERPETUAL,TICK,0,3892.45,0
1762010058918,ETH-PERPETUAL,TICK,0,3892.45,0
1762010058951,ETH-PERPETUAL,TICK,0,3891.15,0
1762010058956,ETH-PERPETUAL,TICK,0,3891.15,0
1762010058986,ETH-PERPETUAL,TICK,0,3892.4,0
1762010058990,ETH-PERPETUAL,TICK,0,3892.4,0
1762010059020,ETH-PERPETUAL,TICK,0,3891.4,0
1762010059025,ETH-PERPETUAL,TICK,0,3891.4,0
1762010059057,ETH-PERPETUAL,TICK,0,3892.35,0
1762010059061,ETH-PERPETUAL,TICK,0,3892.35,0
1762010059094,ETH-PERPETUAL,TICK,0,3891.55,0
1762010059098,ETH-PERPETUAL,TICK,0,3891.55,0
1762010059132,ETH-PERPETUAL,TICK,0,3892.3,0
1762010059136,ETH-PERPETUAL,TICK,0,3892.3,0
1762010059168,ETH-PERPETUAL,TICK,0,3891.6,0
1762010059173,ETH-PERPETUAL,TICK,0,3891.6,0
1762010059205,ETH-PERPETUAL,TICK,0,3892.25,0
1762010059210,ETH-PERPETUAL,TICK,0,3892.25,0
1762010059240,ETH-PERPETUAL,TICK,0,3891.65,0
1762010059243,ETH-PERPETUAL,TICK,0,3891.65,0
1762010059277,ETH-PERPETUAL,TICK,0,3892,0
1762010059281,ETH-PERPETUAL,TICK,0,3892,0
1762010059313,ETH-PERPETUAL,TICK,0,3891.75,0
1762010059318,ETH-PERPETUAL,TICK,0,3891.75,0
1762010059349,ETH-PERPETUAL,TICK,0,3891.95,0
1762010059353,ETH-PERPETUAL,TICK,0,3891.95,0
1762010059384,ETH-PERPETUAL,TICK,0,3891.9,0
1762010059388,ETH-PERPETUAL,TICK,0,3891.9,0
1762010059517,BTC-PERPETUAL,TICK,0,110192,0
1762010059521,BTC-PERPETUAL,TICK,0,110192,0
1762010059556,BTC-PERPETUAL,TICK,0,0,0
1762010059564,BTC-PERPETUAL,TICK,0,0,0
1762010059594,BTC-PERPETUAL,TICK,0,110191,0
1762010059599,BTC-PERPETUAL,TICK,0,110191,0
1762010059631,BTC-PERPETUAL,TICK,0,110151,0
1762010059636,BTC-PERPETUAL,TICK,0,110151,0
1762010059673,BTC-PERPETUAL,TICK,0,110189,0
1762010059678,BTC-PERPETUAL,TICK,0,110189,0
1762010059713,BTC-PERPETUAL,TICK,0,110152,0
1762010059718,BTC-PERPETUAL,TICK,0,110152,0
1762010059750,BTC-PERPETUAL,TICK,0,110188,0
1762010059754,BTC-PERPETUAL,TICK,0,110188,0
1762010059789,BTC-PERPETUAL,TICK,0,110152,0
1762010059794,BTC-PERPETUAL,TICK,0,110152,0
1762010059826,BTC-PERPETUAL,TICK,0,110187,0
1762010059831,BTC-PERPETUAL,TICK,0,110187,0
1762010059863,BTC-PERPETUAL,TICK,0,110154,0
1762010059869,BTC-PERPETUAL,TICK,0,110154,0
1762010059906,BTC-PERPETUAL,TICK,0,110186,0
1762010059912,BTC-PERPETUAL,TICK,0,110186,0
1762010059949,BTC-PERPETUAL,TICK,0,110186,0
1762010059954,BTC-PERPETUAL,TICK,0,110186,0
1762010059992,BTC-PERPETUAL,TICK,0,110156,0
1762010059999,BTC-PERPETUAL,TICK,0,110156,0
1762010060035,BTC-PERPETUAL,TICK,0,110184,0
1762010060040,BTC-PERPETUAL,TICK,0,110184,0
1762010060075,BTC-PERPETUAL,TICK,0,110158,0
1762010060079,BTC-PERPETUAL,TICK,0,110158,0
1762010060116,BTC-PERPETUAL,TICK,0,110183,0
1762010060121,BTC-PERPETUAL,TICK,0,110183,0
1762010060161,BTC-PERPETUAL,TICK,0,110158,0
1762010060165,BTC-PERPETUAL,TICK,0,110158,0
1762010060203,BTC-PERPETUAL,TICK,0,110182,0
1762010060207,BTC-PERPETUAL,TICK,0,110182,0
1762010060242,BTC-PERPETUAL,TICK,0,110160,0
1762010060247,BTC-PERPETUAL,TICK,0,110160,0
1762010060280,BTC-PERPETUAL,TICK,0,110180,0
1762010060285,BTC-PERPETUAL,TICK,0,110180,0
1762010060312,BTC-PERPETUAL,TICK,0,110160,0
1762010060316,BTC-PERPETUAL,TICK,0,110160,0
1762010060346,BTC-PERPETUAL,TICK,0,110179,0
1762010060351,BTC-PERPETUAL,TICK,0,110179,0
1762010060381,BTC-PERPETUAL,TICK,0,110161,0
1762010060387,BTC-PERPETUAL,TICK,0,110161,0
1762010060417,BTC-PERPETUAL,TICK,0,110178,0
1762010060422,BTC-PERPETUAL,TICK,0,110178,0
1762010060452,BTC-PERPETUAL,TICK,0,110164,0
1762010060457,BTC-PERPETUAL,TICK,0,110164,0
1762010060487,BTC-PERPETUAL,TICK,0,110178,0
1762010060492,BTC-PERPETUAL,TICK,0,110178,0
1762010060523,BTC-PERPETUAL,TICK,0,110164,0
1762010060526,BTC-PERPETUAL,TICK,0,110164,0
1762010060560,BTC-PERPETUAL,TICK,0,110176,0
1762010060564,BTC-PERPETUAL,TICK,0,110176,0
1762010060596,BTC-PERPETUAL,TICK,0,110165,0
1762010060600,BTC-PERPETUAL,TICK,0,110165,0
1762010060631,BTC-PERPETUAL,TICK,0,110176,0
1762010060635,BTC-PERPETUAL,TICK,0,110176,0
1762010060672,BTC-PERPETUAL,TICK,0,110168,0
1762010060677,BTC-PERPETUAL,TICK,0,110168,0
1762010060711,BTC-PERPETUAL,TICK,0,110174,0
1762010060716,BTC-PERPETUAL,TICK,0,110174,0
1762010060751,BTC-PERPETUAL,TICK,0,110228,0
1762010060757,BTC-PERPETUAL,TICK,0,110228,0
1762010060789,BTC-PERPETUAL,TICK,0,110174,0
1762010060792,BTC-PERPETUAL,TICK,0,110176,0
1762010060798,BTC-PERPETUAL,TICK,0,110174,0
1762010060802,BTC-PERPETUAL,TICK,0,110176,0
1762010060807,BTC-PERPETUAL,TICK,0,110176,0
1762010060811,BTC-PERPETUAL,TICK,0,110176,0
1762010060814,BTC-PERPETUAL,TICK,0,110178,0
1762010060818,BTC-PERPETUAL,TICK,0,110178,0
1762010060822,BTC-PERPETUAL,TICK,0,110178,0
1762010060826,BTC-PERPETUAL,TICK,0,110178,0
1762010060831,BTC-PERPETUAL,TICK,0,110179,0
1762010060835,BTC-PERPETUAL,TICK,0,110180,0
1762010060839,BTC-PERPETUAL,TICK,0,110179,0
1762010060844,BTC-PERPETUAL,TICK,0,110182,0
1762010060848,BTC-PERPETUAL,TICK,0,110180,0
1762010060851,BTC-PERPETUAL,TICK,0,110182,0
1762010060855,BTC-PERPETUAL,TICK,0,110183,0
1762010060859,BTC-PERPETUAL,TICK,0,110184,0
1762010060863,BTC-PERPETUAL,TICK,0,110183,0
1762010060867,BTC-PERPETUAL,TICK,0,110184,0
1762010060870,BTC-PERPETUAL,TICK,0,110186,0
1762010060875,BTC-PERPETUAL,TICK,0,110186,0
1762010060880,BTC-PERPETUAL,TICK,0,110186,0
1762010060885,BTC-PERPETUAL,TICK,0,110186,0
1762010060889,BTC-PERPETUAL,TICK,0,110187,0
1762010060893,BTC-PERPETUAL,TICK,0,110187,0
1762010060897,BTC-PERPETUAL,TICK,0,110188,0
1762010060901,BTC-PERPETUAL,TICK,0,110189,0
1762010060904,BTC-PERPETUAL,TICK,0,110188,0
1762010060908,BTC-PERPETUAL,TICK,0,110189,0
1762010060912,BTC-PERPETUAL,TICK,0,110191,0
1762010060916,BTC-PERPETUAL,TICK,0,110191,0
1762010060921,BTC-PERPETUAL,TICK,0,110192,0
1762010060925,BTC-PERPETUAL,TICK,0,110192,0
1762010060929,BTC-PERPETUAL,TICK,0,110192,0
1762010060932,BTC-PERPETUAL,TICK,0,110192,0
1762010060936,BTC-PERPETUAL,TICK,0,110194,0
1762010060940,BTC-PERPETUAL,TICK,0,110194,0
1762010060943,BTC-PERPETUAL,TICK,0,110194,0
1762010060947,BTC-PERPETUAL,TICK,0,110194,0
1762010060952,BTC-PERPETUAL,TICK,0,110228,0
1762010060956,BTC-PERPETUAL,TICK,0,110228,0
1762010060959,BTC-PERPETUAL,TICK,0,110168,0
1762010060963,BTC-PERPETUAL,TICK,0,110168,0
1762010060966,BTC-PERPETUAL,TICK,0,110169,0
1762010060969,BTC-PERPETUAL,TICK,0,110169,0
1762010060973,BTC-PERPETUAL,TICK,0,110170,0
1762010060976,BTC-PERPETUAL,TICK,0,110170,0
1762010060979,BTC-PERPETUAL,TICK,0,110172,0
1762010060983,BTC-PERPETUAL,TICK,0,110172,0
1762010063222,ETH-PERPETUAL,TICK,0,3892.9,0
1762010063227,ETH-PERPETUAL,TICK,0,3892.9,0
1762010063269,ETH-PERPETUAL,TICK,0,3889.3,0
1762010063273,ETH-PERPETUAL,TICK,0,3889.3,0
1762010063309,ETH-PERPETUAL,TICK,0,3892.85,0
1762010063314,ETH-PERPETUAL,TICK,0,3892.85,0
1762010063347,ETH-PERPETUAL,TICK,0,3889.35,0
1762010063352,ETH-PERPETUAL,TICK,0,3889.35,0
1762010063385,ETH-PERPETUAL,TICK,0,3892.75,0
1762010063392,ETH-PERPETUAL,TICK,0,3892.75,0
1762010063428,ETH-PERPETUAL,TICK,0,3889.4,0
1762010063434,ETH-PERPETUAL,TICK,0,3889.4,0
1762010063473,ETH-PERPETUAL,TICK,0,3892.7,0
1762010063480,ETH-PERPETUAL,TICK,0,3892.7,0
1762010063516,ETH-PERPETUAL,TICK,0,3889.6,0
1762010063519,ETH-PERPETUAL,TICK,0,3889.6,0
1762010063556,ETH-PERPETUAL,TICK,0,3892.65,0
1762010063563,ETH-PERPETUAL,TICK,0,3892.65,0
1762010063603,ETH-PERPETUAL,TICK,0,3889.65,0
1762010063608,ETH-PERPETUAL,TICK,0,3889.65,0
1762010063645,ETH-PERPETUAL,TICK,0,3892.5,0
1762010063651,ETH-PERPETUAL,TICK,0,3892.5,0
1762010063685,ETH-PERPETUAL,TICK,0,3889.75,0
1762010063690,ETH-PERPETUAL,TICK,0,3889.75,0
1762010063725,ETH-PERPETUAL,TICK,0,3892.4,0
1762010063729,ETH-PERPETUAL,TICK,0,3892.4,0
1762010063764,ETH-PERPETUAL,TICK,0,3889.85,0
1762010063768,ETH-PERPETUAL,TICK,0,3889.85,0
1762010063801,ETH-PERPETUAL,TICK,0,3892.35,0
1762010063806,ETH-PERPETUAL,TICK,0,3892.35,0
1762010063839,ETH-PERPETUAL,TICK,0,3889.9,0
1762010063844,ETH-PERPETUAL,TICK,0,3889.9,0
1762010063878,ETH-PERPETUAL,TICK,0,3892.3,0
1762010063884,ETH-PERPETUAL,TICK,0,3892.3,0
1762010063917,ETH-PERPETUAL,TICK,0,3890,0
1762010063922,ETH-PERPETUAL,TICK,0,3890,0
1762010063957,ETH-PERPETUAL,TICK,0,3892.25,0
1762010063962,ETH-PERPETUAL,TICK,0,3892.25,0
1762010063999,ETH-PERPETUAL,TICK,0,3890.05,0
1762010064005,ETH-PERPETUAL,TICK,0,3890.05,0
1762010064039,ETH-PERPETUAL,TICK,0,3892.2,0
1762010064045,ETH-PERPETUAL,TICK,0,3892.2,0
1762010064083,ETH-PERPETUAL,TICK,0,3890.1,0
1762010064089,ETH-PERPETUAL,TICK,0,3890.1,0
1762010064123,ETH-PERPETUAL,TICK,0,3892,0
1762010064129,ETH-PERPETUAL,TICK,0,3892,0
1762010064171,ETH-PERPETUAL,TICK,0,3890.15,0
1762010064175,ETH-PERPETUAL,TICK,0,3890.15,0
1762010064210,ETH-PERPETUAL,TICK,0,3891.95,0
1762010064216,ETH-PERPETUAL,TICK,0,3891.95,0
1762010064250,ETH-PERPETUAL,TICK,0,3890.25,0
1762010064256,ETH-PERPETUAL,TICK,0,3890.25,0
1762010064291,ETH-PERPETUAL,TICK,0,3891.9,0
1762010064297,ETH-PERPETUAL,TICK,0,3891.9,0
1762010064336,ETH-PERPETUAL,TICK,0,3890.3,0
1762010064343,ETH-PERPETUAL,TICK,0,3890.3,0
1762010064380,ETH-PERPETUAL,TICK,0,3891.85,0
1762010064386,ETH-PERPETUAL,TICK,0,3891.85,0
1762010064419,ETH-PERPETUAL,TICK,0,3890.4,0
1762010064425,ETH-PERPETUAL,TICK,0,3890.4,0
1762010064466,ETH-PERPETUAL,TICK,0,3891.75,0
1762010064472,ETH-PERPETUAL,TICK,0,3891.75,0
1762010064507,ETH-PERPETUAL,TICK,0,3890.65,0
1762010064511,ETH-PERPETUAL,TICK,0,3890.65,0
1762010064547,ETH-PERPETUAL,TICK,0,3891.6,0
1762010064551,ETH-PERPETUAL,TICK,0,3891.6,0
1762010064586,ETH-PERPETUAL,TICK,0,3890.75,0
1762010064590,ETH-PERPETUAL,TICK,0,3890.75,0
1762010064626,ETH-PERPETUAL,TICK,0,3891.55,0
1762010064629,ETH-PERPETUAL,TICK,0,3891.55,0
1762010064665,ETH-PERPETUAL,TICK,0,3890.8,0
1762010064670,ETH-PERPETUAL,TICK,0,3890.8,0
1762010064705,ETH-PERPETUAL,TICK,0,3891.5,0
1762010064711,ETH-PERPETUAL,TICK,0,3891.5,0
1762010064746,ETH-PERPETUAL,TICK,0,3891,0
1762010064751,ETH-PERPETUAL,TICK,0,3891,0
1762010064815,ETH-PERPETUAL,TICK,0,3891.1,0
1762010064824,ETH-PERPETUAL,TICK,0,3891.1,0
1762010064871,ETH-PERPETUAL,TICK,0,3891.05,0
1762010064881,ETH-PERPETUAL,TICK,0,3891.05,0
1762010064924,BTC-PERPETUAL,TICK,0,110200,0
1762010064934,BTC-PERPETUAL,TICK,0,110200,0
1762010064979,ETH-PERPETUAL,TICK,0,3892.95,0
1762010064993,ETH-PERPETUAL,TICK,0,3892.95,0
1762010065042,BTC-PERPETUAL,TICK,0,110189,0
1762010065052,BTC-PERPETUAL,TICK,0,110189,0
1762010065104,BTC-PERPETUAL,TICK,0,110154,0
1762010065110,BTC-PERPETUAL,TICK,0,110154,0
1762010065157,BTC-PERPETUAL,TICK,0,110188,0
1762010065163,BTC-PERPETUAL,TICK,0,110188,0
1762010065206,BTC-PERPETUAL,TICK,0,110154,0
1762010065210,BTC-PERPETUAL,TICK,0,110154,0
1762010065245,BTC-PERPETUAL,TICK,0,110187,0
1762010065250,BTC-PERPETUAL,TICK,0,110187,0
1762010065282,BTC-PERPETUAL,TICK,0,110156,0
1762010065288,BTC-PERPETUAL,TICK,0,110156,0
1762010065320,BTC-PERPETUAL,TICK,0,110186,0
1762010065326,BTC-PERPETUAL,TICK,0,110186,0
1762010065358,BTC-PERPETUAL,TICK,0,110158,0
1762010065363,BTC-PERPETUAL,TICK,0,110158,0
1762010065394,BTC-PERPETUAL,TICK,0,110184,0
1762010065398,BTC-PERPETUAL,TICK,0,110184,0
1762010065431,BTC-PERPETUAL,TICK,0,110160,0
1762010065436,BTC-PERPETUAL,TICK,0,110160,0
1762010065468,BTC-PERPETUAL,TICK,0,110183,0
1762010065473,BTC-PERPETUAL,TICK,0,110183,0
1762010065504,BTC-PERPETUAL,TICK,0,110161,0
1762010065508,BTC-PERPETUAL,TICK,0,110161,0
1762010065540,BTC-PERPETUAL,TICK,0,110182,0
1762010065545,BTC-PERPETUAL,TICK,0,110182,0
1762010065576,BTC-PERPETUAL,TICK,0,110164,0
1762010065581,BTC-PERPETUAL,TICK,0,110164,0
1762010065611,BTC-PERPETUAL,TICK,0,110181,0
1762010065617,BTC-PERPETUAL,TICK,0,110181,0
1762010065649,BTC-PERPETUAL,TICK,0,110164,0
1762010065654,BTC-PERPETUAL,TICK,0,110164,0
1762010065686,BTC-PERPETUAL,TICK,0,110180,0
1762010065691,BTC-PERPETUAL,TICK,0,110180,0
1762010065725,BTC-PERPETUAL,TICK,0,110165,0
1762010065730,BTC-PERPETUAL,TICK,0,110165,0
1762010065761,BTC-PERPETUAL,TICK,0,110180,0
1762010065766,BTC-PERPETUAL,TICK,0,110180,0
1762010065797,BTC-PERPETUAL,TICK,0,110166,0
1762010065802,BTC-PERPETUAL,TICK,0,110166,0
1762010065832,BTC-PERPETUAL,TICK,0,110180,0
1762010065836,BTC-PERPETUAL,TICK,0,110180,0
1762010065866,BTC-PERPETUAL,TICK,0,110166,0
1762010065871,BTC-PERPETUAL,TICK,0,110166,0
1762010065901,BTC-PERPETUAL,TICK,0,110179,0
1762010065904,BTC-PERPETUAL,TICK,0,110179,0
1762010065934,BTC-PERPETUAL,TICK,0,110167,0
1762010065939,BTC-PERPETUAL,TICK,0,110167,0
1762010065968,BTC-PERPETUAL,TICK,0,110178,0
1762010065973,BTC-PERPETUAL,TICK,0,110178,0
1762010066002,BTC-PERPETUAL,TICK,0,110168,0
1762010066006,BTC-PERPETUAL,TICK,0,110168,0
1762010066035,BTC-PERPETUAL,TICK,0,110176,0
1762010066040,BTC-PERPETUAL,TICK,0,110176,0
1762010066069,BTC-PERPETUAL,TICK,0,110168,0
1762010066074,BTC-PERPETUAL,TICK,0,110168,0
1762010066103,BTC-PERPETUAL,TICK,0,110176,0
1762010066107,BTC-PERPETUAL,TICK,0,110176,0
1762010066136,BTC-PERPETUAL,TICK,0,110168,0
1762010066141,BTC-PERPETUAL,TICK,0,110168,0
1762010066171,BTC-PERPETUAL,TICK,0,110176,0
1762010066175,BTC-PERPETUAL,TICK,0,110176,0
1762010066205,BTC-PERPETUAL,TICK,0,110169,0
1762010066210,BTC-PERPETUAL,TICK,0,110169,0
1762010066243,BTC-PERPETUAL,TICK,0,110174,0
1762010066247,BTC-PERPETUAL,TICK,0,110174,0
1762010066278,BTC-PERPETUAL,TICK,0,110170,0
1762010066283,BTC-PERPETUAL,TICK,0,110170,0
1762010066313,BTC-PERPETUAL,TICK,0,110174,0
1762010066317,BTC-PERPETUAL,TICK,0,110174,0
1762010066345,BTC-PERPETUAL,TICK,0,110170,0
1762010066349,BTC-PERPETUAL,TICK,0,110170,0
1762010066378,BTC-PERPETUAL,TICK,0,110174,0
1762010066383,BTC-PERPETUAL,TICK,0,110174,0
1762010066412,BTC-PERPETUAL,TICK,0,110170,0
1762010066417,BTC-PERPETUAL,TICK,0,110170,0
1762010066444,BTC-PERPETUAL,TICK,0,110173,0
1762010066449,BTC-PERPETUAL,TICK,0,110173,0
1762010066478,BTC-PERPETUAL,TICK,0,110172,0
1762010066481,BTC-PERPETUAL,TICK,0,110172,0
1762010066512,BTC-PERPETUAL,TICK,0,110168,0
1762010066517,BTC-PERPETUAL,TICK,0,110168,0
1762010066547,BTC-PERPETUAL,TICK,0,110172,0
1762010066551,BTC-PERPETUAL,TICK,0,110170,0
1762010066554,BTC-PERPETUAL,TICK,0,110172,0
1762010066558,BTC-PERPETUAL,TICK,0,110170,0
1762010066561,BTC-PERPETUAL,TICK,0,110170,0
1762010066564,BTC-PERPETUAL,TICK,0,110170,0
1762010066567,BTC-PERPETUAL,TICK,0,110170,0
1762010066570,BTC-PERPETUAL,TICK,0,110170,0
1762010066573,BTC-PERPETUAL,TICK,0,110169,0
1762010066576,BTC-PERPETUAL,TICK,0,110168,0
1762010066579,BTC-PERPETUAL,TICK,0,110169,0
1762010066582,BTC-PERPETUAL,TICK,0,110168,0
1762010066958,BTC-PERPETUAL,TICK,0,110168,0
1762010066962,BTC-PERPETUAL,TICK,0,110168,0
1762010068399,BTC-PERPETUAL,TICK,0,110168,0
1762010068404,BTC-PERPETUAL,TICK,0,110168,0
1762010068484,ETH-PERPETUAL,TICK,0,3892.95,0
1762010068487,ETH-PERPETUAL,TICK,0,3892.95,0
1762010068516,ETH-PERPETUAL,TICK,0,3889.8,0
1762010068520,ETH-PERPETUAL,TICK,0,3889.8,0
1762010068547,ETH-PERPETUAL,TICK,0,3892.9,0
1762010068550,ETH-PERPETUAL,TICK,0,3892.9,0
1762010068576,ETH-PERPETUAL,TICK,0,3890,0
1762010068583,ETH-PERPETUAL,TICK,0,3890,0
1762010068608,ETH-PERPETUAL,TICK,0,3892.85,0
1762010068613,ETH-PERPETUAL,TICK,0,3892.85,0
1762010068640,ETH-PERPETUAL,TICK,0,3890.05,0
1762010068643,ETH-PERPETUAL,TICK,0,3890.05,0
1762010068671,ETH-PERPETUAL,TICK,0,3892.75,0
1762010068674,ETH-PERPETUAL,TICK,0,3892.75,0
1762010068701,ETH-PERPETUAL,TICK,0,3890.1,0
1762010068705,ETH-PERPETUAL,TICK,0,3890.1,0
1762010068731,ETH-PERPETUAL,TICK,0,3892.7,0
1762010068736,ETH-PERPETUAL,TICK,0,3892.7,0
1762010068763,ETH-PERPETUAL,TICK,0,3890.15,0
1762010068767,ETH-PERPETUAL,TICK,0,3890.15,0
1762010068794,ETH-PERPETUAL,TICK,0,3892.65,0
1762010068798,ETH-PERPETUAL,TICK,0,3892.65,0
1762010068827,ETH-PERPETUAL,TICK,0,3890.25,0
1762010068832,ETH-PERPETUAL,TICK,0,3890.25,0
1762010068859,ETH-PERPETUAL,TICK,0,3892.55,0
1762010068863,ETH-PERPETUAL,TICK,0,3892.55,0
1762010068889,BTC-PERPETUAL,TICK,0,110168,0
1762010068894,BTC-PERPETUAL,TICK,0,110168,0
1762010068899,BTC-PERPETUAL,TICK,0,110168,0
1762010068902,BTC-PERPETUAL,TICK,0,110168,0
1762010068905,BTC-PERPETUAL,TICK,0,110167,0
1762010068909,BTC-PERPETUAL,TICK,0,110167,0
1762010068912,BTC-PERPETUAL,TICK,0,110166,0
1762010068915,BTC-PERPETUAL,TICK,0,110166,0
1762010068919,BTC-PERPETUAL,TICK,0,110166,0
1762010068922,BTC-PERPETUAL,TICK,0,110166,0
1762010068925,ETH-PERPETUAL,TICK,0,3892.5,0
1762010068928,ETH-PERPETUAL,TICK,0,3892.5,0
1762010068954,ETH-PERPETUAL,TICK,0,3890.35,0
1762010068957,ETH-PERPETUAL,TICK,0,3890.35,0
1762010068985,ETH-PERPETUAL,TICK,0,3892.4,0
1762010068988,ETH-PERPETUAL,TICK,0,3892.4,0
1762010069017,ETH-PERPETUAL,TICK,0,3890.4,0
1762010069021,ETH-PERPETUAL,TICK,0,3890.4,0
1762010069048,ETH-PERPETUAL,TICK,0,3892.35,0
1762010069051,ETH-PERPETUAL,TICK,0,3892.35,0
1762010069080,ETH-PERPETUAL,TICK,0,3890.55,0
1762010069083,ETH-PERPETUAL,TICK,0,3890.55,0
1762010069113,ETH-PERPETUAL,TICK,0,3892.3,0
1762010069118,ETH-PERPETUAL,TICK,0,3892.3,0
1762010069148,ETH-PERPETUAL,TICK,0,3890.6,0
1762010069155,ETH-PERPETUAL,TICK,0,3890.6,0
1762010069185,ETH-PERPETUAL,TICK,0,3892.25,0
1762010069189,ETH-PERPETUAL,TICK,0,3892.25,0
1762010069220,ETH-PERPETUAL,TICK,0,3890.65,0
1762010069225,ETH-PERPETUAL,TICK,0,3890.65,0
1762010069254,ETH-PERPETUAL,TICK,0,3892.2,0
1762010069260,ETH-PERPETUAL,TICK,0,3892.2,0
1762010069292,ETH-PERPETUAL,TICK,0,3890.75,0
1762010069297,ETH-PERPETUAL,TICK,0,3890.75,0
1762010069326,ETH-PERPETUAL,TICK,0,3892,0
1762010069331,ETH-PERPETUAL,TICK,0,3892,0
1762010069359,ETH-PERPETUAL,TICK,0,3890.8,0
1762010069364,ETH-PERPETUAL,TICK,0,3890.8,0
1762010069393,ETH-PERPETUAL,TICK,0,3891.95,0
1762010069397,ETH-PERPETUAL,TICK,0,3891.95,0
1762010069426,ETH-PERPETUAL,TICK,0,3891,0
1762010069430,ETH-PERPETUAL,TICK,0,3891,0
1762010069459,ETH-PERPETUAL,TICK,0,3891.9,0
1762010069462,ETH-PERPETUAL,TICK,0,3891.9,0
1762010069492,ETH-PERPETUAL,TICK,0,3891.05,0
1762010069496,ETH-PERPETUAL,TICK,0,3891.05,0
1762010069525,ETH-PERPETUAL,TICK,0,3891.85,0
1762010069530,ETH-PERPETUAL,TICK,0,3891.85,0
1762010069557,ETH-PERPETUAL,TICK,0,3891.1,0
1762010069561,ETH-PERPETUAL,TICK,0,3891.1,0
1762010069590,ETH-PERPETUAL,TICK,0,3891.75,0
1762010069594,ETH-PERPETUAL,TICK,0,3891.75,0
1762010069621,ETH-PERPETUAL,TICK,0,3891.15,0
1762010069626,ETH-PERPETUAL,TICK,0,3891.15,0
1762010069653,ETH-PERPETUAL,TICK,0,3891.7,0
1762010069658,ETH-PERPETUAL,TICK,0,3891.7,0
1762010069686,BTC-PERPETUAL,TICK,0,110166,0
1762010069690,BTC-PERPETUAL,TICK,0,110166,0
1762010069694,BTC-PERPETUAL,TICK,0,110166,0
1762010069697,BTC-PERPETUAL,TICK,0,110166,0
1762010069720,ETH-PERPETUAL,TICK,0,3891.25,0
1762010069724,ETH-PERPETUAL,TICK,0,3891.25,0
1762010069753,ETH-PERPETUAL,TICK,0,3891.45,0
1762010069757,ETH-PERPETUAL,TICK,0,3891.45,0
1762010069787,ETH-PERPETUAL,TICK,0,3891.4,0
1762010069791,ETH-PERPETUAL,TICK,0,3891.4,0
1762010070047,BTC-PERPETUAL,TICK,0,110192,0
1762010070052,BTC-PERPETUAL,TICK,0,110192,0
1762010070089,BTC-PERPETUAL,TICK,0,110152,0
1762010070094,BTC-PERPETUAL,TICK,0,110152,0
1762010070119,BTC-PERPETUAL,TICK,0,110192,0
1762010070124,BTC-PERPETUAL,TICK,0,110192,0
1762010070151,BTC-PERPETUAL,TICK,0,110152,0
1762010070154,BTC-PERPETUAL,TICK,0,110152,0
1762010070180,BTC-PERPETUAL,TICK,0,110191,0
1762010070184,BTC-PERPETUAL,TICK,0,110191,0
1762010070210,BTC-PERPETUAL,TICK,0,110154,0
1762010070213,BTC-PERPETUAL,TICK,0,110154,0
1762010070240,BTC-PERPETUAL,TICK,0,110190,0
1762010070244,BTC-PERPETUAL,TICK,0,110190,0
1762010070272,BTC-PERPETUAL,TICK,0,110154,0
1762010070275,BTC-PERPETUAL,TICK,0,110154,0
1762010070303,BTC-PERPETUAL,TICK,0,110190,0
1762010070307,BTC-PERPETUAL,TICK,0,110190,0
1762010070334,BTC-PERPETUAL,TICK,0,110154,0
1762010070338,BTC-PERPETUAL,TICK,0,110154,0
1762010070370,BTC-PERPETUAL,TICK,0,110189,0
1762010070373,BTC-PERPETUAL,TICK,0,110189,0
1762010070404,BTC-PERPETUAL,TICK,0,110155,0
1762010070408,BTC-PERPETUAL,TICK,0,110155,0
1762010070438,BTC-PERPETUAL,TICK,0,110188,0
1762010070443,BTC-PERPETUAL,TICK,0,110188,0
1762010070473,BTC-PERPETUAL,TICK,0,110158,0
1762010070478,BTC-PERPETUAL,TICK,0,110158,0
1762010070507,BTC-PERPETUAL,TICK,0,110187,0
1762010070511,BTC-PERPETUAL,TICK,0,110187,0
1762010070538,BTC-PERPETUAL,TICK,0,110160,0
1762010070542,BTC-PERPETUAL,TICK,0,110160,0
1762010070571,BTC-PERPETUAL,TICK,0,110184,0
1762010070575,BTC-PERPETUAL,TICK,0,110184,0
1762010070605,BTC-PERPETUAL,TICK,0,110161,0
1762010070610,BTC-PERPETUAL,TICK,0,110161,0
1762010070638,BTC-PERPETUAL,TICK,0,110183,0
1762010070643,BTC-PERPETUAL,TICK,0,110183,0
1762010070671,BTC-PERPETUAL,TICK,0,110164,0
1762010070675,BTC-PERPETUAL,TICK,0,110164,0
1762010070705,BTC-PERPETUAL,TICK,0,110182,0
1762010070709,BTC-PERPETUAL,TICK,0,110182,0
1762010070738,BTC-PERPETUAL,TICK,0,110164,0
1762010070741,BTC-PERPETUAL,TICK,0,110164,0
1762010070770,BTC-PERPETUAL,TICK,0,110180,0
1762010070775,BTC-PERPETUAL,TICK,0,110180,0
1762010070805,BTC-PERPETUAL,TICK,0,110165,0
1762010070810,BTC-PERPETUAL,TICK,0,110165,0
1762010070839,BTC-PERPETUAL,TICK,0,110180,0
1762010070843,BTC-PERPETUAL,TICK,0,110180,0
1762010070876,BTC-PERPETUAL,TICK,0,110166,0
1762010070880,BTC-PERPETUAL,TICK,0,110166,0
1762010070884,BTC-PERPETUAL,TICK,0,110166,0
1762010070888,BTC-PERPETUAL,TICK,0,110166,0
1762010070909,BTC-PERPETUAL,TICK,0,110179,0
1762010070914,BTC-PERPETUAL,TICK,0,110179,0
1762010070942,BTC-PERPETUAL,TICK,0,110166,0
1762010070947,BTC-PERPETUAL,TICK,0,110166,0
1762010070951,BTC-PERPETUAL,TICK,0,110166,0
1762010070955,BTC-PERPETUAL,TICK,0,110166,0
1762010070978,BTC-PERPETUAL,TICK,0,110176,0
1762010070983,BTC-PERPETUAL,TICK,0,110176,0
1762010071012,BTC-PERPETUAL,TICK,0,110166,0
1762010071016,BTC-PERPETUAL,TICK,0,110166,0
1762010071020,BTC-PERPETUAL,TICK,0,110166,0
1762010071024,BTC-PERPETUAL,TICK,0,110166,0
1762010071048,BTC-PERPETUAL,TICK,0,110176,0
1762010071052,BTC-PERPETUAL,TICK,0,110176,0
1762010071082,BTC-PERPETUAL,TICK,0,110166,0
1762010071087,BTC-PERPETUAL,TICK,0,110166,0
1762010071091,BTC-PERPETUAL,TICK,0,110166,0
1762010071095,BTC-PERPETUAL,TICK,0,110166,0
1762010071118,BTC-PERPETUAL,TICK,0,110174,0
1762010071123,BTC-PERPETUAL,TICK,0,110174,0
1762010071151,BTC-PERPETUAL,TICK,0,110166,0
1762010071155,BTC-PERPETUAL,TICK,0,110166,0
1762010071159,BTC-PERPETUAL,TICK,0,110166,0
1762010071162,BTC-PERPETUAL,TICK,0,110166,0
1762010071186,BTC-PERPETUAL,TICK,0,110174,0
1762010071190,BTC-PERPETUAL,TICK,0,110174,0
1762010071219,BTC-PERPETUAL,TICK,0,110166,0
1762010071224,BTC-PERPETUAL,TICK,0,110166,0
1762010071228,BTC-PERPETUAL,TICK,0,110166,0
1762010071231,BTC-PERPETUAL,TICK,0,110166,0
1762010071253,BTC-PERPETUAL,TICK,0,110174,0
1762010071257,BTC-PERPETUAL,TICK,0,110174,0
1762010071286,BTC-PERPETUAL,TICK,0,110166,0
1762010071290,BTC-PERPETUAL,TICK,0,110166,0
1762010071295,BTC-PERPETUAL,TICK,0,110166,0
1762010071299,BTC-PERPETUAL,TICK,0,110166,0
1762010071323,BTC-PERPETUAL,TICK,0,110173,0
1762010071327,BTC-PERPETUAL,TICK,0,110173,0
1762010071358,BTC-PERPETUAL,TICK,0,110166,0
1762010071363,BTC-PERPETUAL,TICK,0,110166,0
1762010071368,BTC-PERPETUAL,TICK,0,110166,0
1762010071371,BTC-PERPETUAL,TICK,0,110166,0
1762010072035,ETH-PERPETUAL,TICK,0,3892.95,0
1762010072039,ETH-PERPETUAL,TICK,0,3892.95,0
1762010072098,BTC-PERPETUAL,TICK,0,0,0
1762010072102,BTC-PERPETUAL,TICK,0,0,0
1762010072571,BTC-PERPETUAL,TICK,0,110165,0
1762010072577,BTC-PERPETUAL,TICK,0,110164,0
1762010072581,BTC-PERPETUAL,TICK,0,110165,0
1762010072585,BTC-PERPETUAL,TICK,0,110164,0
1762010072589,BTC-PERPETUAL,TICK,0,110164,0
1762010072593,BTC-PERPETUAL,TICK,0,110164,0
1762010072597,BTC-PERPETUAL,TICK,0,110161,0
1762010072601,BTC-PERPETUAL,TICK,0,110161,0
1762010072605,BTC-PERPETUAL,TICK,0,110160,0
1762010072609,BTC-PERPETUAL,TICK,0,110160,0
1762010073750,ETH-PERPETUAL,TICK,0,3892.85,0
1762010073755,ETH-PERPETUAL,TICK,0,3892.85,0
1762010073794,ETH-PERPETUAL,TICK,0,3889.75,0
1762010073798,ETH-PERPETUAL,TICK,0,3889.75,0
1762010073825,ETH-PERPETUAL,TICK,0,3892.75,0
1762010073828,ETH-PERPETUAL,TICK,0,3892.75,0
1762010073857,ETH-PERPETUAL,TICK,0,3889.85,0
1762010073861,ETH-PERPETUAL,TICK,0,3889.85,0
1762010073888,ETH-PERPETUAL,TICK,0,3892.7,0
1762010073891,ETH-PERPETUAL,TICK,0,3892.7,0
1762010073920,ETH-PERPETUAL,TICK,0,3889.9,0
1762010073924,ETH-PERPETUAL,TICK,0,3889.9,0
1762010073951,ETH-PERPETUAL,TICK,0,3892.65,0
1762010073956,ETH-PERPETUAL,TICK,0,3892.65,0
1762010073983,ETH-PERPETUAL,TICK,0,3890,0
1762010073987,ETH-PERPETUAL,TICK,0,3890,0
1762010074014,ETH-PERPETUAL,TICK,0,3892.55,0
1762010074018,ETH-PERPETUAL,TICK,0,3892.55,0
1762010074046,ETH-PERPETUAL,TICK,0,3890.05,0
1762010074050,ETH-PERPETUAL,TICK,0,3890.05,0
1762010074079,ETH-PERPETUAL,TICK,0,3892.5,0
1762010074083,ETH-PERPETUAL,TICK,0,3892.5,0
1762010074110,ETH-PERPETUAL,TICK,0,3890.1,0
1762010074113,ETH-PERPETUAL,TICK,0,3890.1,0
1762010074143,ETH-PERPETUAL,TICK,0,3892.45,0
1762010074147,ETH-PERPETUAL,TICK,0,3892.45,0
1762010074178,ETH-PERPETUAL,TICK,0,3890.15,0
1762010074182,ETH-PERPETUAL,TICK,0,3890.15,0
1762010074211,ETH-PERPETUAL,TICK,0,3892.4,0
1762010074216,ETH-PERPETUAL,TICK,0,3892.4,0
1762010074245,ETH-PERPETUAL,TICK,0,3890.25,0
1762010074249,ETH-PERPETUAL,TICK,0,3890.25,0
1762010074280,ETH-PERPETUAL,TICK,0,3892.35,0
1762010074284,ETH-PERPETUAL,TICK,0,3892.35,0
1762010074314,ETH-PERPETUAL,TICK,0,3890.3,0
1762010074318,ETH-PERPETUAL,TICK,0,3890.3,0
1762010074347,ETH-PERPETUAL,TICK,0,3890.35,0
1762010074352,ETH-PERPETUAL,TICK,0,3890.35,0
1762010072759,ETH-PERPETUAL,TICK,0,3892.25,0
1762010072764,ETH-PERPETUAL,TICK,0,3892.25,0
1762010072793,ETH-PERPETUAL,TICK,0,3890.4,0
1762010072798,ETH-PERPETUAL,TICK,0,3890.4,0
1762010072828,ETH-PERPETUAL,TICK,0,3892.2,0
1762010072832,ETH-PERPETUAL,TICK,0,3892.2,0
1762010072866,ETH-PERPETUAL,TICK,0,3890.6,0
1762010072871,ETH-PERPETUAL,TICK,0,3890.6,0
1762010072902,ETH-PERPETUAL,TICK,0,3892.05,0
1762010072906,ETH-PERPETUAL,TICK,0,3892.05,0
1762010072941,ETH-PERPETUAL,TICK,0,3890.65,0
1762010072945,ETH-PERPETUAL,TICK,0,3890.65,0
1762010072977,ETH-PERPETUAL,TICK,0,3892,0
1762010072981,ETH-PERPETUAL,TICK,0,3892,0
1762010073016,ETH-PERPETUAL,TICK,0,3890.75,0
1762010073021,ETH-PERPETUAL,TICK,0,3890.75,0
1762010073058,ETH-PERPETUAL,TICK,0,3891.95,0
1762010073065,ETH-PERPETUAL,TICK,0,3891.95,0
1762010073099,ETH-PERPETUAL,TICK,0,3890.8,0
1762010073103,ETH-PERPETUAL,TICK,0,3890.8,0
1762010073139,ETH-PERPETUAL,TICK,0,3891.9,0
1762010073143,ETH-PERPETUAL,TICK,0,3891.9,0
1762010073178,ETH-PERPETUAL,TICK,0,3890.9,0
1762010073183,ETH-PERPETUAL,TICK,0,3890.9,0
1762010073217,ETH-PERPETUAL,TICK,0,3891.85,0
1762010073223,ETH-PERPETUAL,TICK,0,3891.85,0
1762010073257,ETH-PERPETUAL,TICK,0,3891.1,0
1762010073262,ETH-PERPETUAL,TICK,0,3891.1,0
1762010073295,ETH-PERPETUAL,TICK,0,3891.75,0
1762010073299,ETH-PERPETUAL,TICK,0,3891.75,0
1762010073334,ETH-PERPETUAL,TICK,0,3891.25,0
1762010073342,ETH-PERPETUAL,TICK,0,3891.25,0
1762010073381,ETH-PERPETUAL,TICK,0,3891.65,0
1762010073387,ETH-PERPETUAL,TICK,0,3891.65,0
1762010073428,ETH-PERPETUAL,TICK,0,3891.3,0
1762010073434,ETH-PERPETUAL,TICK,0,3891.3,0
1762010073470,ETH-PERPETUAL,TICK,0,3891.45,0
1762010073476,ETH-PERPETUAL,TICK,0,3891.45,0
1762010073509,ETH-PERPETUAL,TICK,0,3891.4,0
1762010073514,ETH-PERPETUAL,TICK,0,3891.4,0
1762010073687,BTC-PERPETUAL,TICK,0,110192,0
1762010073690,BTC-PERPETUAL,TICK,0,110192,0
1762010073720,BTC-PERPETUAL,TICK,0,110157,0
1762010073724,BTC-PERPETUAL,TICK,0,110157,0
1762010073752,BTC-PERPETUAL,TICK,0,110191,0
1762010073755,BTC-PERPETUAL,TICK,0,110191,0
1762010073783,BTC-PERPETUAL,TICK,0,110160,0
1762010073788,BTC-PERPETUAL,TICK,0,110160,0
1762010073815,BTC-PERPETUAL,TICK,0,110189,0
1762010073819,BTC-PERPETUAL,TICK,0,110189,0
1762010073847,BTC-PERPETUAL,TICK,0,110160,0
1762010073851,BTC-PERPETUAL,TICK,0,110160,0
1762010073855,BTC-PERPETUAL,TICK,0,110160,0
1762010073857,BTC-PERPETUAL,TICK,0,110160,0
1762010073879,BTC-PERPETUAL,TICK,0,110188,0
1762010073883,BTC-PERPETUAL,TICK,0,110188,0
1762010073911,BTC-PERPETUAL,TICK,0,110160,0
1762010073915,BTC-PERPETUAL,TICK,0,110160,0
1762010073919,BTC-PERPETUAL,TICK,0,110160,0
1762010073922,BTC-PERPETUAL,TICK,0,110160,0
1762010073945,BTC-PERPETUAL,TICK,0,110188,0
1762010073949,BTC-PERPETUAL,TICK,0,110188,0
1762010073976,BTC-PERPETUAL,TICK,0,110160,0
1762010073982,BTC-PERPETUAL,TICK,0,110160,0
1762010073986,BTC-PERPETUAL,TICK,0,110160,0
1762010073990,BTC-PERPETUAL,TICK,0,110160,0
1762010074014,BTC-PERPETUAL,TICK,0,110187,0
1762010074019,BTC-PERPETUAL,TICK,0,110187,0
1762010074050,BTC-PERPETUAL,TICK,0,110160,0
1762010074054,BTC-PERPETUAL,TICK,0,110160,0
1762010074060,BTC-PERPETUAL,TICK,0,110160,0
1762010074064,BTC-PERPETUAL,TICK,0,110160,0
1762010074089,BTC-PERPETUAL,TICK,0,110186,0
1762010074094,BTC-PERPETUAL,TICK,0,110186,0
1762010074127,BTC-PERPETUAL,TICK,0,110160,0
1762010074131,BTC-PERPETUAL,TICK,0,110160,0
1762010074135,BTC-PERPETUAL,TICK,0,110160,0
1762010074139,BTC-PERPETUAL,TICK,0,110160,0
1762010074162,BTC-PERPETUAL,TICK,0,110185,0
1762010074168,BTC-PERPETUAL,TICK,0,110185,0
1762010074201,BTC-PERPETUAL,TICK,0,110160,0
1762010074205,BTC-PERPETUAL,TICK,0,110160,0
1762010074210,BTC-PERPETUAL,TICK,0,110165,0
1762010074213,BTC-PERPETUAL,TICK,0,110165,0
1762010074237,BTC-PERPETUAL,TICK,0,110184,0
1762010074242,BTC-PERPETUAL,TICK,0,110184,0
1762010074272,BTC-PERPETUAL,TICK,0,110166,0
1762010074277,BTC-PERPETUAL,TICK,0,110166,0
1762010074306,BTC-PERPETUAL,TICK,0,110183,0
1762010074310,BTC-PERPETUAL,TICK,0,110183,0
1762010074339,BTC-PERPETUAL,TICK,0,110166,0
1762010074344,BTC-PERPETUAL,TICK,0,110166,0
1762010074348,BTC-PERPETUAL,TICK,0,110166,0
1762010074353,BTC-PERPETUAL,TICK,0,110166,0
1762010074383,BTC-PERPETUAL,TICK,0,110182,0
1762010074389,BTC-PERPETUAL,TICK,0,110182,0
1762010074428,BTC-PERPETUAL,TICK,0,110166,0
1762010074432,BTC-PERPETUAL,TICK,0,110166,0
1762010074438,BTC-PERPETUAL,TICK,0,110166,0
1762010074442,BTC-PERPETUAL,TICK,0,110166,0
1762010074467,BTC-PERPETUAL,TICK,0,110180,0
1762010074472,BTC-PERPETUAL,TICK,0,110180,0
1762010074501,BTC-PERPETUAL,TICK,0,110166,0
1762010074506,BTC-PERPETUAL,TICK,0,110166,0
1762010074511,BTC-PERPETUAL,TICK,0,110166,0
1762010074514,BTC-PERPETUAL,TICK,0,110166,0
1762010074538,BTC-PERPETUAL,TICK,0,110179,0
1762010074543,BTC-PERPETUAL,TICK,0,110179,0
1762010074577,BTC-PERPETUAL,TICK,0,110166,0
1762010074581,BTC-PERPETUAL,TICK,0,110166,0
1762010074585,BTC-PERPETUAL,TICK,0,110166,0
1762010074589,BTC-PERPETUAL,TICK,0,110166,0
1762010074613,BTC-PERPETUAL,TICK,0,110176,0
1762010074617,BTC-PERPETUAL,TICK,0,110176,0
1762010074647,BTC-PERPETUAL,TICK,0,110166,0
1762010074652,BTC-PERPETUAL,TICK,0,110166,0
1762010074657,BTC-PERPETUAL,TICK,0,110166,0
1762010074661,BTC-PERPETUAL,TICK,0,110166,0
1762010074686,BTC-PERPETUAL,TICK,0,110176,0
1762010074691,BTC-PERPETUAL,TICK,0,110176,0
1762010074720,BTC-PERPETUAL,TICK,0,110166,0
1762010074725,BTC-PERPETUAL,TICK,0,110166,0
1762010074729,BTC-PERPETUAL,TICK,0,110166,0
1762010074732,BTC-PERPETUAL,TICK,0,110166,0
1762010074758,BTC-PERPETUAL,TICK,0,110283,0
1762010074761,BTC-PERPETUAL,TICK,0,110283,0
1762010074793,BTC-PERPETUAL,TICK,0,110176,0
1762010074797,BTC-PERPETUAL,TICK,0,110176,0
1762010074829,BTC-PERPETUAL,TICK,0,110166,0
1762010074834,BTC-PERPETUAL,TICK,0,110166,0
1762010074840,BTC-PERPETUAL,TICK,0,110166,0
1762010074844,BTC-PERPETUAL,TICK,0,110166,0
1762010074871,BTC-PERPETUAL,TICK,0,110174,0
1762010074876,BTC-PERPETUAL,TICK,0,110174,0
1762010074914,BTC-PERPETUAL,TICK,0,110166,0
1762010074919,BTC-PERPETUAL,TICK,0,110166,0
1762010074924,BTC-PERPETUAL,TICK,0,110166,0
1762010074929,BTC-PERPETUAL,TICK,0,110166,0
1762010074961,BTC-PERPETUAL,TICK,0,110174,0
1762010074968,BTC-PERPETUAL,TICK,0,110174,0
1762010075007,BTC-PERPETUAL,TICK,0,110166,0
1762010075013,BTC-PERPETUAL,TICK,0,110166,0
1762010075019,BTC-PERPETUAL,TICK,0,110166,0
1762010075024,BTC-PERPETUAL,TICK,0,110166,0
1762010075055,BTC-PERPETUAL,TICK,0,110174,0
1762010075062,BTC-PERPETUAL,TICK,0,110174,0
1762010075103,BTC-PERPETUAL,TICK,0,110166,0
1762010075110,BTC-PERPETUAL,TICK,0,110166,0
1762010075116,BTC-PERPETUAL,TICK,0,110166,0
1762010075121,BTC-PERPETUAL,TICK,0,110166,0
1762010075156,BTC-PERPETUAL,TICK,0,110173,0
1762010075162,BTC-PERPETUAL,TICK,0,110173,0
1762010075206,BTC-PERPETUAL,TICK,0,110166,0
1762010075213,BTC-PERPETUAL,TICK,0,110166,0
1762010075220,BTC-PERPETUAL,TICK,0,110166,0
1762010075225,BTC-PERPETUAL,TICK,0,110166,0
1762010077394,ETH-PERPETUAL,TICK,0,3893.25,0
1762010077398,ETH-PERPETUAL,TICK,0,3893.25,0
1762010077439,ETH-PERPETUAL,TICK,0,3889.75,0
1762010077444,ETH-PERPETUAL,TICK,0,3889.75,0
1762010077478,ETH-PERPETUAL,TICK,0,3893.2,0
1762010077482,ETH-PERPETUAL,TICK,0,3893.2,0
1762010077517,ETH-PERPETUAL,TICK,0,3889.8,0
1762010077521,ETH-PERPETUAL,TICK,0,3889.8,0
1762010077553,ETH-PERPETUAL,TICK,0,3893.15,0
1762010077557,ETH-PERPETUAL,TICK,0,3893.15,0
1762010077591,ETH-PERPETUAL,TICK,0,3889.95,0
1762010077596,ETH-PERPETUAL,TICK,0,3889.95,0
1762010077630,ETH-PERPETUAL,TICK,0,3893.1,0
1762010077635,ETH-PERPETUAL,TICK,0,3893.1,0
1762010077663,ETH-PERPETUAL,TICK,0,3890,0
1762010077666,ETH-PERPETUAL,TICK,0,3890,0
1762010077694,ETH-PERPETUAL,TICK,0,3893,0
1762010077698,ETH-PERPETUAL,TICK,0,3893,0
1762010077726,ETH-PERPETUAL,TICK,0,3890.05,0
1762010077730,ETH-PERPETUAL,TICK,0,3890.05,0
1762010077758,ETH-PERPETUAL,TICK,0,3892.95,0
1762010077763,ETH-PERPETUAL,TICK,0,3892.95,0
1762010077792,ETH-PERPETUAL,TICK,0,3890.1,0
1762010077795,ETH-PERPETUAL,TICK,0,3890.1,0
1762010077827,ETH-PERPETUAL,TICK,0,3892.85,0
1762010077832,ETH-PERPETUAL,TICK,0,3892.85,0
1762010077864,ETH-PERPETUAL,TICK,0,3890.15,0
1762010077868,ETH-PERPETUAL,TICK,0,3890.15,0
1762010077896,ETH-PERPETUAL,TICK,0,3892.75,0
1762010077901,ETH-PERPETUAL,TICK,0,3892.75,0
1762010077929,ETH-PERPETUAL,TICK,0,3890.25,0
1762010077933,ETH-PERPETUAL,TICK,0,3890.25,0
1762010077963,ETH-PERPETUAL,TICK,0,3892.7,0
1762010077968,ETH-PERPETUAL,TICK,0,3892.7,0
1762010077995,ETH-PERPETUAL,TICK,0,3890.3,0
1762010077999,ETH-PERPETUAL,TICK,0,3890.3,0
1762010078031,ETH-PERPETUAL,TICK,0,3892.55,0
1762010078035,ETH-PERPETUAL,TICK,0,3892.55,0
1762010078063,ETH-PERPETUAL,TICK,0,3890.5,0
1762010078068,ETH-PERPETUAL,TICK,0,3890.5,0
1762010078098,ETH-PERPETUAL,TICK,0,3892.5,0
1762010078103,ETH-PERPETUAL,TICK,0,3892.5,0
1762010078132,ETH-PERPETUAL,TICK,0,3890.55,0
1762010078136,ETH-PERPETUAL,TICK,0,3890.55,0
1762010078166,ETH-PERPETUAL,TICK,0,3892.4,0
1762010078170,ETH-PERPETUAL,TICK,0,3892.4,0
1762010078201,ETH-PERPETUAL,TICK,0,3890.6,0
1762010078205,ETH-PERPETUAL,TICK,0,3890.6,0
1762010078235,ETH-PERPETUAL,TICK,0,3892.35,0
1762010078240,ETH-PERPETUAL,TICK,0,3892.35,0
1762010078270,ETH-PERPETUAL,TICK,0,3890.65,0
1762010078274,ETH-PERPETUAL,TICK,0,3890.65,0
1762010078303,ETH-PERPETUAL,TICK,0,3892.3,0
1762010078308,ETH-PERPETUAL,TICK,0,3892.3,0
1762010078336,ETH-PERPETUAL,TICK,0,3890.8,0
1762010078341,ETH-PERPETUAL,TICK,0,3890.8,0
1762010078370,ETH-PERPETUAL,TICK,0,3892.25,0
1762010078375,ETH-PERPETUAL,TICK,0,3892.25,0
1762010078405,ETH-PERPETUAL,TICK,0,3891.05,0
1762010078408,ETH-PERPETUAL,TICK,0,3891.05,0
1762010078441,ETH-PERPETUAL,TICK,0,3892.2,0
1762010078446,ETH-PERPETUAL,TICK,0,3892.2,0
1762010078475,ETH-PERPETUAL,TICK,0,3891.1,0
1762010078480,ETH-PERPETUAL,TICK,0,3891.1,0
1762010078509,ETH-PERPETUAL,TICK,0,3892.15,0
1762010078513,ETH-PERPETUAL,TICK,0,3892.15,0
1762010078541,ETH-PERPETUAL,TICK,0,3891.15,0
1762010078546,ETH-PERPETUAL,TICK,0,3891.15,0
1762010078574,ETH-PERPETUAL,TICK,0,3892,0
1762010078579,ETH-PERPETUAL,TICK,0,3892,0
1762010078608,ETH-PERPETUAL,TICK,0,3891.25,0
1762010078628,ETH-PERPETUAL,TICK,0,3891.25,0
1762010078643,ETH-PERPETUAL,TICK,0,3891.95,0
1762010078649,ETH-PERPETUAL,TICK,0,3891.95,0
1762010078680,ETH-PERPETUAL,TICK,0,3891.3,0
1762010078684,ETH-PERPETUAL,TICK,0,3891.3,0
1762010078714,ETH-PERPETUAL,TICK,0,3891.45,0
1762010078719,ETH-PERPETUAL,TICK,0,3891.45,0
1762010078749,ETH-PERPETUAL,TICK,0,3891.4,0
1762010078753,ETH-PERPETUAL,TICK,0,3891.4,0
1762010078952,BTC-PERPETUAL,TICK,0,110192,0
1762010078957,BTC-PERPETUAL,TICK,0,110192,0
1762010078986,BTC-PERPETUAL,TICK,0,110152,0
1762010078991,BTC-PERPETUAL,TICK,0,110152,0
1762010079019,BTC-PERPETUAL,TICK,0,110190,0
1762010079023,BTC-PERPETUAL,TICK,0,110190,0
1762010079050,BTC-PERPETUAL,TICK,0,110153,0
1762010079055,BTC-PERPETUAL,TICK,0,110153,0
1762010079083,BTC-PERPETUAL,TICK,0,110189,0
1762010079088,BTC-PERPETUAL,TICK,0,110189,0
1762010079115,BTC-PERPETUAL,TICK,0,110154,0
1762010079119,BTC-PERPETUAL,TICK,0,110154,0
1762010079149,BTC-PERPETUAL,TICK,0,110187,0
1762010079153,BTC-PERPETUAL,TICK,0,110187,0
1762010079180,BTC-PERPETUAL,TICK,0,110154,0
1762010079184,BTC-PERPETUAL,TICK,0,110154,0
1762010079212,BTC-PERPETUAL,TICK,0,110184,0
1762010079216,BTC-PERPETUAL,TICK,0,110184,0
1762010079243,BTC-PERPETUAL,TICK,0,110155,0
1762010079247,BTC-PERPETUAL,TICK,0,110155,0
1762010079276,BTC-PERPETUAL,TICK,0,110183,0
1762010079281,BTC-PERPETUAL,TICK,0,110183,0
1762010079309,BTC-PERPETUAL,TICK,0,110157,0
1762010079312,BTC-PERPETUAL,TICK,0,110157,0
1762010079342,BTC-PERPETUAL,TICK,0,110182,0
1762010079346,BTC-PERPETUAL,TICK,0,110182,0
1762010079374,BTC-PERPETUAL,TICK,0,110158,0
1762010079378,BTC-PERPETUAL,TICK,0,110158,0
1762010079406,BTC-PERPETUAL,TICK,0,110182,0
1762010079410,BTC-PERPETUAL,TICK,0,110182,0
1762010079437,BTC-PERPETUAL,TICK,0,110161,0
1762010079442,BTC-PERPETUAL,TICK,0,110161,0
1762010079469,BTC-PERPETUAL,TICK,0,110181,0
1762010079473,BTC-PERPETUAL,TICK,0,110181,0
1762010079502,BTC-PERPETUAL,TICK,0,110162,0
1762010079507,BTC-PERPETUAL,TICK,0,110162,0
1762010079536,BTC-PERPETUAL,TICK,0,110180,0
1762010079540,BTC-PERPETUAL,TICK,0,110180,0
1762010079570,BTC-PERPETUAL,TICK,0,110163,0
1762010079575,BTC-PERPETUAL,TICK,0,110163,0
1762010079604,BTC-PERPETUAL,TICK,0,110180,0
1762010079609,BTC-PERPETUAL,TICK,0,110180,0
1762010079638,BTC-PERPETUAL,TICK,0,110164,0
1762010079642,BTC-PERPETUAL,TICK,0,110164,0
1762010079672,BTC-PERPETUAL,TICK,0,110179,0
1762010079676,BTC-PERPETUAL,TICK,0,110179,0
1762010079706,BTC-PERPETUAL,TICK,0,110164,0
1762010079710,BTC-PERPETUAL,TICK,0,110164,0
1762010079743,BTC-PERPETUAL,TICK,0,110178,0
1762010079748,BTC-PERPETUAL,TICK,0,110178,0
1762010079781,BTC-PERPETUAL,TICK,0,110166,0
1762010079787,BTC-PERPETUAL,TICK,0,110166,0
1762010079792,BTC-PERPETUAL,TICK,0,110166,0
1762010079796,BTC-PERPETUAL,TICK,0,110166,0
1762010079823,BTC-PERPETUAL,TICK,0,110176,0
1762010079827,BTC-PERPETUAL,TICK,0,110176,0
1762010079858,BTC-PERPETUAL,TICK,0,110166,0
1762010079863,BTC-PERPETUAL,TICK,0,110166,0
1762010079867,BTC-PERPETUAL,TICK,0,110166,0
1762010079872,BTC-PERPETUAL,TICK,0,110166,0
1762010079896,BTC-PERPETUAL,TICK,0,110176,0
1762010079901,BTC-PERPETUAL,TICK,0,110176,0
1762010079933,BTC-PERPETUAL,TICK,0,110166,0
1762010079937,BTC-PERPETUAL,TICK,0,110166,0
1762010079942,BTC-PERPETUAL,TICK,0,110166,0
1762010079946,BTC-PERPETUAL,TICK,0,110166,0
1762010079969,BTC-PERPETUAL,TICK,0,110175,0
1762010079973,BTC-PERPETUAL,TICK,0,110175,0
1762010080002,BTC-PERPETUAL,TICK,0,110166,0
1762010080006,BTC-PERPETUAL,TICK,0,110166,0
1762010080011,BTC-PERPETUAL,TICK,0,110166,0
1762010080014,BTC-PERPETUAL,TICK,0,110166,0
1762010080038,BTC-PERPETUAL,TICK,0,0,0
1762010080043,BTC-PERPETUAL,TICK,0,0,0
1762010080074,BTC-PERPETUAL,TICK,0,110174,0
1762010080078,BTC-PERPETUAL,TICK,0,110174,0
1762010080108,BTC-PERPETUAL,TICK,0,110166,0
1762010080112,BTC-PERPETUAL,TICK,0,110166,0
1762010080116,BTC-PERPETUAL,TICK,0,110166,0
1762010080121,BTC-PERPETUAL,TICK,0,110166,0
1762010080143,BTC-PERPETUAL,TICK,0,110174,0
1762010080148,BTC-PERPETUAL,TICK,0,110174,0
1762010080178,BTC-PERPETUAL,TICK,0,110166,0
1762010080182,BTC-PERPETUAL,TICK,0,110166,0
1762010080186,BTC-PERPETUAL,TICK,0,110166,0
1762010080190,BTC-PERPETUAL,TICK,0,110166,0
1762010080213,BTC-PERPETUAL,TICK,0,110174,0
1762010080217,BTC-PERPETUAL,TICK,0,110174,0
1762010080246,BTC-PERPETUAL,TICK,0,110166,0
1762010080250,BTC-PERPETUAL,TICK,0,110166,0
1762010080254,BTC-PERPETUAL,TICK,0,110166,0
1762010080257,BTC-PERPETUAL,TICK,0,110166,0
1762010080280,BTC-PERPETUAL,TICK,0,110173,0
1762010080284,BTC-PERPETUAL,TICK,0,110173,0
1762010080311,BTC-PERPETUAL,TICK,0,110166,0
1762010080315,BTC-PERPETUAL,TICK,0,110166,0
1762010080319,BTC-PERPETUAL,TICK,0,110172,0
1762010080322,BTC-PERPETUAL,TICK,0,110172,0
1762010082652,ETH-PERPETUAL,TICK,0,3893.1,0
1762010082656,ETH-PERPETUAL,TICK,0,3893.1,0
1762010082687,ETH-PERPETUAL,TICK,0,3889.65,0
1762010082691,ETH-PERPETUAL,TICK,0,3889.65,0
1762010082715,ETH-PERPETUAL,TICK,0,3893,0
1762010082719,ETH-PERPETUAL,TICK,0,3893,0
1762010082742,ETH-PERPETUAL,TICK,0,3889.75,0
1762010082746,ETH-PERPETUAL,TICK,0,3889.75,0
1762010082774,ETH-PERPETUAL,TICK,0,3892.95,0
1762010082778,ETH-PERPETUAL,TICK,0,3892.95,0
1762010082805,ETH-PERPETUAL,TICK,0,3889.95,0
1762010082810,ETH-PERPETUAL,TICK,0,3889.95,0
1762010082836,ETH-PERPETUAL,TICK,0,3892.9,0
1762010082840,ETH-PERPETUAL,TICK,0,3892.9,0
1762010082867,ETH-PERPETUAL,TICK,0,3890,0
1762010082871,ETH-PERPETUAL,TICK,0,3890,0
1762010082897,ETH-PERPETUAL,TICK,0,3892.85,0
1762010082901,ETH-PERPETUAL,TICK,0,3892.85,0
1762010082926,ETH-PERPETUAL,TICK,0,3890.05,0
1762010082929,ETH-PERPETUAL,TICK,0,3890.05,0
1762010082955,ETH-PERPETUAL,TICK,0,3892.8,0
1762010082959,ETH-PERPETUAL,TICK,0,3892.8,0
1762010082985,ETH-PERPETUAL,TICK,0,3890.1,0
1762010082989,ETH-PERPETUAL,TICK,0,3890.1,0
1762010083013,ETH-PERPETUAL,TICK,0,3892.75,0
1762010083016,ETH-PERPETUAL,TICK,0,3892.75,0
1762010083039,ETH-PERPETUAL,TICK,0,3890.15,0
1762010083042,ETH-PERPETUAL,TICK,0,3890.15,0
1762010083067,ETH-PERPETUAL,TICK,0,3892.7,0
1762010083071,ETH-PERPETUAL,TICK,0,3892.7,0
1762010083094,ETH-PERPETUAL,TICK,0,3890.25,0
1762010083097,ETH-PERPETUAL,TICK,0,3890.25,0
1762010083121,ETH-PERPETUAL,TICK,0,3892.55,0
1762010083125,ETH-PERPETUAL,TICK,0,3892.55,0
1762010083149,ETH-PERPETUAL,TICK,0,3890.3,0
1762010083154,ETH-PERPETUAL,TICK,0,3890.3,0
1762010083178,ETH-PERPETUAL,TICK,0,3890.35,0
1762010083181,ETH-PERPETUAL,TICK,0,3890.35,0
1762010083210,ETH-PERPETUAL,TICK,0,3892.4,0
1762010083214,ETH-PERPETUAL,TICK,0,3892.4,0
1762010083239,ETH-PERPETUAL,TICK,0,3890.4,0
1762010083243,ETH-PERPETUAL,TICK,0,3890.4,0
1762010083268,ETH-PERPETUAL,TICK,0,3892.3,0
1762010083272,ETH-PERPETUAL,TICK,0,3892.3,0
1762010083297,ETH-PERPETUAL,TICK,0,3890.6,0
1762010083301,ETH-PERPETUAL,TICK,0,3890.6,0
1762010083329,ETH-PERPETUAL,TICK,0,3892.25,0
1762010083333,ETH-PERPETUAL,TICK,0,3892.25,0
1762010083358,ETH-PERPETUAL,TICK,0,3890.65,0
1762010083362,ETH-PERPETUAL,TICK,0,3890.65,0
1762010083389,ETH-PERPETUAL,TICK,0,3892.2,0
1762010083394,ETH-PERPETUAL,TICK,0,3892.2,0
1762010083418,ETH-PERPETUAL,TICK,0,3890.75,0
1762010083422,ETH-PERPETUAL,TICK,0,3890.75,0
1762010083448,ETH-PERPETUAL,TICK,0,3892.15,0
1762010083451,ETH-PERPETUAL,TICK,0,3892.15,0
1762010083475,ETH-PERPETUAL,TICK,0,3890.8,0
1762010083478,ETH-PERPETUAL,TICK,0,3890.8,0
1762010083504,ETH-PERPETUAL,TICK,0,3892.05,0
1762010083507,ETH-PERPETUAL,TICK,0,3892.05,0
1762010083534,ETH-PERPETUAL,TICK,0,3891,0
1762010083538,ETH-PERPETUAL,TICK,0,3891,0
1762010083563,ETH-PERPETUAL,TICK,0,3892,0
1762010083567,ETH-PERPETUAL,TICK,0,3892,0
1762010083592,ETH-PERPETUAL,TICK,0,3891.1,0
1762010083595,ETH-PERPETUAL,TICK,0,3891.1,0
1762010083623,ETH-PERPETUAL,TICK,0,3891.95,0
1762010083628,ETH-PERPETUAL,TICK,0,3891.95,0
1762010083653,ETH-PERPETUAL,TICK,0,3891.15,0
1762010083656,ETH-PERPETUAL,TICK,0,3891.15,0
1762010083683,ETH-PERPETUAL,TICK,0,3891.9,0
1762010083687,ETH-PERPETUAL,TICK,0,3891.9,0
1762010083712,ETH-PERPETUAL,TICK,0,3891.35,0
1762010083717,ETH-PERPETUAL,TICK,0,3891.35,0
1762010083744,ETH-PERPETUAL,TICK,0,3891.45,0
1762010083748,ETH-PERPETUAL,TICK,0,3891.45,0
1762010083776,ETH-PERPETUAL,TICK,0,3891.4,0
1762010083780,ETH-PERPETUAL,TICK,0,3891.4,0
1762010084214,BTC-PERPETUAL,TICK,0,110186,0
1762010084220,BTC-PERPETUAL,TICK,0,110186,0
1762010084254,BTC-PERPETUAL,TICK,0,0,0
1762010084260,BTC-PERPETUAL,TICK,0,0,0
1762010084293,BTC-PERPETUAL,TICK,0,110185,0
1762010084297,BTC-PERPETUAL,TICK,0,110185,0
1762010084326,BTC-PERPETUAL,TICK,0,110152,0
1762010084330,BTC-PERPETUAL,TICK,0,110152,0
1762010084360,BTC-PERPETUAL,TICK,0,110184,0
1762010084363,BTC-PERPETUAL,TICK,0,110184,0
1762010084398,BTC-PERPETUAL,TICK,0,110152,0
1762010084402,BTC-PERPETUAL,TICK,0,110152,0
1762010084437,BTC-PERPETUAL,TICK,0,110183,0
1762010084442,BTC-PERPETUAL,TICK,0,110183,0
1762010084474,BTC-PERPETUAL,TICK,0,110154,0
1762010084478,BTC-PERPETUAL,TICK,0,110154,0
1762010084509,BTC-PERPETUAL,TICK,0,110182,0
1762010084514,BTC-PERPETUAL,TICK,0,110182,0
1762010084544,BTC-PERPETUAL,TICK,0,110154,0
1762010084548,BTC-PERPETUAL,TICK,0,110154,0
1762010084579,BTC-PERPETUAL,TICK,0,110182,0
1762010084584,BTC-PERPETUAL,TICK,0,110182,0
1762010084614,BTC-PERPETUAL,TICK,0,110154,0
1762010084618,BTC-PERPETUAL,TICK,0,110154,0
1762010084648,BTC-PERPETUAL,TICK,0,110182,0
1762010084652,BTC-PERPETUAL,TICK,0,110182,0
1762010084683,BTC-PERPETUAL,TICK,0,110155,0
1762010084687,BTC-PERPETUAL,TICK,0,110155,0
1762010084718,BTC-PERPETUAL,TICK,0,110181,0
1762010084721,BTC-PERPETUAL,TICK,0,110181,0
1762010084751,BTC-PERPETUAL,TICK,0,110158,0
1762010084754,BTC-PERPETUAL,TICK,0,110158,0
1762010084785,BTC-PERPETUAL,TICK,0,110180,0
1762010084789,BTC-PERPETUAL,TICK,0,110180,0
1762010084821,BTC-PERPETUAL,TICK,0,110160,0
1762010084825,BTC-PERPETUAL,TICK,0,110160,0
1762010084854,BTC-PERPETUAL,TICK,0,110180,0
1762010084858,BTC-PERPETUAL,TICK,0,110180,0
1762010084888,BTC-PERPETUAL,TICK,0,110161,0
1762010084893,BTC-PERPETUAL,TICK,0,110161,0
1762010084922,BTC-PERPETUAL,TICK,0,110179,0
1762010084927,BTC-PERPETUAL,TICK,0,110179,0
1762010084957,BTC-PERPETUAL,TICK,0,110162,0
1762010084961,BTC-PERPETUAL,TICK,0,110162,0
1762010084991,BTC-PERPETUAL,TICK,0,110178,0
1762010084996,BTC-PERPETUAL,TICK,0,110178,0
1762010085025,BTC-PERPETUAL,TICK,0,110164,0
1762010085030,BTC-PERPETUAL,TICK,0,110164,0
1762010085059,BTC-PERPETUAL,TICK,0,110178,0
1762010085064,BTC-PERPETUAL,TICK,0,110178,0
1762010085093,BTC-PERPETUAL,TICK,0,110164,0
1762010085096,BTC-PERPETUAL,TICK,0,110164,0
1762010085128,BTC-PERPETUAL,TICK,0,110176,0
1762010085133,BTC-PERPETUAL,TICK,0,110176,0
1762010085162,BTC-PERPETUAL,TICK,0,110165,0
1762010085167,BTC-PERPETUAL,TICK,0,110165,0
1762010085196,BTC-PERPETUAL,TICK,0,110176,0
1762010085200,BTC-PERPETUAL,TICK,0,110176,0
1762010085229,BTC-PERPETUAL,TICK,0,110166,0
1762010085232,BTC-PERPETUAL,TICK,0,110166,0
1762010085262,BTC-PERPETUAL,TICK,0,110176,0
1762010085266,BTC-PERPETUAL,TICK,0,110176,0
1762010085296,BTC-PERPETUAL,TICK,0,110166,0
1762010085301,BTC-PERPETUAL,TICK,0,110166,0
1762010085332,BTC-PERPETUAL,TICK,0,110174,0
1762010085337,BTC-PERPETUAL,TICK,0,110174,0
1762010085368,BTC-PERPETUAL,TICK,0,110167,0
1762010085372,BTC-PERPETUAL,TICK,0,110167,0
1762010085402,BTC-PERPETUAL,TICK,0,110174,0
1762010085407,BTC-PERPETUAL,TICK,0,110174,0
1762010085438,BTC-PERPETUAL,TICK,0,110168,0
1762010085441,BTC-PERPETUAL,TICK,0,110168,0
1762010085472,BTC-PERPETUAL,TICK,0,110174,0
1762010085477,BTC-PERPETUAL,TICK,0,110174,0
1762010085505,BTC-PERPETUAL,TICK,0,110168,0
1762010085510,BTC-PERPETUAL,TICK,0,110168,0
1762010085541,BTC-PERPETUAL,TICK,0,110173,0
1762010085545,BTC-PERPETUAL,TICK,0,110173,0
1762010085575,BTC-PERPETUAL,TICK,0,110172,0
1762010085578,BTC-PERPETUAL,TICK,0,110172,0
1762010085622,BTC-PERPETUAL,TICK,0,110228,0
1762010085625,BTC-PERPETUAL,TICK,0,110228,0
1762010085656,BTC-PERPETUAL,TICK,0,110173,0
1762010085661,BTC-PERPETUAL,TICK,0,110174,0
1762010085665,BTC-PERPETUAL,TICK,0,110173,0
1762010085669,BTC-PERPETUAL,TICK,0,110174,0
1762010085672,BTC-PERPETUAL,TICK,0,110174,0
1762010085675,BTC-PERPETUAL,TICK,0,110174,0
1762010085679,BTC-PERPETUAL,TICK,0,110174,0
1762010085682,BTC-PERPETUAL,TICK,0,110174,0
1762010085685,BTC-PERPETUAL,TICK,0,110176,0
1762010085688,BTC-PERPETUAL,TICK,0,110176,0
1762010085691,BTC-PERPETUAL,TICK,0,110176,0
1762010085694,BTC-PERPETUAL,TICK,0,110176,0
1762010085698,BTC-PERPETUAL,TICK,0,110176,0
1762010085701,BTC-PERPETUAL,TICK,0,110178,0
1762010085704,BTC-PERPETUAL,TICK,0,110176,0
1762010085707,BTC-PERPETUAL,TICK,0,110178,0
1762010085709,BTC-PERPETUAL,TICK,0,110178,0
1762010085712,BTC-PERPETUAL,TICK,0,110179,0
1762010085715,BTC-PERPETUAL,TICK,0,110178,0
1762010085719,BTC-PERPETUAL,TICK,0,110180,0
1762010085722,BTC-PERPETUAL,TICK,0,110179,0
1762010085725,BTC-PERPETUAL,TICK,0,110180,1
1762010085728,BTC-PERPETUAL,TICK,0,110180,0
1762010085731,BTC-PERPETUAL,TICK,0,110180,0
1762010085734,BTC-PERPETUAL,TICK,0,110181,0
1762010085737,BTC-PERPETUAL,TICK,0,110182,1
1762010085740,BTC-PERPETUAL,TICK,0,110181,0
1762010085743,BTC-PERPETUAL,TICK,0,110182,0
1762010085747,BTC-PERPETUAL,TICK,0,110182,0
1762010085750,BTC-PERPETUAL,TICK,0,110182,0
1762010085753,BTC-PERPETUAL,TICK,0,110182,0
1762010085756,BTC-PERPETUAL,TICK,0,110182,0
1762010085759,BTC-PERPETUAL,TICK,0,110183,0
1762010085761,BTC-PERPETUAL,TICK,0,110184,0
1762010085764,BTC-PERPETUAL,TICK,0,110183,0
1762010085767,BTC-PERPETUAL,TICK,0,110185,0
1762010085770,BTC-PERPETUAL,TICK,0,110184,0
1762010085773,BTC-PERPETUAL,TICK,0,110185,0
1762010085776,BTC-PERPETUAL,TICK,0,110186,0
1762010085779,BTC-PERPETUAL,TICK,0,110228,1
1762010085782,BTC-PERPETUAL,TICK,0,110186,0
1762010085785,BTC-PERPETUAL,TICK,0,110228,0
1762010086694,BTC-PERPETUAL,TICK,0,110173,0
1762010086698,BTC-PERPETUAL,TICK,0,110173,0
1762010087918,ETH-PERPETUAL,TICK,0,3893.25,0
1762010087923,ETH-PERPETUAL,TICK,0,3893.25,0
1762010087947,ETH-PERPETUAL,TICK,0,3889.95,0
1762010087951,ETH-PERPETUAL,TICK,0,3889.95,0
1762010087978,ETH-PERPETUAL,TICK,0,3893.2,0
1762010087982,ETH-PERPETUAL,TICK,0,3893.2,0
1762010088011,ETH-PERPETUAL,TICK,0,3890,0
1762010088015,ETH-PERPETUAL,TICK,0,3890,0
1762010088042,ETH-PERPETUAL,TICK,0,3893.15,0
1762010088046,ETH-PERPETUAL,TICK,0,3893.15,0
1762010088077,ETH-PERPETUAL,TICK,0,3890.05,0
1762010088082,ETH-PERPETUAL,TICK,0,3890.05,0
1762010088111,ETH-PERPETUAL,TICK,0,3893.1,0
1762010088116,ETH-PERPETUAL,TICK,0,3893.1,0
1762010088145,ETH-PERPETUAL,TICK,0,3890.1,0
1762010088150,ETH-PERPETUAL,TICK,0,3890.1,0
1762010088179,ETH-PERPETUAL,TICK,0,3893,0
1762010088182,ETH-PERPETUAL,TICK,0,3893,0
1762010088211,ETH-PERPETUAL,TICK,0,3890.15,0
1762010088215,ETH-PERPETUAL,TICK,0,3890.15,0
1762010088242,BTC-PERPETUAL,TICK,0,110172,1
1762010088247,BTC-PERPETUAL,TICK,0,110168,0
1762010088250,BTC-PERPETUAL,TICK,0,110172,0
1762010088254,BTC-PERPETUAL,TICK,0,110168,0
1762010088257,BTC-PERPETUAL,TICK,0,110168,0
1762010088260,BTC-PERPETUAL,TICK,0,110167,0
1762010088263,BTC-PERPETUAL,TICK,0,110168,0
1762010088266,BTC-PERPETUAL,TICK,0,110167,0
1762010088269,BTC-PERPETUAL,TICK,0,110167,0
1762010088273,BTC-PERPETUAL,TICK,0,110167,0
1762010088279,ETH-PERPETUAL,TICK,0,3892.95,0
1762010088283,ETH-PERPETUAL,TICK,0,3892.95,0
1762010088312,ETH-PERPETUAL,TICK,0,3890.2,0
1762010088315,ETH-PERPETUAL,TICK,0,3890.2,0
1762010088346,ETH-PERPETUAL,TICK,0,3892.85,0
1762010088350,ETH-PERPETUAL,TICK,0,3892.85,0
1762010088378,ETH-PERPETUAL,TICK,0,3890.25,0
1762010088382,ETH-PERPETUAL,TICK,0,3890.25,0
1762010088409,ETH-PERPETUAL,TICK,0,3892.8,0
1762010088412,ETH-PERPETUAL,TICK,0,3892.8,0
1762010088441,ETH-PERPETUAL,TICK,0,3890.3,0
1762010088445,ETH-PERPETUAL,TICK,0,3890.3,0
1762010088472,ETH-PERPETUAL,TICK,0,3892.75,0
1762010088476,ETH-PERPETUAL,TICK,0,3892.75,0
1762010088503,ETH-PERPETUAL,TICK,0,3890.35,0
1762010088506,ETH-PERPETUAL,TICK,0,3890.35,0
1762010088536,ETH-PERPETUAL,TICK,0,3892.55,0
1762010088540,ETH-PERPETUAL,TICK,0,3892.55,0
1762010088569,ETH-PERPETUAL,TICK,0,3890.4,0
1762010088572,ETH-PERPETUAL,TICK,0,3890.4,0
1762010088603,ETH-PERPETUAL,TICK,0,3890.55,0
1762010088607,ETH-PERPETUAL,TICK,0,3890.55,0
1762010088635,ETH-PERPETUAL,TICK,0,3892.4,0
1762010088640,ETH-PERPETUAL,TICK,0,3892.4,0
1762010088671,ETH-PERPETUAL,TICK,0,3890.6,0
1762010088675,ETH-PERPETUAL,TICK,0,3890.6,0
1762010088704,ETH-PERPETUAL,TICK,0,3892.3,0
1762010088707,ETH-PERPETUAL,TICK,0,3892.3,0
1762010088738,ETH-PERPETUAL,TICK,0,3890.65,0
1762010088741,ETH-PERPETUAL,TICK,0,3890.65,0
1762010088773,ETH-PERPETUAL,TICK,0,3892.25,0
1762010088775,ETH-PERPETUAL,TICK,0,3892.25,0
1762010088805,ETH-PERPETUAL,TICK,0,3890.8,0
1762010088808,ETH-PERPETUAL,TICK,0,3890.8,0
1762010088838,ETH-PERPETUAL,TICK,0,3892.2,0
1762010088842,ETH-PERPETUAL,TICK,0,3892.2,0
1762010088872,ETH-PERPETUAL,TICK,0,3890.85,0
1762010088876,ETH-PERPETUAL,TICK,0,3890.85,0
1762010088904,ETH-PERPETUAL,TICK,0,3892.15,0
1762010088908,ETH-PERPETUAL,TICK,0,3892.15,0
1762010088938,ETH-PERPETUAL,TICK,0,3890.9,0
1762010088942,ETH-PERPETUAL,TICK,0,3890.9,0
1762010088972,ETH-PERPETUAL,TICK,0,3892.05,0
1762010088976,ETH-PERPETUAL,TICK,0,3892.05,0
1762010089004,ETH-PERPETUAL,TICK,0,3891.1,0
1762010089007,ETH-PERPETUAL,TICK,0,3891.1,0
1762010089037,ETH-PERPETUAL,TICK,0,3892,0
1762010089041,ETH-PERPETUAL,TICK,0,3892,0
1762010089071,ETH-PERPETUAL,TICK,0,3891.3,0
1762010089075,ETH-PERPETUAL,TICK,0,3891.3,0
1762010089105,ETH-PERPETUAL,TICK,0,3891.95,0
1762010089110,ETH-PERPETUAL,TICK,0,3891.95,0
1762010089139,ETH-PERPETUAL,TICK,0,3891.35,0
1762010089143,ETH-PERPETUAL,TICK,0,3891.35,0
1762010089173,ETH-PERPETUAL,TICK,0,3891.45,0
1762010089177,ETH-PERPETUAL,TICK,0,3891.45,0
1762010089208,ETH-PERPETUAL,TICK,0,3891.4,0
1762010089213,ETH-PERPETUAL,TICK,0,3891.4,0
1762010089479,BTC-PERPETUAL,TICK,0,110188,0
1762010089483,BTC-PERPETUAL,TICK,0,110188,0
1762010089520,BTC-PERPETUAL,TICK,0,110151,0
1762010089524,BTC-PERPETUAL,TICK,0,110151,0
1762010089549,BTC-PERPETUAL,TICK,0,110187,0
1762010089553,BTC-PERPETUAL,TICK,0,110187,0
1762010089580,BTC-PERPETUAL,TICK,0,110152,0
1762010089584,BTC-PERPETUAL,TICK,0,110152,0
1762010089611,BTC-PERPETUAL,TICK,0,110186,0
1762010089615,BTC-PERPETUAL,TICK,0,110186,0
1762010089644,BTC-PERPETUAL,TICK,0,110154,0
1762010089648,BTC-PERPETUAL,TICK,0,110154,0
1762010089677,BTC-PERPETUAL,TICK,0,110185,0
1762010089682,BTC-PERPETUAL,TICK,0,110185,0
1762010089718,BTC-PERPETUAL,TICK,0,110154,0
1762010089723,BTC-PERPETUAL,TICK,0,110154,0
1762010089750,BTC-PERPETUAL,TICK,0,110184,0
1762010089755,BTC-PERPETUAL,TICK,0,110184,0
1762010089783,BTC-PERPETUAL,TICK,0,110154,0
1762010089788,BTC-PERPETUAL,TICK,0,110154,0
1762010089816,BTC-PERPETUAL,TICK,0,110183,0
1762010089820,BTC-PERPETUAL,TICK,0,110183,0
1762010089852,BTC-PERPETUAL,TICK,0,110155,0
1762010089857,BTC-PERPETUAL,TICK,0,110155,0
1762010089886,BTC-PERPETUAL,TICK,0,110182,0
1762010089891,BTC-PERPETUAL,TICK,0,110182,0
1762010089921,BTC-PERPETUAL,TICK,0,110158,0
1762010089925,BTC-PERPETUAL,TICK,0,110158,0
1762010089956,BTC-PERPETUAL,TICK,0,110182,0
1762010089961,BTC-PERPETUAL,TICK,0,110182,0
1762010089990,BTC-PERPETUAL,TICK,0,110181,0
1762010089994,BTC-PERPETUAL,TICK,0,110181,0
1762010090026,BTC-PERPETUAL,TICK,0,110161,0
1762010090030,BTC-PERPETUAL,TICK,0,110161,0
1762010090060,BTC-PERPETUAL,TICK,0,110180,0
1762010090064,BTC-PERPETUAL,TICK,0,110180,0
1762010090096,BTC-PERPETUAL,TICK,0,110162,0
1762010090101,BTC-PERPETUAL,TICK,0,110162,0
1762010090132,BTC-PERPETUAL,TICK,0,110180,0
1762010090137,BTC-PERPETUAL,TICK,0,110180,0
1762010090168,BTC-PERPETUAL,TICK,0,110163,0
1762010090172,BTC-PERPETUAL,TICK,0,110163,0
1762010090204,BTC-PERPETUAL,TICK,0,110179,0
1762010090209,BTC-PERPETUAL,TICK,0,110179,0
1762010090241,BTC-PERPETUAL,TICK,0,110164,0
1762010090246,BTC-PERPETUAL,TICK,0,110164,0
1762010090278,BTC-PERPETUAL,TICK,0,110178,0
1762010090283,BTC-PERPETUAL,TICK,0,110178,0
1762010090314,BTC-PERPETUAL,TICK,0,110164,0
1762010090319,BTC-PERPETUAL,TICK,0,110164,0
1762010090351,BTC-PERPETUAL,TICK,0,110178,0
1762010090356,BTC-PERPETUAL,TICK,0,110178,0
1762010090388,BTC-PERPETUAL,TICK,0,110165,0
1762010090393,BTC-PERPETUAL,TICK,0,110165,0
1762010090423,BTC-PERPETUAL,TICK,0,110176,0
1762010090428,BTC-PERPETUAL,TICK,0,110176,0
1762010090461,BTC-PERPETUAL,TICK,0,110166,0
1762010090465,BTC-PERPETUAL,TICK,0,110166,0
1762010090498,BTC-PERPETUAL,TICK,0,110176,0
1762010090504,BTC-PERPETUAL,TICK,0,110176,0
1762010090533,BTC-PERPETUAL,TICK,0,110166,0
1762010090540,BTC-PERPETUAL,TICK,0,110166,0
1762010090570,BTC-PERPETUAL,TICK,0,110174,0
1762010090575,BTC-PERPETUAL,TICK,0,110174,0
1762010090606,BTC-PERPETUAL,TICK,0,110166,0
1762010090611,BTC-PERPETUAL,TICK,0,110166,0
1762010090642,BTC-PERPETUAL,TICK,0,110174,0
1762010090646,BTC-PERPETUAL,TICK,0,110174,0
1762010090677,BTC-PERPETUAL,TICK,0,110167,0
1762010090682,BTC-PERPETUAL,TICK,0,110167,0
1762010090686,BTC-PERPETUAL,TICK,0,110167,0
1762010090690,BTC-PERPETUAL,TICK,0,110167,0
1762010090717,BTC-PERPETUAL,TICK,0,110174,0
1762010090722,BTC-PERPETUAL,TICK,0,110174,0
1762010090753,BTC-PERPETUAL,TICK,0,110167,0
1762010090757,BTC-PERPETUAL,TICK,0,110167,0
1762010090762,BTC-PERPETUAL,TICK,0,110167,0
1762010090766,BTC-PERPETUAL,TICK,0,110167,0
1762010090791,BTC-PERPETUAL,TICK,0,110173,0
1762010090795,BTC-PERPETUAL,TICK,0,110173,0
1762010090827,BTC-PERPETUAL,TICK,0,110167,0
1762010090832,BTC-PERPETUAL,TICK,0,110167,0
1762010090837,BTC-PERPETUAL,TICK,0,110167,0
1762010090840,BTC-PERPETUAL,TICK,0,110167,0
1762010090944,BTC-PERPETUAL,TICK,0,0,0
1762010090948,BTC-PERPETUAL,TICK,0,0,0
1762010091274,BTC-PERPETUAL,TICK,0,110166,0
1762010091282,BTC-PERPETUAL,TICK,0,110166,0
1762010091291,BTC-PERPETUAL,TICK,0,110166,0
1762010091297,BTC-PERPETUAL,TICK,0,110166,0
1762010091300,BTC-PERPETUAL,TICK,0,110166,0
1762010091304,BTC-PERPETUAL,TICK,0,110165,0
1762010091308,BTC-PERPETUAL,TICK,0,110166,0
1762010091312,BTC-PERPETUAL,TICK,0,110165,0
1762010091317,BTC-PERPETUAL,TICK,0,110165,0
1762010091320,BTC-PERPETUAL,TICK,0,110165,0
1762010091776,BTC-PERPETUAL,TICK,0,110164,0
1762010091781,BTC-PERPETUAL,TICK,0,110164,0
1762010093199,ETH-PERPETUAL,TICK,0,3893.1,0
1762010093204,ETH-PERPETUAL,TICK,0,3893.1,0
1762010093247,ETH-PERPETUAL,TICK,0,3889.55,0
1762010093254,ETH-PERPETUAL,TICK,0,3889.55,0
1762010093282,ETH-PERPETUAL,TICK,0,3893,0
1762010093287,ETH-PERPETUAL,TICK,0,3893,0
1762010093315,ETH-PERPETUAL,TICK,0,3889.6,0
1762010093319,ETH-PERPETUAL,TICK,0,3889.6,0
1762010093351,ETH-PERPETUAL,TICK,0,3892.95,0
1762010093355,ETH-PERPETUAL,TICK,0,3892.95,0
1762010093387,ETH-PERPETUAL,TICK,0,3889.65,0
1762010093392,ETH-PERPETUAL,TICK,0,3889.65,0
1762010093423,ETH-PERPETUAL,TICK,0,3892.85,0
1762010093427,ETH-PERPETUAL,TICK,0,3892.85,0
1762010093457,ETH-PERPETUAL,TICK,0,3889.75,0
1762010093461,ETH-PERPETUAL,TICK,0,3889.75,0
1762010093491,ETH-PERPETUAL,TICK,0,3892.8,0
1762010093496,ETH-PERPETUAL,TICK,0,3892.8,0
1762010093524,ETH-PERPETUAL,TICK,0,3889.95,0
1762010093528,ETH-PERPETUAL,TICK,0,3889.95,0
1762010093557,ETH-PERPETUAL,TICK,0,3892.75,0
1762010093561,ETH-PERPETUAL,TICK,0,3892.75,0
1762010093589,ETH-PERPETUAL,TICK,0,3890,0
1762010093594,ETH-PERPETUAL,TICK,0,3890,0
1762010093623,ETH-PERPETUAL,TICK,0,3892.65,0
1762010093628,ETH-PERPETUAL,TICK,0,3892.65,0
1762010093656,ETH-PERPETUAL,TICK,0,3890.05,0
1762010093660,ETH-PERPETUAL,TICK,0,3890.05,0
1762010093689,ETH-PERPETUAL,TICK,0,3892.6,0
1762010093694,ETH-PERPETUAL,TICK,0,3892.6,0
1762010093722,ETH-PERPETUAL,TICK,0,3890.1,0
1762010093726,ETH-PERPETUAL,TICK,0,3890.1,0
1762010093753,ETH-PERPETUAL,TICK,0,3892.55,0
1762010093758,ETH-PERPETUAL,TICK,0,3892.55,0
1762010093786,ETH-PERPETUAL,TICK,0,3890.15,0
1762010093791,ETH-PERPETUAL,TICK,0,3890.15,0
1762010093819,ETH-PERPETUAL,TICK,0,3892.5,0
1762010093822,ETH-PERPETUAL,TICK,0,3892.5,0
1762010093852,ETH-PERPETUAL,TICK,0,3890.25,0
1762010093857,ETH-PERPETUAL,TICK,0,3890.25,0
1762010093885,ETH-PERPETUAL,TICK,0,3892.45,0
1762010093890,ETH-PERPETUAL,TICK,0,3892.45,0
1762010093920,ETH-PERPETUAL,TICK,0,3890.3,0
1762010093925,ETH-PERPETUAL,TICK,0,3890.3,0
1762010093953,ETH-PERPETUAL,TICK,0,3892.4,0
1762010093958,ETH-PERPETUAL,TICK,0,3892.4,0
1762010093986,ETH-PERPETUAL,TICK,0,3890.35,0
1762010093990,ETH-PERPETUAL,TICK,0,3890.35,0
1762010094020,ETH-PERPETUAL,TICK,0,3892.35,0
1762010094025,ETH-PERPETUAL,TICK,0,3892.35,0
1762010094053,ETH-PERPETUAL,TICK,0,3890.55,0
1762010094058,ETH-PERPETUAL,TICK,0,3890.55,0
1762010094089,ETH-PERPETUAL,TICK,0,3892.25,0
1762010094094,ETH-PERPETUAL,TICK,0,3892.25,0
1762010094123,ETH-PERPETUAL,TICK,0,3890.6,0
1762010094127,ETH-PERPETUAL,TICK,0,3890.6,0
1762010094156,ETH-PERPETUAL,TICK,0,3892.2,0
1762010094159,ETH-PERPETUAL,TICK,0,3892.2,0
1762010094189,ETH-PERPETUAL,TICK,0,3890.65,0
1762010094193,ETH-PERPETUAL,TICK,0,3890.65,0
1762010094222,ETH-PERPETUAL,TICK,0,3892.15,0
1762010094227,ETH-PERPETUAL,TICK,0,3892.15,0
1762010094256,ETH-PERPETUAL,TICK,0,3890.8,0
1762010094262,ETH-PERPETUAL,TICK,0,3890.8,0
1762010094289,ETH-PERPETUAL,TICK,0,3892.1,0
1762010094296,ETH-PERPETUAL,TICK,0,3892.1,0
1762010094327,ETH-PERPETUAL,TICK,0,3890.85,0
1762010094331,ETH-PERPETUAL,TICK,0,3890.85,0
1762010094359,ETH-PERPETUAL,TICK,0,3892,0
1762010094364,ETH-PERPETUAL,TICK,0,3892,0
1762010094395,ETH-PERPETUAL,TICK,0,3891.3,0
1762010094400,ETH-PERPETUAL,TICK,0,3891.3,0
1762010094429,ETH-PERPETUAL,TICK,0,3891.95,0
1762010094434,ETH-PERPETUAL,TICK,0,3891.95,0
1762010094463,ETH-PERPETUAL,TICK,0,3891.35,0
1762010094468,ETH-PERPETUAL,TICK,0,3891.35,0
1762010094498,ETH-PERPETUAL,TICK,0,3891.45,0
1762010094503,ETH-PERPETUAL,TICK,0,3891.45,0
1762010094532,ETH-PERPETUAL,TICK,0,3891.4,0
1762010094535,ETH-PERPETUAL,TICK,0,3891.4,0
1762010094742,BTC-PERPETUAL,TICK,0,0,0
1762010094747,BTC-PERPETUAL,TICK,0,0,0
1762010094780,BTC-PERPETUAL,TICK,0,110173,0
1762010094784,BTC-PERPETUAL,TICK,0,110173,0
1762010094817,BTC-PERPETUAL,TICK,0,110152,0
1762010094820,BTC-PERPETUAL,TICK,0,110152,0
1762010094851,BTC-PERPETUAL,TICK,0,110190,0
1762010094856,BTC-PERPETUAL,TICK,0,110190,0
1762010094887,BTC-PERPETUAL,TICK,0,110152,0
1762010094893,BTC-PERPETUAL,TICK,0,110152,0
1762010094924,BTC-PERPETUAL,TICK,0,110189,0
1762010094929,BTC-PERPETUAL,TICK,0,110189,0
1762010094961,BTC-PERPETUAL,TICK,0,110152,0
1762010094966,BTC-PERPETUAL,TICK,0,110152,0
1762010094999,BTC-PERPETUAL,TICK,0,110188,0
1762010095004,BTC-PERPETUAL,TICK,0,110188,0
1762010095034,BTC-PERPETUAL,TICK,0,110154,0
1762010095039,BTC-PERPETUAL,TICK,0,110154,0
1762010095071,BTC-PERPETUAL,TICK,0,110187,0
1762010095076,BTC-PERPETUAL,TICK,0,110187,0
1762010095107,BTC-PERPETUAL,TICK,0,110154,0
1762010095111,BTC-PERPETUAL,TICK,0,110154,0
1762010095141,BTC-PERPETUAL,TICK,0,110186,0
1762010095145,BTC-PERPETUAL,TICK,0,110186,0
1762010095175,BTC-PERPETUAL,TICK,0,110155,0
1762010095179,BTC-PERPETUAL,TICK,0,110155,0
1762010095209,BTC-PERPETUAL,TICK,0,110185,0
1762010095213,BTC-PERPETUAL,TICK,0,110185,0
1762010095242,BTC-PERPETUAL,TICK,0,110156,0
1762010095247,BTC-PERPETUAL,TICK,0,110156,0
1762010095276,BTC-PERPETUAL,TICK,0,0,0
1762010095280,BTC-PERPETUAL,TICK,0,0,0
1762010095309,BTC-PERPETUAL,TICK,0,110184,0
1762010095315,BTC-PERPETUAL,TICK,0,110184,0
1762010095347,BTC-PERPETUAL,TICK,0,110160,0
1762010095353,BTC-PERPETUAL,TICK,0,110160,0
1762010095382,BTC-PERPETUAL,TICK,0,110162,0
1762010095386,BTC-PERPETUAL,TICK,0,110162,0
1762010095417,BTC-PERPETUAL,TICK,0,110183,0
1762010095423,BTC-PERPETUAL,TICK,0,110183,0
1762010095455,BTC-PERPETUAL,TICK,0,110160,0
1762010095460,BTC-PERPETUAL,TICK,0,110160,0
1762010095491,BTC-PERPETUAL,TICK,0,110182,0
1762010095495,BTC-PERPETUAL,TICK,0,110182,0
1762010095526,BTC-PERPETUAL,TICK,0,110161,0
1762010095532,BTC-PERPETUAL,TICK,0,110161,0
1762010095562,BTC-PERPETUAL,TICK,0,110181,0
1762010095568,BTC-PERPETUAL,TICK,0,110181,0
1762010095601,BTC-PERPETUAL,TICK,0,110162,0
1762010095607,BTC-PERPETUAL,TICK,0,110162,0
1762010095611,BTC-PERPETUAL,TICK,0,110154,0
1762010095615,BTC-PERPETUAL,TICK,0,110154,0
1762010095645,BTC-PERPETUAL,TICK,0,110180,0
1762010095649,BTC-PERPETUAL,TICK,0,110180,0
1762010095683,BTC-PERPETUAL,TICK,0,110162,0
1762010095687,BTC-PERPETUAL,TICK,0,110162,0
1762010095692,BTC-PERPETUAL,TICK,0,110152,0
1762010095695,BTC-PERPETUAL,TICK,0,110152,0
1762010095720,BTC-PERPETUAL,TICK,0,110180,0
1762010095723,BTC-PERPETUAL,TICK,0,110180,0
1762010095756,BTC-PERPETUAL,TICK,0,110162,0
1762010095761,BTC-PERPETUAL,TICK,0,110162,0
1762010095765,BTC-PERPETUAL,TICK,0,110162,0
1762010095770,BTC-PERPETUAL,TICK,0,110162,0
1762010095796,BTC-PERPETUAL,TICK,0,110180,0
1762010095800,BTC-PERPETUAL,TICK,0,110180,0
1762010095831,BTC-PERPETUAL,TICK,0,110162,0
1762010095836,BTC-PERPETUAL,TICK,0,110162,0
1762010095840,BTC-PERPETUAL,TICK,0,110162,0
1762010095844,BTC-PERPETUAL,TICK,0,110162,0
1762010095868,BTC-PERPETUAL,TICK,0,110176,0
1762010095872,BTC-PERPETUAL,TICK,0,110176,0
1762010095902,BTC-PERPETUAL,TICK,0,110162,0
1762010095906,BTC-PERPETUAL,TICK,0,110162,0
1762010095911,BTC-PERPETUAL,TICK,0,110162,0
1762010095914,BTC-PERPETUAL,TICK,0,110162,0
1762010095939,BTC-PERPETUAL,TICK,0,110176,0
1762010095944,BTC-PERPETUAL,TICK,0,110176,0
1762010095972,BTC-PERPETUAL,TICK,0,110162,0
1762010095978,BTC-PERPETUAL,TICK,0,110162,0
1762010095982,BTC-PERPETUAL,TICK,0,110162,0
1762010095985,BTC-PERPETUAL,TICK,0,110162,0
1762010096009,BTC-PERPETUAL,TICK,0,110174,0
1762010096014,BTC-PERPETUAL,TICK,0,110174,0
1762010096044,BTC-PERPETUAL,TICK,0,110162,0
1762010096049,BTC-PERPETUAL,TICK,0,110162,0
1762010096054,BTC-PERPETUAL,TICK,0,110162,0
1762010096058,BTC-PERPETUAL,TICK,0,110162,0
1762010096083,BTC-PERPETUAL,TICK,0,110174,0
1762010096088,BTC-PERPETUAL,TICK,0,110174,0
1762010096119,BTC-PERPETUAL,TICK,0,110162,0
1762010096123,BTC-PERPETUAL,TICK,0,110162,0
1762010096129,BTC-PERPETUAL,TICK,0,110162,0
1762010096133,BTC-PERPETUAL,TICK,0,110162,0
1762010096158,BTC-PERPETUAL,TICK,0,110174,0
1762010096163,BTC-PERPETUAL,TICK,0,110174,0
1762010096196,BTC-PERPETUAL,TICK,0,110162,0
1762010096200,BTC-PERPETUAL,TICK,0,110162,0
1762010096205,BTC-PERPETUAL,TICK,0,110162,0
1762010096209,BTC-PERPETUAL,TICK,0,110162,0
1762010096233,BTC-PERPETUAL,TICK,0,110173,0
1762010096237,BTC-PERPETUAL,TICK,0,110173,0
1762010096266,BTC-PERPETUAL,TICK,0,110162,0
1762010096270,BTC-PERPETUAL,TICK,0,110162,0
1762010096275,BTC-PERPETUAL,TICK,0,110162,0
1762010096278,BTC-PERPETUAL,TICK,0,110162,0
1762010098485,ETH-PERPETUAL,TICK,0,3893.2,0
1762010098489,ETH-PERPETUAL,TICK,0,3893.2,0
1762010098526,ETH-PERPETUAL,TICK,0,3889.75,0
1762010098530,ETH-PERPETUAL,TICK,0,3889.75,0
1762010098560,ETH-PERPETUAL,TICK,0,3893.15,0
1762010098564,ETH-PERPETUAL,TICK,0,3893.15,0
1762010098593,ETH-PERPETUAL,TICK,0,3889.8,0
1762010098598,ETH-PERPETUAL,TICK,0,3889.8,0
1762010098629,ETH-PERPETUAL,TICK,0,3893.1,0
1762010098634,ETH-PERPETUAL,TICK,0,3893.1,0
1762010098661,ETH-PERPETUAL,TICK,0,3889.95,0
1762010098666,ETH-PERPETUAL,TICK,0,3889.95,0
1762010098695,ETH-PERPETUAL,TICK,0,3893,0
1762010098700,ETH-PERPETUAL,TICK,0,3893,0
1762010098731,ETH-PERPETUAL,TICK,0,3890,0
1762010098736,ETH-PERPETUAL,TICK,0,3890,0
1762010098765,ETH-PERPETUAL,TICK,0,3892.95,0
1762010098770,ETH-PERPETUAL,TICK,0,3892.95,0
1762010098801,ETH-PERPETUAL,TICK,0,3890.05,0
1762010098806,ETH-PERPETUAL,TICK,0,3890.05,0
1762010098837,ETH-PERPETUAL,TICK,0,3892.85,0
1762010098842,ETH-PERPETUAL,TICK,0,3892.85,0
1762010098874,ETH-PERPETUAL,TICK,0,3890.1,0
1762010098879,ETH-PERPETUAL,TICK,0,3890.1,0
1762010098910,ETH-PERPETUAL,TICK,0,3892.8,0
1762010098915,ETH-PERPETUAL,TICK,0,3892.8,0
1762010098945,ETH-PERPETUAL,TICK,0,3890.15,0
1762010098949,ETH-PERPETUAL,TICK,0,3890.15,0
1762010098981,ETH-PERPETUAL,TICK,0,3892.75,0
1762010098984,ETH-PERPETUAL,TICK,0,3892.75,0
1762010099017,ETH-PERPETUAL,TICK,0,3890.25,0
1762010099022,ETH-PERPETUAL,TICK,0,3890.25,0
1762010099053,ETH-PERPETUAL,TICK,0,3892.65,0
1762010099057,ETH-PERPETUAL,TICK,0,3892.65,0
1762010099085,ETH-PERPETUAL,TICK,0,3890.3,0
1762010099090,ETH-PERPETUAL,TICK,0,3890.3,0
1762010099122,ETH-PERPETUAL,TICK,0,3892.6,0
1762010099127,ETH-PERPETUAL,TICK,0,3892.6,0
1762010099167,ETH-PERPETUAL,TICK,0,3890.35,0
1762010099172,ETH-PERPETUAL,TICK,0,3890.35,0
1762010099204,ETH-PERPETUAL,TICK,0,3892.55,0
1762010099209,ETH-PERPETUAL,TICK,0,3892.55,0
1762010099242,ETH-PERPETUAL,TICK,0,3890.55,0
1762010099247,ETH-PERPETUAL,TICK,0,3890.55,0
1762010099280,ETH-PERPETUAL,TICK,0,3892.5,0
1762010099285,ETH-PERPETUAL,TICK,0,3892.5,0
1762010099317,ETH-PERPETUAL,TICK,0,3890.6,0
1762010099320,ETH-PERPETUAL,TICK,0,3890.6,0
1762010099354,ETH-PERPETUAL,TICK,0,3892.45,0
1762010099359,ETH-PERPETUAL,TICK,0,3892.45,0
1762010099390,ETH-PERPETUAL,TICK,0,3890.65,0
1762010099395,ETH-PERPETUAL,TICK,0,3890.65,0
1762010099428,ETH-PERPETUAL,TICK,0,3892.4,0
1762010099433,ETH-PERPETUAL,TICK,0,3892.4,0
1762010099464,ETH-PERPETUAL,TICK,0,3890.8,0
1762010099469,ETH-PERPETUAL,TICK,0,3890.8,0
1762010099501,ETH-PERPETUAL,TICK,0,3892.25,0
1762010099506,ETH-PERPETUAL,TICK,0,3892.25,0
1762010099536,ETH-PERPETUAL,TICK,0,3890.85,0
1762010099542,ETH-PERPETUAL,TICK,0,3890.85,0
1762010099573,ETH-PERPETUAL,TICK,0,3892.15,0
1762010099578,ETH-PERPETUAL,TICK,0,3892.15,0
1762010099610,ETH-PERPETUAL,TICK,0,3891,0
1762010099615,ETH-PERPETUAL,TICK,0,3891,0
1762010099645,ETH-PERPETUAL,TICK,0,3892.1,0
1762010099651,ETH-PERPETUAL,TICK,0,3892.1,0
1762010099682,ETH-PERPETUAL,TICK,0,3891.05,0
1762010099687,ETH-PERPETUAL,TICK,0,3891.05,0
1762010099718,ETH-PERPETUAL,TICK,0,3892,0
1762010099723,ETH-PERPETUAL,TICK,0,3892,0
1762010099754,ETH-PERPETUAL,TICK,0,3891.3,0
1762010099759,ETH-PERPETUAL,TICK,0,3891.3,0
1762010099789,ETH-PERPETUAL,TICK,0,3891.95,0
1762010099794,ETH-PERPETUAL,TICK,0,3891.95,0
1762010099824,ETH-PERPETUAL,TICK,0,3891.35,0
1762010099828,ETH-PERPETUAL,TICK,0,3891.35,0
1762010099861,ETH-PERPETUAL,TICK,0,3891.45,0
1762010099867,ETH-PERPETUAL,TICK,0,3891.45,0
1762010099898,ETH-PERPETUAL,TICK,0,3891.4,0
1762010099903,ETH-PERPETUAL,TICK,0,3891.4,0
1762010100051,BTC-PERPETUAL,TICK,0,110190,0
1762010100058,BTC-PERPETUAL,TICK,0,110190,0
1762010100093,BTC-PERPETUAL,TICK,0,110154,0
1762010100099,BTC-PERPETUAL,TICK,0,110154,0
1762010100132,BTC-PERPETUAL,TICK,0,110190,0
1762010100138,BTC-PERPETUAL,TICK,0,110190,0
1762010100169,BTC-PERPETUAL,TICK,0,110160,0
1762010100176,BTC-PERPETUAL,TICK,0,110160,0
1762010100207,BTC-PERPETUAL,TICK,0,110188,0
1762010100213,BTC-PERPETUAL,TICK,0,110188,0
1762010100246,BTC-PERPETUAL,TICK,0,110160,0
1762010100251,BTC-PERPETUAL,TICK,0,110160,0
1762010100282,BTC-PERPETUAL,TICK,0,110188,0
1762010100287,BTC-PERPETUAL,TICK,0,110188,0
1762010100323,BTC-PERPETUAL,TICK,0,110161,0
1762010100326,BTC-PERPETUAL,TICK,0,110161,0
1762010100359,BTC-PERPETUAL,TICK,0,110186,0
1762010100364,BTC-PERPETUAL,TICK,0,110186,0
1762010100394,BTC-PERPETUAL,TICK,0,110162,0
1762010100399,BTC-PERPETUAL,TICK,0,110162,0
1762010100431,BTC-PERPETUAL,TICK,0,110186,0
1762010100436,BTC-PERPETUAL,TICK,0,110186,0
1762010100466,BTC-PERPETUAL,TICK,0,110162,0
1762010100471,BTC-PERPETUAL,TICK,0,110162,0
1762010100476,BTC-PERPETUAL,TICK,0,110162,0
1762010100480,BTC-PERPETUAL,TICK,0,110162,0
1762010100507,BTC-PERPETUAL,TICK,0,110185,0
1762010100512,BTC-PERPETUAL,TICK,0,110185,0
1762010100544,BTC-PERPETUAL,TICK,0,110162,0
1762010100548,BTC-PERPETUAL,TICK,0,110162,0
1762010100553,BTC-PERPETUAL,TICK,0,110163,0
1762010100558,BTC-PERPETUAL,TICK,0,110163,0
1762010100586,BTC-PERPETUAL,TICK,0,110184,0
1762010100591,BTC-PERPETUAL,TICK,0,110184,0
1762010100621,BTC-PERPETUAL,TICK,0,110164,0
1762010100624,BTC-PERPETUAL,TICK,0,110164,0
1762010100657,BTC-PERPETUAL,TICK,0,110184,0
1762010100662,BTC-PERPETUAL,TICK,0,110184,0
1762010100697,BTC-PERPETUAL,TICK,0,110164,0
1762010100702,BTC-PERPETUAL,TICK,0,110164,0
1762010100734,BTC-PERPETUAL,TICK,0,110183,0
1762010100740,BTC-PERPETUAL,TICK,0,110183,0
1762010100772,BTC-PERPETUAL,TICK,0,110165,0
1762010100777,BTC-PERPETUAL,TICK,0,110165,0
1762010100782,BTC-PERPETUAL,TICK,0,110165,0
1762010100786,BTC-PERPETUAL,TICK,0,110165,0
1762010100811,BTC-PERPETUAL,TICK,0,110182,0
1762010100816,BTC-PERPETUAL,TICK,0,110182,0
1762010100850,BTC-PERPETUAL,TICK,0,110165,0
1762010100856,BTC-PERPETUAL,TICK,0,110165,0
1762010100861,BTC-PERPETUAL,TICK,0,110165,0
1762010100866,BTC-PERPETUAL,TICK,0,110165,0
1762010100892,BTC-PERPETUAL,TICK,0,110180,0
1762010100899,BTC-PERPETUAL,TICK,0,110180,0
1762010100938,BTC-PERPETUAL,TICK,0,110165,0
1762010100943,BTC-PERPETUAL,TICK,0,110165,0
1762010100949,BTC-PERPETUAL,TICK,0,110165,0
1762010100954,BTC-PERPETUAL,TICK,0,110165,0
1762010100981,BTC-PERPETUAL,TICK,0,110180,0
1762010100985,BTC-PERPETUAL,TICK,0,110180,0
1762010101019,BTC-PERPETUAL,TICK,0,110165,0
1762010101024,BTC-PERPETUAL,TICK,0,110165,0
1762010101030,BTC-PERPETUAL,TICK,0,110165,0
1762010101035,BTC-PERPETUAL,TICK,0,110165,0
1762010101062,BTC-PERPETUAL,TICK,0,110180,0
1762010101067,BTC-PERPETUAL,TICK,0,110180,0
1762010101103,BTC-PERPETUAL,TICK,0,110165,0
1762010101110,BTC-PERPETUAL,TICK,0,110165,0
1762010101116,BTC-PERPETUAL,TICK,0,110165,0
1762010101121,BTC-PERPETUAL,TICK,0,110165,0
1762010101151,BTC-PERPETUAL,TICK,0,110176,0
1762010101158,BTC-PERPETUAL,TICK,0,110176,0
1762010101195,BTC-PERPETUAL,TICK,0,110165,0
1762010101201,BTC-PERPETUAL,TICK,0,110165,0
1762010101208,BTC-PERPETUAL,TICK,0,110165,0
1762010101213,BTC-PERPETUAL,TICK,0,110165,0
1762010101241,BTC-PERPETUAL,TICK,0,110176,0
1762010101247,BTC-PERPETUAL,TICK,0,110176,0
1762010101283,BTC-PERPETUAL,TICK,0,110165,0
1762010101288,BTC-PERPETUAL,TICK,0,110165,0
1762010101294,BTC-PERPETUAL,TICK,0,110165,0
1762010101298,BTC-PERPETUAL,TICK,0,110165,0
1762010101327,BTC-PERPETUAL,TICK,0,110174,0
1762010101332,BTC-PERPETUAL,TICK,0,110174,0
1762010101366,BTC-PERPETUAL,TICK,0,110165,0
1762010101371,BTC-PERPETUAL,TICK,0,110165,0
1762010101376,BTC-PERPETUAL,TICK,0,110165,0
1762010101381,BTC-PERPETUAL,TICK,0,110165,0
1762010101412,BTC-PERPETUAL,TICK,0,110174,0
1762010101418,BTC-PERPETUAL,TICK,0,110174,0
1762010101454,BTC-PERPETUAL,TICK,0,110165,0
1762010101460,BTC-PERPETUAL,TICK,0,110165,0
1762010101465,BTC-PERPETUAL,TICK,0,110165,0
1762010101470,BTC-PERPETUAL,TICK,0,110165,0
1762010101499,BTC-PERPETUAL,TICK,0,110174,0
1762010101505,BTC-PERPETUAL,TICK,0,110174,0
1762010101539,BTC-PERPETUAL,TICK,0,110165,0
1762010101544,BTC-PERPETUAL,TICK,0,110165,0
1762010101550,BTC-PERPETUAL,TICK,0,110165,0
1762010101555,BTC-PERPETUAL,TICK,0,110165,0
1762010101581,BTC-PERPETUAL,TICK,0,110173,0
1762010101587,BTC-PERPETUAL,TICK,0,110173,0
1762010101624,BTC-PERPETUAL,TICK,0,110165,0
1762010101629,BTC-PERPETUAL,TICK,0,110165,0
1762010101636,BTC-PERPETUAL,TICK,0,110165,0
1762010101641,BTC-PERPETUAL,TICK,0,110165,0
1762010102397,BTC-PERPETUAL,TICK,0,110160,0
1762010102402,BTC-PERPETUAL,TICK,0,110160,0
1762010103753,ETH-PERPETUAL,TICK,0,3894.15,0
1762010103758,ETH-PERPETUAL,TICK,0,3894.15,0
1762010103797,ETH-PERPETUAL,TICK,0,3890.25,0
1762010103801,ETH-PERPETUAL,TICK,0,3890.25,0
1762010103835,ETH-PERPETUAL,TICK,0,3894.1,0
1762010103839,ETH-PERPETUAL,TICK,0,3894.1,0
1762010103874,ETH-PERPETUAL,TICK,0,3890.55,0
1762010103879,ETH-PERPETUAL,TICK,0,3890.55,0
1762010103908,ETH-PERPETUAL,TICK,0,3894.05,0
1762010103913,ETH-PERPETUAL,TICK,0,3894.05,0
1762010103947,ETH-PERPETUAL,TICK,0,3890.6,0
1762010103951,ETH-PERPETUAL,TICK,0,3890.6,0
1762010103982,ETH-PERPETUAL,TICK,0,3894,0
1762010103986,ETH-PERPETUAL,TICK,0,3894,0
1762010104016,ETH-PERPETUAL,TICK,0,3890.65,0
1762010104021,ETH-PERPETUAL,TICK,0,3890.65,0
1762010104052,ETH-PERPETUAL,TICK,0,3893.95,0
1762010104058,ETH-PERPETUAL,TICK,0,3893.95,0
1762010104091,ETH-PERPETUAL,TICK,0,3890.75,0
1762010104096,ETH-PERPETUAL,TICK,0,3890.75,0
1762010104127,ETH-PERPETUAL,TICK,0,3893.9,0
1762010104132,ETH-PERPETUAL,TICK,0,3893.9,0
1762010104163,ETH-PERPETUAL,TICK,0,3890.85,0
1762010104167,ETH-PERPETUAL,TICK,0,3890.85,0
1762010104201,ETH-PERPETUAL,TICK,0,3893.75,0
1762010104207,ETH-PERPETUAL,TICK,0,3893.75,0
1762010104238,ETH-PERPETUAL,TICK,0,3890.9,0
1762010104243,ETH-PERPETUAL,TICK,0,3890.9,0
1762010104274,ETH-PERPETUAL,TICK,0,3893.65,0
1762010104279,ETH-PERPETUAL,TICK,0,3893.65,0
1762010104311,ETH-PERPETUAL,TICK,0,3891,0
1762010104316,ETH-PERPETUAL,TICK,0,3891,0
1762010104350,ETH-PERPETUAL,TICK,0,3893.6,0
1762010104356,ETH-PERPETUAL,TICK,0,3893.6,0
1762010104388,ETH-PERPETUAL,TICK,0,3891.1,0
1762010104393,ETH-PERPETUAL,TICK,0,3891.1,0
1762010104424,ETH-PERPETUAL,TICK,0,3893.5,0
1762010104429,ETH-PERPETUAL,TICK,0,3893.5,0
1762010104460,ETH-PERPETUAL,TICK,0,3891.15,0
1762010104464,ETH-PERPETUAL,TICK,0,3891.15,0
1762010104496,ETH-PERPETUAL,TICK,0,3893.45,0
1762010104501,ETH-PERPETUAL,TICK,0,3893.45,0
1762010104531,ETH-PERPETUAL,TICK,0,3891.25,0
1762010104537,ETH-PERPETUAL,TICK,0,3891.25,0
1762010104570,ETH-PERPETUAL,TICK,0,3893.4,0
1762010104576,ETH-PERPETUAL,TICK,0,3893.4,0
1762010104606,ETH-PERPETUAL,TICK,0,3891.6,0
1762010104611,ETH-PERPETUAL,TICK,0,3891.6,0
1762010104641,ETH-PERPETUAL,TICK,0,3893.35,0
1762010104646,ETH-PERPETUAL,TICK,0,3893.35,0
1762010104677,ETH-PERPETUAL,TICK,0,3891.75,0
1762010104681,ETH-PERPETUAL,TICK,0,3891.75,0
1762010104713,ETH-PERPETUAL,TICK,0,3893.25,0
1762010104718,ETH-PERPETUAL,TICK,0,3893.25,0
1762010104750,ETH-PERPETUAL,TICK,0,3891.8,0
1762010104755,ETH-PERPETUAL,TICK,0,3891.8,0
1762010104786,ETH-PERPETUAL,TICK,0,3893.2,0
1762010104791,ETH-PERPETUAL,TICK,0,3893.2,0
1762010104823,ETH-PERPETUAL,TICK,0,3891.9,0
1762010104828,ETH-PERPETUAL,TICK,0,3891.9,0
1762010104858,ETH-PERPETUAL,TICK,0,3893.15,0
1762010104862,ETH-PERPETUAL,TICK,0,3893.15,0
1762010104892,ETH-PERPETUAL,TICK,0,3892,0
1762010104897,ETH-PERPETUAL,TICK,0,3892,0
1762010104928,ETH-PERPETUAL,TICK,0,3893.05,0
1762010104933,ETH-PERPETUAL,TICK,0,3893.05,0
1762010104963,ETH-PERPETUAL,TICK,0,3892.05,0
1762010104968,ETH-PERPETUAL,TICK,0,3892.05,0
1762010105002,ETH-PERPETUAL,TICK,0,3893,0
1762010105007,ETH-PERPETUAL,TICK,0,3893,0
1762010105038,ETH-PERPETUAL,TICK,0,3892.1,0
1762010105042,ETH-PERPETUAL,TICK,0,3892.1,0
1762010105075,ETH-PERPETUAL,TICK,0,3892.5,0
1762010105081,ETH-PERPETUAL,TICK,0,3892.5,0
1762010105114,ETH-PERPETUAL,TICK,0,3892.15,0
1762010105120,ETH-PERPETUAL,TICK,0,3892.15,0
1762010105153,ETH-PERPETUAL,TICK,0,3892.4,0
1762010105159,ETH-PERPETUAL,TICK,0,3892.4,0
1762010105192,ETH-PERPETUAL,TICK,0,3892.35,0
1762010105197,ETH-PERPETUAL,TICK,0,3892.35,0
1762010103659,BTC-PERPETUAL,TICK,0,110191,0
1762010103663,BTC-PERPETUAL,TICK,0,110191,0
1762010103697,BTC-PERPETUAL,TICK,0,110158,0
1762010103700,BTC-PERPETUAL,TICK,0,110158,0
1762010103734,BTC-PERPETUAL,TICK,0,110188,0
1762010103738,BTC-PERPETUAL,TICK,0,110188,0
1762010103769,BTC-PERPETUAL,TICK,0,110160,0
1762010103774,BTC-PERPETUAL,TICK,0,110160,0
1762010103806,BTC-PERPETUAL,TICK,0,110188,0
1762010103810,BTC-PERPETUAL,TICK,0,110188,0
1762010103844,BTC-PERPETUAL,TICK,0,110160,0
1762010103848,BTC-PERPETUAL,TICK,0,110160,0
1762010103880,BTC-PERPETUAL,TICK,0,110187,0
1762010103885,BTC-PERPETUAL,TICK,0,110187,0
1762010103916,BTC-PERPETUAL,TICK,0,110161,0
1762010103922,BTC-PERPETUAL,TICK,0,110161,0
1762010103959,BTC-PERPETUAL,TICK,0,110186,0
1762010103964,BTC-PERPETUAL,TICK,0,110186,0
1762010103997,BTC-PERPETUAL,TICK,0,110162,0
1762010104002,BTC-PERPETUAL,TICK,0,110162,0
1762010104036,BTC-PERPETUAL,TICK,0,110185,0
1762010104040,BTC-PERPETUAL,TICK,0,110185,0
1762010104073,BTC-PERPETUAL,TICK,0,110162,0
1762010104078,BTC-PERPETUAL,TICK,0,110162,0
1762010104113,BTC-PERPETUAL,TICK,0,110184,0
1762010104119,BTC-PERPETUAL,TICK,0,110184,0
1762010104154,BTC-PERPETUAL,TICK,0,110163,0
1762010104159,BTC-PERPETUAL,TICK,0,110163,0
1762010104191,BTC-PERPETUAL,TICK,0,110184,0
1762010104196,BTC-PERPETUAL,TICK,0,110184,0
1762010104227,BTC-PERPETUAL,TICK,0,110164,0
1762010104248,BTC-PERPETUAL,TICK,0,110164,0
1762010104265,ETH-PERPETUAL,TICK,0,3892.35,0
1762010104271,ETH-PERPETUAL,TICK,0,3892.35,0
1762010104300,BTC-PERPETUAL,TICK,0,110183,0
1762010104304,BTC-PERPETUAL,TICK,0,110183,0
1762010104335,BTC-PERPETUAL,TICK,0,110164,0
1762010104339,BTC-PERPETUAL,TICK,0,110164,0
1762010104373,BTC-PERPETUAL,TICK,0,110182,0
1762010104378,BTC-PERPETUAL,TICK,0,110182,0
1762010104409,BTC-PERPETUAL,TICK,0,110164,0
1762010104414,BTC-PERPETUAL,TICK,0,110164,0
1762010104446,BTC-PERPETUAL,TICK,0,110180,0
1762010104450,BTC-PERPETUAL,TICK,0,110180,0
1762010104487,BTC-PERPETUAL,TICK,0,110165,0
1762010104493,BTC-PERPETUAL,TICK,0,110165,0
1762010104499,BTC-PERPETUAL,TICK,0,110165,0
1762010104503,BTC-PERPETUAL,TICK,0,110165,0
1762010104531,BTC-PERPETUAL,TICK,0,110180,0
1762010104536,BTC-PERPETUAL,TICK,0,110180,0
1762010104569,BTC-PERPETUAL,TICK,0,110165,0
1762010104574,BTC-PERPETUAL,TICK,0,110165,0
1762010104581,BTC-PERPETUAL,TICK,0,110165,0
1762010104585,BTC-PERPETUAL,TICK,0,110165,0
1762010104611,BTC-PERPETUAL,TICK,0,110178,0
1762010104618,BTC-PERPETUAL,TICK,0,110178,0
1762010104656,BTC-PERPETUAL,TICK,0,110165,0
1762010104661,BTC-PERPETUAL,TICK,0,110165,0
1762010104667,BTC-PERPETUAL,TICK,0,110165,0
1762010104670,BTC-PERPETUAL,TICK,0,110165,0
1762010104697,BTC-PERPETUAL,TICK,0,110176,0
1762010104701,BTC-PERPETUAL,TICK,0,110176,0
1762010104733,BTC-PERPETUAL,TICK,0,110165,0
1762010104738,BTC-PERPETUAL,TICK,0,110165,0
1762010104743,BTC-PERPETUAL,TICK,0,110165,0
1762010104748,BTC-PERPETUAL,TICK,0,110165,0
1762010104773,BTC-PERPETUAL,TICK,0,110176,0
1762010104778,BTC-PERPETUAL,TICK,0,110176,0
1762010104813,BTC-PERPETUAL,TICK,0,110165,0
1762010104819,BTC-PERPETUAL,TICK,0,110165,0
1762010104825,BTC-PERPETUAL,TICK,0,110165,0
1762010104830,BTC-PERPETUAL,TICK,0,110165,0
1762010104857,BTC-PERPETUAL,TICK,0,110176,0
1762010104862,BTC-PERPETUAL,TICK,0,110176,0
1762010104893,BTC-PERPETUAL,TICK,0,110165,0
1762010104897,BTC-PERPETUAL,TICK,0,110165,0
1762010104902,BTC-PERPETUAL,TICK,0,110165,0
1762010104906,BTC-PERPETUAL,TICK,0,110165,0
1762010104929,BTC-PERPETUAL,TICK,0,110174,0
1762010104934,BTC-PERPETUAL,TICK,0,110174,0
1762010104964,BTC-PERPETUAL,TICK,0,110165,0
1762010104970,BTC-PERPETUAL,TICK,0,110165,0
1762010104975,BTC-PERPETUAL,TICK,0,110165,0
1762010104979,BTC-PERPETUAL,TICK,0,110165,0
1762010105001,BTC-PERPETUAL,TICK,0,110174,0
1762010105006,BTC-PERPETUAL,TICK,0,110174,0
1762010105036,BTC-PERPETUAL,TICK,0,110165,0
1762010105041,BTC-PERPETUAL,TICK,0,110165,0
1762010105046,BTC-PERPETUAL,TICK,0,110165,0
1762010105050,BTC-PERPETUAL,TICK,0,110165,0
1762010105074,BTC-PERPETUAL,TICK,0,110174,0
1762010105079,BTC-PERPETUAL,TICK,0,110174,0
1762010105110,BTC-PERPETUAL,TICK,0,110165,0
1762010105115,BTC-PERPETUAL,TICK,0,110165,0
1762010105120,BTC-PERPETUAL,TICK,0,110165,0
1762010105124,BTC-PERPETUAL,TICK,0,110165,0
1762010105150,BTC-PERPETUAL,TICK,0,110173,0
1762010105153,BTC-PERPETUAL,TICK,0,110173,0
1762010105186,BTC-PERPETUAL,TICK,0,110165,0
1762010105190,BTC-PERPETUAL,TICK,0,110165,0
1762010105196,BTC-PERPETUAL,TICK,0,110172,0
1762010105200,BTC-PERPETUAL,TICK,0,110172,0
1762010106099,BTC-PERPETUAL,TICK,0,0,0
1762010106104,BTC-PERPETUAL,TICK,0,0,0
1762010106144,ETH-PERPETUAL,TICK,0,0,0
1762010106150,ETH-PERPETUAL,TICK,0,0,0
1762010106694,ETH-PERPETUAL,TICK,0,3871.55,0
1762010106703,ETH-PERPETUAL,TICK,0,3871.55,0
1762010106734,ETH-PERPETUAL,TICK,0,3879.2,0
1762010106739,ETH-PERPETUAL,TICK,0,3879.2,0
1762010106770,ETH-PERPETUAL,TICK,0,3881.35,0
1762010106775,ETH-PERPETUAL,TICK,0,3881.35,0
1762010106804,ETH-PERPETUAL,TICK,0,3881.9,0
1762010106807,ETH-PERPETUAL,TICK,0,3881.9,0
1762010106838,ETH-PERPETUAL,TICK,0,3912.4,0
1762010106843,ETH-PERPETUAL,TICK,0,3912.4,0
1762010107230,ETH-PERPETUAL,TICK,0,3903.05,0
1762010107235,ETH-PERPETUAL,TICK,0,3903.05,0
1762010107362,ETH-PERPETUAL,TICK,0,3895,0
1762010107367,ETH-PERPETUAL,TICK,0,3895,0
1762010107396,ETH-PERPETUAL,TICK,0,3892.35,0
1762010107401,ETH-PERPETUAL,TICK,0,3892.35,0
1762010107430,ETH-PERPETUAL,TICK,0,3894.95,0
1762010107435,ETH-PERPETUAL,TICK,0,3894.95,0
1762010107464,ETH-PERPETUAL,TICK,0,3891.8,0
1762010107469,ETH-PERPETUAL,TICK,0,3891.8,0
1762010107500,ETH-PERPETUAL,TICK,0,3894.9,0
1762010107505,ETH-PERPETUAL,TICK,0,3894.9,0
1762010107535,ETH-PERPETUAL,TICK,0,3891.9,0
1762010107539,ETH-PERPETUAL,TICK,0,3891.9,0
1762010107568,ETH-PERPETUAL,TICK,0,3894.85,0
1762010107573,ETH-PERPETUAL,TICK,0,3894.85,0
1762010107605,ETH-PERPETUAL,TICK,0,3891.95,0
1762010107610,ETH-PERPETUAL,TICK,0,3891.95,0
1762010107639,BTC-PERPETUAL,TICK,0,109904,0
1762010107643,BTC-PERPETUAL,TICK,0,109904,0
1762010107673,ETH-PERPETUAL,TICK,0,3894.8,0
1762010107678,ETH-PERPETUAL,TICK,0,3894.8,0
1762010107708,BTC-PERPETUAL,TICK,0,110442,0
1762010107713,BTC-PERPETUAL,TICK,0,110442,0
1762010107743,ETH-PERPETUAL,TICK,0,3892,0
1762010107748,ETH-PERPETUAL,TICK,0,3892,0
1762010107779,ETH-PERPETUAL,TICK,0,3894.75,0
1762010107784,ETH-PERPETUAL,TICK,0,3894.75,0
1762010107815,ETH-PERPETUAL,TICK,0,3892.05,0
1762010107820,ETH-PERPETUAL,TICK,0,3892.05,0
1762010107854,ETH-PERPETUAL,TICK,0,3892.15,0
1762010107859,ETH-PERPETUAL,TICK,0,3892.15,0
1762010107891,ETH-PERPETUAL,TICK,0,3894.7,0
1762010107896,ETH-PERPETUAL,TICK,0,3894.7,0
1762010107927,ETH-PERPETUAL,TICK,0,3892.1,0
1762010107932,ETH-PERPETUAL,TICK,0,3892.1,0
1762010107963,ETH-PERPETUAL,TICK,0,3894.65,0
1762010107966,ETH-PERPETUAL,TICK,0,3894.65,0
1762010107999,ETH-PERPETUAL,TICK,0,3892.15,0
1762010108002,ETH-PERPETUAL,TICK,0,3892.15,0
1762010108036,ETH-PERPETUAL,TICK,0,3894.6,0
1762010108041,ETH-PERPETUAL,TICK,0,3894.6,0
1762010108073,ETH-PERPETUAL,TICK,0,3892.3,0
1762010108078,ETH-PERPETUAL,TICK,0,3892.3,0
1762010108110,ETH-PERPETUAL,TICK,0,3894.45,0
1762010108115,ETH-PERPETUAL,TICK,0,3894.45,0
1762010108144,ETH-PERPETUAL,TICK,0,3892.35,0
1762010108149,ETH-PERPETUAL,TICK,0,3892.35,0
1762010108179,ETH-PERPETUAL,TICK,0,3894.25,0
1762010108184,ETH-PERPETUAL,TICK,0,3894.25,0
1762010108214,ETH-PERPETUAL,TICK,0,3892.4,0
1762010108219,ETH-PERPETUAL,TICK,0,3892.4,0
1762010108249,ETH-PERPETUAL,TICK,0,3894.2,0
1762010108254,ETH-PERPETUAL,TICK,0,3894.2,0
1762010108284,ETH-PERPETUAL,TICK,0,3892.6,0
1762010108289,ETH-PERPETUAL,TICK,0,3892.6,0
1762010108319,ETH-PERPETUAL,TICK,0,3894.15,0
1762010108324,ETH-PERPETUAL,TICK,0,3894.15,0
1762010108355,ETH-PERPETUAL,TICK,0,3892.65,0
1762010108361,ETH-PERPETUAL,TICK,0,3892.65,0
1762010108390,ETH-PERPETUAL,TICK,0,3894,0
1762010108395,ETH-PERPETUAL,TICK,0,3894,0
1762010108428,ETH-PERPETUAL,TICK,0,3892.75,0
1762010108433,ETH-PERPETUAL,TICK,0,3892.75,0
1762010108467,ETH-PERPETUAL,TICK,0,3893.85,0
1762010108472,ETH-PERPETUAL,TICK,0,3893.85,0
1762010108502,ETH-PERPETUAL,TICK,0,3892.8,0
1762010108508,ETH-PERPETUAL,TICK,0,3892.8,0
1762010108538,BTC-PERPETUAL,TICK,0,109985,0
1762010108542,BTC-PERPETUAL,TICK,0,109985,0
1762010108575,ETH-PERPETUAL,TICK,0,3893.8,0
1762010108581,ETH-PERPETUAL,TICK,0,3893.8,0
1762010108612,ETH-PERPETUAL,TICK,0,3892.9,0
1762010108617,ETH-PERPETUAL,TICK,0,3892.9,0
1762010108651,ETH-PERPETUAL,TICK,0,3893.6,0
1762010108657,ETH-PERPETUAL,TICK,0,3893.6,0
1762010108690,ETH-PERPETUAL,TICK,0,3893,0
1762010108694,ETH-PERPETUAL,TICK,0,3893,0
1762010108728,ETH-PERPETUAL,TICK,0,3893.55,0
1762010108733,ETH-PERPETUAL,TICK,0,3893.55,0
1762010108765,ETH-PERPETUAL,TICK,0,3893.1,0
1762010108771,ETH-PERPETUAL,TICK,0,3893.1,0
1762010108803,ETH-PERPETUAL,TICK,0,3893.5,0
1762010108808,ETH-PERPETUAL,TICK,0,3893.5,0
1762010108840,ETH-PERPETUAL,TICK,0,3893.15,0
1762010108846,ETH-PERPETUAL,TICK,0,3893.15,0
1762010108882,ETH-PERPETUAL,TICK,0,3893.45,0
1762010108889,ETH-PERPETUAL,TICK,0,3893.45,0
1762010108933,ETH-PERPETUAL,TICK,0,3893.3,0
1762010108938,ETH-PERPETUAL,TICK,0,3893.3,0
1762010108972,ETH-PERPETUAL,TICK,0,3893.3,0
1762010108977,ETH-PERPETUAL,TICK,0,3893.3,0
1762010108982,BTC-PERPETUAL,TICK,0,110400,0
1762010108986,BTC-PERPETUAL,TICK,0,110400,0
1762010109013,BTC-PERPETUAL,TICK,0,110118,0
1762010109019,BTC-PERPETUAL,TICK,0,110118,0
1762010109058,ETH-PERPETUAL,TICK,0,3901.3,0
1762010109065,ETH-PERPETUAL,TICK,0,3901.3,0
1762010109104,BTC-PERPETUAL,TICK,0,110118,0
1762010109109,BTC-PERPETUAL,TICK,0,110118,0
1762010109150,ETH-PERPETUAL,TICK,0,3893.15,0
1762010109155,ETH-PERPETUAL,TICK,0,3893.15,0
1762010109194,BTC-PERPETUAL,TICK,0,110207,0
1762010109201,BTC-PERPETUAL,TICK,0,110207,0
1762010109237,BTC-PERPETUAL,TICK,0,0,0
1762010109242,BTC-PERPETUAL,TICK,0,0,0
1762010109280,BTC-PERPETUAL,TICK,0,110206,0
1762010109286,BTC-PERPETUAL,TICK,0,110206,0
1762010109322,BTC-PERPETUAL,TICK,0,110170,0
1762010109328,BTC-PERPETUAL,TICK,0,110170,0
1762010109367,BTC-PERPETUAL,TICK,0,110205,0
1762010109373,BTC-PERPETUAL,TICK,0,110205,0
1762010109416,BTC-PERPETUAL,TICK,0,110170,0
1762010109424,BTC-PERPETUAL,TICK,0,110170,0
1762010109462,BTC-PERPETUAL,TICK,0,110204,0
1762010109468,BTC-PERPETUAL,TICK,0,110204,0
1762010109507,BTC-PERPETUAL,TICK,0,110171,0
1762010109513,BTC-PERPETUAL,TICK,0,110171,0
1762010109549,BTC-PERPETUAL,TICK,0,110204,0
1762010109554,BTC-PERPETUAL,TICK,0,110204,0
1762010109589,BTC-PERPETUAL,TICK,0,110172,0
1762010109595,BTC-PERPETUAL,TICK,0,110172,0
1762010109632,BTC-PERPETUAL,TICK,0,110203,0
1762010109638,BTC-PERPETUAL,TICK,0,110203,0
1762010109673,BTC-PERPETUAL,TICK,0,110172,0
1762010109679,BTC-PERPETUAL,TICK,0,110172,0
1762010109714,BTC-PERPETUAL,TICK,0,110202,0
1762010109721,BTC-PERPETUAL,TICK,0,110202,0
1762010109753,BTC-PERPETUAL,TICK,0,110174,0
1762010109760,BTC-PERPETUAL,TICK,0,110174,0
1762010109792,BTC-PERPETUAL,TICK,0,110201,0
1762010109798,BTC-PERPETUAL,TICK,0,110201,0
1762010109831,BTC-PERPETUAL,TICK,0,110175,0
1762010109836,BTC-PERPETUAL,TICK,0,110175,0
1762010109873,BTC-PERPETUAL,TICK,0,110199,0
1762010109879,BTC-PERPETUAL,TICK,0,110199,0
1762010109913,BTC-PERPETUAL,TICK,0,110176,0
1762010109918,BTC-PERPETUAL,TICK,0,110176,0
1762010109951,BTC-PERPETUAL,TICK,0,110198,0
1762010109956,BTC-PERPETUAL,TICK,0,110198,0
1762010109990,BTC-PERPETUAL,TICK,0,110176,0
1762010109994,BTC-PERPETUAL,TICK,0,110176,0
1762010110025,BTC-PERPETUAL,TICK,0,110198,0
1762010110030,BTC-PERPETUAL,TICK,0,110198,0
1762010110062,BTC-PERPETUAL,TICK,0,110178,0
1762010110067,BTC-PERPETUAL,TICK,0,110178,0
1762010110098,BTC-PERPETUAL,TICK,0,110198,0
1762010110104,BTC-PERPETUAL,TICK,0,110198,0
1762010110138,BTC-PERPETUAL,TICK,0,110178,0
1762010110144,BTC-PERPETUAL,TICK,0,110178,0
1762010110178,BTC-PERPETUAL,TICK,0,110194,0
1762010110185,BTC-PERPETUAL,TICK,0,110194,0
1762010110217,BTC-PERPETUAL,TICK,0,110179,0
1762010110222,BTC-PERPETUAL,TICK,0,110179,0
1762010110257,BTC-PERPETUAL,TICK,0,110194,0
1762010110264,BTC-PERPETUAL,TICK,0,110194,0
1762010110304,BTC-PERPETUAL,TICK,0,110180,0
1762010110312,BTC-PERPETUAL,TICK,0,110180,0
1762010110354,BTC-PERPETUAL,TICK,0,110193,0
1762010110359,BTC-PERPETUAL,TICK,0,110193,0
1762010110398,BTC-PERPETUAL,TICK,0,110180,0
1762010110404,BTC-PERPETUAL,TICK,0,110180,0
1762010110439,BTC-PERPETUAL,TICK,0,110190,0
1762010110445,BTC-PERPETUAL,TICK,0,110190,0
1762010110481,BTC-PERPETUAL,TICK,0,110180,0
1762010110488,BTC-PERPETUAL,TICK,0,110180,0
1762010110522,BTC-PERPETUAL,TICK,0,110190,0
1762010110529,BTC-PERPETUAL,TICK,0,110190,0
1762010110564,BTC-PERPETUAL,TICK,0,110181,0
1762010110568,BTC-PERPETUAL,TICK,0,110181,0
1762010110608,BTC-PERPETUAL,TICK,0,110185,0
1762010110614,BTC-PERPETUAL,TICK,0,110185,0
1762010110648,BTC-PERPETUAL,TICK,0,110182,0
1762010110653,BTC-PERPETUAL,TICK,0,110182,0
1762010110691,BTC-PERPETUAL,TICK,0,110184,0
1762010110699,BTC-PERPETUAL,TICK,0,110184,0
1762010110738,BTC-PERPETUAL,TICK,0,110182,0
1762010110742,BTC-PERPETUAL,TICK,0,110182,0
1762010110782,BTC-PERPETUAL,TICK,0,110183,0
1762010110787,BTC-PERPETUAL,TICK,0,110183,0
1762010110821,BTC-PERPETUAL,TICK,0,110182,0
1762010110827,BTC-PERPETUAL,TICK,0,110182,0
1762010111357,BTC-PERPETUAL,TICK,0,110322,0
1762010111362,BTC-PERPETUAL,TICK,0,110322,0
1762010111621,ETH-PERPETUAL,TICK,0,3900.55,0
1762010111626,ETH-PERPETUAL,TICK,0,3900.55,0
1762010112607,ETH-PERPETUAL,TICK,0,3895.7,0
1762010112610,ETH-PERPETUAL,TICK,0,3895.7,0
1762010112644,ETH-PERPETUAL,TICK,0,3893.15,0
1762010112649,ETH-PERPETUAL,TICK,0,3893.15,0
1762010112683,ETH-PERPETUAL,TICK,0,3895.6,0
1762010112689,ETH-PERPETUAL,TICK,0,3895.6,0
1762010112721,ETH-PERPETUAL,TICK,0,3892.6,0
1762010112727,ETH-PERPETUAL,TICK,0,3892.6,0
1762010112762,ETH-PERPETUAL,TICK,0,3895.55,0
1762010112768,ETH-PERPETUAL,TICK,0,3895.55,0
1762010112800,ETH-PERPETUAL,TICK,0,3892.65,0
1762010112806,ETH-PERPETUAL,TICK,0,3892.65,0
1762010112838,ETH-PERPETUAL,TICK,0,3895.5,0
1762010112843,ETH-PERPETUAL,TICK,0,3895.5,0
1762010112874,ETH-PERPETUAL,TICK,0,3892.8,0
1762010112880,ETH-PERPETUAL,TICK,0,3892.8,0
1762010112911,ETH-PERPETUAL,TICK,0,3895.45,0
1762010112916,ETH-PERPETUAL,TICK,0,3895.45,0
1762010112947,ETH-PERPETUAL,TICK,0,3892.85,0
1762010112951,ETH-PERPETUAL,TICK,0,3892.85,0
1762010112984,ETH-PERPETUAL,TICK,0,3895.4,0
1762010112989,ETH-PERPETUAL,TICK,0,3895.4,0
1762010113021,ETH-PERPETUAL,TICK,0,3892.9,0
1762010113027,ETH-PERPETUAL,TICK,0,3892.9,0
1762010113058,ETH-PERPETUAL,TICK,0,3895.35,0
1762010113064,ETH-PERPETUAL,TICK,0,3895.35,0
1762010113095,ETH-PERPETUAL,TICK,0,3893,0
1762010113099,ETH-PERPETUAL,TICK,0,3893,0
1762010113129,ETH-PERPETUAL,TICK,0,3895.3,0
1762010113135,ETH-PERPETUAL,TICK,0,3895.3,0
1762010113165,ETH-PERPETUAL,TICK,0,3893.15,0
1762010113171,ETH-PERPETUAL,TICK,0,3893.15,0
1762010113200,ETH-PERPETUAL,TICK,0,3895.25,0
1762010113204,ETH-PERPETUAL,TICK,0,3895.25,0
1762010113235,ETH-PERPETUAL,TICK,0,3893.25,0
1762010113240,ETH-PERPETUAL,TICK,0,3893.25,0
1762010113269,ETH-PERPETUAL,TICK,0,3895.15,0
1762010113273,ETH-PERPETUAL,TICK,0,3895.15,0
1762010113304,ETH-PERPETUAL,TICK,0,3893.3,0
1762010113309,ETH-PERPETUAL,TICK,0,3893.3,0
1762010113676,ETH-PERPETUAL,TICK,0,3893.3,0
1762010113683,ETH-PERPETUAL,TICK,0,3893.3,0
1762010113687,ETH-PERPETUAL,TICK,0,3895.1,0
1762010113691,ETH-PERPETUAL,TICK,0,3895.1,0
1762010113719,ETH-PERPETUAL,TICK,0,3893.3,0
1762010113723,ETH-PERPETUAL,TICK,0,3893.3,0
1762010113753,ETH-PERPETUAL,TICK,0,3893.3,0
1762010113758,ETH-PERPETUAL,TICK,0,3893.3,0
1762010113764,ETH-PERPETUAL,TICK,0,3893.15,0
1762010113767,ETH-PERPETUAL,TICK,0,3893.15,0
1762010113793,ETH-PERPETUAL,TICK,0,3895.05,0
1762010113799,ETH-PERPETUAL,TICK,0,3895.05,0
1762010113832,ETH-PERPETUAL,TICK,0,3893.3,0
1762010113838,ETH-PERPETUAL,TICK,0,3893.3,0
1762010113871,ETH-PERPETUAL,TICK,0,3893.3,0
1762010113876,ETH-PERPETUAL,TICK,0,3893.3,0
1762010113882,ETH-PERPETUAL,TICK,0,3895,0
1762010113886,ETH-PERPETUAL,TICK,0,3895,0
1762010113911,ETH-PERPETUAL,TICK,0,3893.3,0
1762010113916,ETH-PERPETUAL,TICK,0,3893.3,0
1762010113949,ETH-PERPETUAL,TICK,0,3893.3,0
1762010113956,ETH-PERPETUAL,TICK,0,3893.3,0
1762010113961,BTC-PERPETUAL,TICK,0,0,0
1762010113965,BTC-PERPETUAL,TICK,0,0,0
1762010113987,ETH-PERPETUAL,TICK,0,3894.85,0
1762010113991,ETH-PERPETUAL,TICK,0,3894.85,0
1762010114022,ETH-PERPETUAL,TICK,0,3893.3,0
1762010114026,ETH-PERPETUAL,TICK,0,3893.3,0
1762010114057,ETH-PERPETUAL,TICK,0,3893.3,0
1762010114062,ETH-PERPETUAL,TICK,0,3893.3,0
1762010114066,ETH-PERPETUAL,TICK,0,3894.75,0
1762010114070,ETH-PERPETUAL,TICK,0,3894.75,0
1762010114095,ETH-PERPETUAL,TICK,0,3893.3,0
1762010114100,ETH-PERPETUAL,TICK,0,3893.3,0
1762010114130,ETH-PERPETUAL,TICK,0,3893.3,0
1762010114135,ETH-PERPETUAL,TICK,0,3893.3,0
1762010114140,ETH-PERPETUAL,TICK,0,3894.65,0
1762010114144,ETH-PERPETUAL,TICK,0,3894.65,0
1762010114168,ETH-PERPETUAL,TICK,0,3893.3,0
1762010114172,ETH-PERPETUAL,TICK,0,3893.3,0
1762010114227,ETH-PERPETUAL,TICK,0,3893.3,0
1762010114232,ETH-PERPETUAL,TICK,0,3893.3,0
1762010114237,ETH-PERPETUAL,TICK,0,3894.6,0
1762010114241,ETH-PERPETUAL,TICK,0,3894.6,0
1762010114264,ETH-PERPETUAL,TICK,0,3893.3,0
1762010114268,ETH-PERPETUAL,TICK,0,3893.3,0
1762010114301,ETH-PERPETUAL,TICK,0,3893.3,0
1762010114307,ETH-PERPETUAL,TICK,0,3893.3,0
1762010114313,ETH-PERPETUAL,TICK,0,3894.55,0
1762010114317,ETH-PERPETUAL,TICK,0,3894.55,0
1762010114343,ETH-PERPETUAL,TICK,0,3893.3,0
1762010114347,ETH-PERPETUAL,TICK,0,3893.3,0
1762010114378,ETH-PERPETUAL,TICK,0,3893.3,0
1762010114383,ETH-PERPETUAL,TICK,0,3893.3,0
1762010114389,ETH-PERPETUAL,TICK,0,3894.5,0
1762010114393,ETH-PERPETUAL,TICK,0,3894.5,0
1762010114418,ETH-PERPETUAL,TICK,0,3893.3,0
1762010114423,ETH-PERPETUAL,TICK,0,3893.3,0
1762010114461,ETH-PERPETUAL,TICK,0,3893.3,0
1762010114467,ETH-PERPETUAL,TICK,0,3893.3,0
1762010114472,ETH-PERPETUAL,TICK,0,3894.45,0
1762010114477,ETH-PERPETUAL,TICK,0,3894.45,0
1762010114502,ETH-PERPETUAL,TICK,0,3893.3,0
1762010114508,ETH-PERPETUAL,TICK,0,3893.3,0
1762010114541,ETH-PERPETUAL,TICK,0,3893.3,0
1762010114547,ETH-PERPETUAL,TICK,0,3893.3,0
1762010114552,BTC-PERPETUAL,TICK,0,110237,0
1762010114556,BTC-PERPETUAL,TICK,0,110237,0
1762010114583,BTC-PERPETUAL,TICK,0,110184,0
1762010114589,BTC-PERPETUAL,TICK,0,110185,0
1762010114594,BTC-PERPETUAL,TICK,0,110184,0
1762010114598,BTC-PERPETUAL,TICK,0,110190,0
1762010114602,BTC-PERPETUAL,TICK,0,110185,0
1762010114607,BTC-PERPETUAL,TICK,0,110190,0
1762010114611,BTC-PERPETUAL,TICK,0,110190,0
1762010114615,BTC-PERPETUAL,TICK,0,110193,0
1762010114620,BTC-PERPETUAL,TICK,0,110190,0
1762010114624,BTC-PERPETUAL,TICK,0,110193,0
1762010114629,BTC-PERPETUAL,TICK,0,110194,0
1762010114634,BTC-PERPETUAL,TICK,0,110194,0
1762010114639,BTC-PERPETUAL,TICK,0,110194,0
1762010114643,BTC-PERPETUAL,TICK,0,110194,0
1762010114648,BTC-PERPETUAL,TICK,0,110194,0
1762010114652,BTC-PERPETUAL,TICK,0,110194,0
1762010114657,BTC-PERPETUAL,TICK,0,110194,0
1762010114662,BTC-PERPETUAL,TICK,0,110194,0
1762010114666,BTC-PERPETUAL,TICK,0,110194,0
1762010114671,BTC-PERPETUAL,TICK,0,110194,0
1762010114675,BTC-PERPETUAL,TICK,0,110194,0
1762010114680,BTC-PERPETUAL,TICK,0,110194,0
1762010114684,BTC-PERPETUAL,TICK,0,110194,0
1762010114689,BTC-PERPETUAL,TICK,0,110194,0
1762010114714,BTC-PERPETUAL,TICK,0,110194,0
1762010114719,BTC-PERPETUAL,TICK,0,110198,0
1762010114724,BTC-PERPETUAL,TICK,0,110194,0
1762010114729,BTC-PERPETUAL,TICK,0,110198,0
1762010114733,BTC-PERPETUAL,TICK,0,110198,0
1762010114738,BTC-PERPETUAL,TICK,0,110198,0
1762010114757,BTC-PERPETUAL,TICK,0,110198,0
1762010114763,BTC-PERPETUAL,TICK,0,110198,0
1762010114768,BTC-PERPETUAL,TICK,0,110198,0
1762010114774,BTC-PERPETUAL,TICK,0,110198,0
1762010114777,BTC-PERPETUAL,TICK,0,110198,0
1762010114782,BTC-PERPETUAL,TICK,0,110198,0
1762010114798,BTC-PERPETUAL,TICK,0,110198,0
1762010114804,BTC-PERPETUAL,TICK,0,110198,0
1762010114810,BTC-PERPETUAL,TICK,0,110198,0
1762010114814,BTC-PERPETUAL,TICK,0,110199,0
1762010114819,BTC-PERPETUAL,TICK,0,110198,0
1762010114822,BTC-PERPETUAL,TICK,0,110201,1
1762010114827,BTC-PERPETUAL,TICK,0,110199,0
1762010114831,BTC-PERPETUAL,TICK,0,110201,0
1762010114835,BTC-PERPETUAL,TICK,0,110201,0
1762010114840,BTC-PERPETUAL,TICK,0,110201,0
1762010114844,ETH-PERPETUAL,TICK,0,3893.25,0
1762010114849,ETH-PERPETUAL,TICK,0,3893.25,0
1762010114882,BTC-PERPETUAL,TICK,0,110201,0
1762010114888,BTC-PERPETUAL,TICK,0,110202,0
1762010114893,BTC-PERPETUAL,TICK,0,110201,0
1762010114897,BTC-PERPETUAL,TICK,0,110203,0
1762010114901,BTC-PERPETUAL,TICK,0,110202,0
1762010114905,BTC-PERPETUAL,TICK,0,110204,0
1762010114909,BTC-PERPETUAL,TICK,0,110203,0
1762010114913,BTC-PERPETUAL,TICK,0,110204,0
1762010114917,BTC-PERPETUAL,TICK,0,110204,0
1762010114921,BTC-PERPETUAL,TICK,0,110204,0
1762010114926,BTC-PERPETUAL,TICK,0,110204,0
1762010114931,BTC-PERPETUAL,TICK,0,110204,0
1762010114936,BTC-PERPETUAL,TICK,0,110204,0
1762010114940,BTC-PERPETUAL,TICK,0,110204,0
1762010114962,BTC-PERPETUAL,TICK,0,110204,0
1762010114967,BTC-PERPETUAL,TICK,0,110204,0
1762010114972,BTC-PERPETUAL,TICK,0,110204,0
1762010114976,BTC-PERPETUAL,TICK,0,110204,0
1762010115001,BTC-PERPETUAL,TICK,0,110205,0
1762010115006,BTC-PERPETUAL,TICK,0,110206,0
1762010115010,BTC-PERPETUAL,TICK,0,110205,0
1762010115014,BTC-PERPETUAL,TICK,0,110206,0
1762010115019,BTC-PERPETUAL,TICK,0,110206,0
1762010115023,BTC-PERPETUAL,TICK,0,110206,0
1762010115043,BTC-PERPETUAL,TICK,0,110206,0
1762010115050,BTC-PERPETUAL,TICK,0,110206,0
1762010115054,BTC-PERPETUAL,TICK,0,110207,0
1762010115058,BTC-PERPETUAL,TICK,0,110207,0
1762010115061,BTC-PERPETUAL,TICK,0,110207,0
1762010115065,BTC-PERPETUAL,TICK,0,110207,0
1762010115085,BTC-PERPETUAL,TICK,0,0,0
1762010115090,BTC-PERPETUAL,TICK,0,0,0
1762010115122,BTC-PERPETUAL,TICK,0,110207,0
1762010115127,BTC-PERPETUAL,TICK,0,110207,0
1762010115132,BTC-PERPETUAL,TICK,0,110210,0
1762010115136,BTC-PERPETUAL,TICK,0,110210,0
1762010115162,BTC-PERPETUAL,TICK,0,110210,0
1762010115166,BTC-PERPETUAL,TICK,0,110210,0
1762010115199,BTC-PERPETUAL,TICK,0,110210,0
1762010115204,BTC-PERPETUAL,TICK,0,110210,0
1762010115234,BTC-PERPETUAL,TICK,0,0,0
1762010115239,BTC-PERPETUAL,TICK,0,0,0
1762010115271,BTC-PERPETUAL,TICK,0,110212,0
1762010115276,BTC-PERPETUAL,TICK,0,110212,0
1762010115306,BTC-PERPETUAL,TICK,0,110212,0
1762010115311,BTC-PERPETUAL,TICK,0,110212,0
1762010115341,BTC-PERPETUAL,TICK,0,110212,0
1762010115346,BTC-PERPETUAL,TICK,0,110212,0
1762010115378,BTC-PERPETUAL,TICK,0,110213,0
1762010115382,BTC-PERPETUAL,TICK,0,110213,0
1762010115823,BTC-PERPETUAL,TICK,0,110228,1
1762010115827,BTC-PERPETUAL,TICK,0,110228,0
1762010115831,BTC-PERPETUAL,TICK,0,110228,0
1762010115835,BTC-PERPETUAL,TICK,0,110228,0
1762010117020,BTC-PERPETUAL,TICK,0,110380,0
1762010117024,BTC-PERPETUAL,TICK,0,110380,0
1762010117882,ETH-PERPETUAL,TICK,0,3896.05,0
1762010117885,ETH-PERPETUAL,TICK,0,3896.05,0
1762010117928,ETH-PERPETUAL,TICK,0,3893.25,0
1762010117932,ETH-PERPETUAL,TICK,0,3893.25,0
1762010117956,ETH-PERPETUAL,TICK,0,3896,0
1762010117959,ETH-PERPETUAL,TICK,0,3896,0
1762010117986,ETH-PERPETUAL,TICK,0,3893,0
1762010117989,ETH-PERPETUAL,TICK,0,3893,0
1762010118013,ETH-PERPETUAL,TICK,0,3895.95,0
1762010118016,ETH-PERPETUAL,TICK,0,3895.95,0
1762010118041,ETH-PERPETUAL,TICK,0,3893.1,0
1762010118045,ETH-PERPETUAL,TICK,0,3893.1,0
1762010118069,ETH-PERPETUAL,TICK,0,3895.9,0
1762010118072,ETH-PERPETUAL,TICK,0,3895.9,0
1762010118096,ETH-PERPETUAL,TICK,0,3893.15,0
1762010118100,ETH-PERPETUAL,TICK,0,3893.15,0
1762010118125,ETH-PERPETUAL,TICK,0,3895.8,0
1762010118128,ETH-PERPETUAL,TICK,0,3895.8,0
1762010118154,ETH-PERPETUAL,TICK,0,3893.25,0
1762010118158,ETH-PERPETUAL,TICK,0,3893.25,0
1762010118183,ETH-PERPETUAL,TICK,0,3895.75,0
1762010118186,ETH-PERPETUAL,TICK,0,3895.75,0
1762010118213,ETH-PERPETUAL,TICK,0,3893.3,0
1762010118217,ETH-PERPETUAL,TICK,0,3893.3,0
1762010118244,ETH-PERPETUAL,TICK,0,3893.3,0
1762010118248,ETH-PERPETUAL,TICK,0,3893.3,0
1762010118253,ETH-PERPETUAL,TICK,0,3895.7,0
1762010118257,ETH-PERPETUAL,TICK,0,3895.7,0
1762010118281,ETH-PERPETUAL,TICK,0,3893.3,0
1762010118285,ETH-PERPETUAL,TICK,0,3893.3,0
1762010118313,ETH-PERPETUAL,TICK,0,3893.3,0
1762010118318,ETH-PERPETUAL,TICK,0,3893.3,0
1762010118322,ETH-PERPETUAL,TICK,0,3895.65,0
1762010118325,ETH-PERPETUAL,TICK,0,3895.65,0
1762010118349,ETH-PERPETUAL,TICK,0,3893.3,0
1762010118353,ETH-PERPETUAL,TICK,0,3893.3,0
1762010118386,ETH-PERPETUAL,TICK,0,3893.3,0
1762010118390,ETH-PERPETUAL,TICK,0,3893.3,0
1762010118394,ETH-PERPETUAL,TICK,0,3895.55,0
1762010118398,ETH-PERPETUAL,TICK,0,3895.55,0
1762010118422,ETH-PERPETUAL,TICK,0,3893.3,0
1762010118427,ETH-PERPETUAL,TICK,0,3893.3,0
1762010118455,ETH-PERPETUAL,TICK,0,3893.3,0
1762010118459,ETH-PERPETUAL,TICK,0,3893.3,0
1762010118464,ETH-PERPETUAL,TICK,0,3895.5,0
1762010118468,ETH-PERPETUAL,TICK,0,3895.5,0
1762010118490,ETH-PERPETUAL,TICK,0,3893.3,0
1762010118494,ETH-PERPETUAL,TICK,0,3893.3,0
1762010118521,ETH-PERPETUAL,TICK,0,3893.3,0
1762010118526,ETH-PERPETUAL,TICK,0,3893.3,0
1762010118530,ETH-PERPETUAL,TICK,0,3895.45,0
1762010118534,ETH-PERPETUAL,TICK,0,3895.45,0
1762010118556,ETH-PERPETUAL,TICK,0,3893.3,0
1762010118559,ETH-PERPETUAL,TICK,0,3893.3,0
1762010118589,ETH-PERPETUAL,TICK,0,3893.3,0
1762010118593,ETH-PERPETUAL,TICK,0,3893.3,0
1762010118597,ETH-PERPETUAL,TICK,0,3895.35,0
1762010118601,ETH-PERPETUAL,TICK,0,3895.35,0
1762010118625,ETH-PERPETUAL,TICK,0,3893.3,0
1762010118629,ETH-PERPETUAL,TICK,0,3893.3,0
1762010118657,ETH-PERPETUAL,TICK,0,3893.3,0
1762010118661,ETH-PERPETUAL,TICK,0,3893.3,0
1762010118665,ETH-PERPETUAL,TICK,0,3895.25,0
1762010118668,ETH-PERPETUAL,TICK,0,3895.25,0
1762010118689,ETH-PERPETUAL,TICK,0,3893.3,0
1762010118692,ETH-PERPETUAL,TICK,0,3893.3,0
1762010118723,ETH-PERPETUAL,TICK,0,3893.3,0
1762010118727,ETH-PERPETUAL,TICK,0,3893.3,0
1762010118731,ETH-PERPETUAL,TICK,0,3895.2,0
1762010118734,ETH-PERPETUAL,TICK,0,3895.2,0
1762010118757,ETH-PERPETUAL,TICK,0,3893.3,0
1762010118761,ETH-PERPETUAL,TICK,0,3893.3,0
1762010118787,ETH-PERPETUAL,TICK,0,3893.3,0
1762010118792,ETH-PERPETUAL,TICK,0,3893.3,0
1762010118796,ETH-PERPETUAL,TICK,0,3895.15,0
1762010118799,ETH-PERPETUAL,TICK,0,3895.15,0
1762010118820,ETH-PERPETUAL,TICK,0,3893.3,0
1762010118824,ETH-PERPETUAL,TICK,0,3893.3,0
1762010118851,ETH-PERPETUAL,TICK,0,3893.3,0
1762010118855,ETH-PERPETUAL,TICK,0,3893.3,0
1762010118859,ETH-PERPETUAL,TICK,0,3895.1,0
1762010118864,ETH-PERPETUAL,TICK,0,3895.1,0
1762010118886,ETH-PERPETUAL,TICK,0,3893.3,0
1762010118890,ETH-PERPETUAL,TICK,0,3893.3,0
1762010118919,ETH-PERPETUAL,TICK,0,3893.3,0
1762010118923,ETH-PERPETUAL,TICK,0,3893.3,0
1762010118927,ETH-PERPETUAL,TICK,0,3895,0
1762010118930,ETH-PERPETUAL,TICK,0,3895,0
1762010118953,ETH-PERPETUAL,TICK,0,3893.3,0
1762010118957,ETH-PERPETUAL,TICK,0,3893.3,0
1762010118985,ETH-PERPETUAL,TICK,0,3893.3,0
1762010118988,ETH-PERPETUAL,TICK,0,3893.3,0
1762010118992,ETH-PERPETUAL,TICK,0,3894.85,0
1762010118996,ETH-PERPETUAL,TICK,0,3894.85,0
1762010119018,ETH-PERPETUAL,TICK,0,3893.3,0
1762010119023,ETH-PERPETUAL,TICK,0,3893.3,0
1762010119027,ETH-PERPETUAL,TICK,0,3893.3,0
1762010119031,ETH-PERPETUAL,TICK,0,3893.3,0
1762010119052,ETH-PERPETUAL,TICK,0,3894.75,0
1762010119055,ETH-PERPETUAL,TICK,0,3894.75,0
1762010119082,ETH-PERPETUAL,TICK,0,3893.3,0
1762010119087,ETH-PERPETUAL,TICK,0,3893.3,0
1762010119113,ETH-PERPETUAL,TICK,0,3893.3,0
1762010119116,ETH-PERPETUAL,TICK,0,3893.3,0
1762010119119,ETH-PERPETUAL,TICK,0,3894.45,0
1762010119122,ETH-PERPETUAL,TICK,0,3894.45,0
1762010119145,ETH-PERPETUAL,TICK,0,3893.3,0
1762010119149,ETH-PERPETUAL,TICK,0,3893.3,0
1762010119174,ETH-PERPETUAL,TICK,0,3893.3,0
1762010119178,ETH-PERPETUAL,TICK,0,3893.3,0
1762010119456,BTC-PERPETUAL,TICK,0,110236,0
1762010119460,BTC-PERPETUAL,TICK,0,110236,0
1762010119486,BTC-PERPETUAL,TICK,0,110158,0
1762010119489,BTC-PERPETUAL,TICK,0,110158,0
1762010119514,BTC-PERPETUAL,TICK,0,110236,0
1762010119518,BTC-PERPETUAL,TICK,0,110236,0
1762010119543,BTC-PERPETUAL,TICK,0,110161,0
1762010119547,BTC-PERPETUAL,TICK,0,110161,0
1762010119572,BTC-PERPETUAL,TICK,0,110236,0
1762010119575,BTC-PERPETUAL,TICK,0,110236,0
1762010119601,BTC-PERPETUAL,TICK,0,110162,0
1762010119606,BTC-PERPETUAL,TICK,0,110162,0
1762010119631,BTC-PERPETUAL,TICK,0,110235,0
1762010119634,BTC-PERPETUAL,TICK,0,110235,0
1762010119661,BTC-PERPETUAL,TICK,0,110162,0
1762010119665,BTC-PERPETUAL,TICK,0,110162,0
1762010119692,BTC-PERPETUAL,TICK,0,110232,0
1762010119696,BTC-PERPETUAL,TICK,0,110232,0
1762010119723,BTC-PERPETUAL,TICK,0,110162,0
1762010119727,BTC-PERPETUAL,TICK,0,110162,0
1762010119757,BTC-PERPETUAL,TICK,0,110232,0
1762010119760,BTC-PERPETUAL,TICK,0,110232,0
1762010119792,BTC-PERPETUAL,TICK,0,110164,0
1762010119797,BTC-PERPETUAL,TICK,0,110164,0
1762010119825,BTC-PERPETUAL,TICK,0,110220,0
1762010119830,BTC-PERPETUAL,TICK,0,110220,0
1762010119858,BTC-PERPETUAL,TICK,0,110220,0
1762010119862,BTC-PERPETUAL,TICK,0,110220,0
1762010119866,BTC-PERPETUAL,TICK,0,110212,0
1762010119869,BTC-PERPETUAL,TICK,0,110212,0
1762010119890,BTC-PERPETUAL,TICK,0,110230,0
1762010119895,BTC-PERPETUAL,TICK,0,110230,0
1762010119921,BTC-PERPETUAL,TICK,0,0,0
1762010119924,BTC-PERPETUAL,TICK,0,0,0
1762010119951,BTC-PERPETUAL,TICK,0,110230,0
1762010119954,BTC-PERPETUAL,TICK,0,110230,0
1762010119983,BTC-PERPETUAL,TICK,0,0,0
1762010119987,BTC-PERPETUAL,TICK,0,0,0
1762010120013,BTC-PERPETUAL,TICK,0,110230,0
1762010120018,BTC-PERPETUAL,TICK,0,110230,0
1762010120044,BTC-PERPETUAL,TICK,0,0,0
1762010120049,BTC-PERPETUAL,TICK,0,0,0
1762010120077,BTC-PERPETUAL,TICK,0,110228,0
1762010120080,BTC-PERPETUAL,TICK,0,110228,0
1762010120110,BTC-PERPETUAL,TICK,0,110172,0
1762010120114,BTC-PERPETUAL,TICK,0,110172,0
1762010120141,BTC-PERPETUAL,TICK,0,110224,0
1762010120146,BTC-PERPETUAL,TICK,0,110224,0
1762010120173,BTC-PERPETUAL,TICK,0,110175,0
1762010120176,BTC-PERPETUAL,TICK,0,110175,0
1762010120203,BTC-PERPETUAL,TICK,0,110222,0
1762010120207,BTC-PERPETUAL,TICK,0,110222,0
1762010120234,BTC-PERPETUAL,TICK,0,110176,0
1762010120238,BTC-PERPETUAL,TICK,0,110176,0
1762010120266,BTC-PERPETUAL,TICK,0,110220,0
1762010120270,BTC-PERPETUAL,TICK,0,110220,0
1762010120299,BTC-PERPETUAL,TICK,0,110178,0
1762010120304,BTC-PERPETUAL,TICK,0,110178,0
1762010120331,BTC-PERPETUAL,TICK,0,110218,0
1762010120336,BTC-PERPETUAL,TICK,0,110218,0
1762010120363,BTC-PERPETUAL,TICK,0,110179,0
1762010120367,BTC-PERPETUAL,TICK,0,110179,0
1762010120397,BTC-PERPETUAL,TICK,0,110216,0
1762010120401,BTC-PERPETUAL,TICK,0,110216,0
1762010120429,BTC-PERPETUAL,TICK,0,110181,0
1762010120433,BTC-PERPETUAL,TICK,0,110181,0
1762010120460,BTC-PERPETUAL,TICK,0,110214,0
1762010120465,BTC-PERPETUAL,TICK,0,110214,0
1762010120492,BTC-PERPETUAL,TICK,0,110182,0
1762010120495,BTC-PERPETUAL,TICK,0,110182,0
1762010120524,BTC-PERPETUAL,TICK,0,110214,0
1762010120528,BTC-PERPETUAL,TICK,0,110214,0
1762010120558,BTC-PERPETUAL,TICK,0,110184,0
1762010120562,BTC-PERPETUAL,TICK,0,110184,0
1762010120588,BTC-PERPETUAL,TICK,0,110212,0
1762010120591,BTC-PERPETUAL,TICK,0,110212,0
1762010120620,BTC-PERPETUAL,TICK,0,110186,0
1762010120624,BTC-PERPETUAL,TICK,0,110186,0
1762010120650,BTC-PERPETUAL,TICK,0,110211,0
1762010120654,BTC-PERPETUAL,TICK,0,110211,0
1762010120683,BTC-PERPETUAL,TICK,0,110187,0
1762010120688,BTC-PERPETUAL,TICK,0,110187,0
1762010120717,BTC-PERPETUAL,TICK,0,110195,0
1762010120721,BTC-PERPETUAL,TICK,0,110195,0
1762010120746,BTC-PERPETUAL,TICK,0,110194,0
1762010120750,BTC-PERPETUAL,TICK,0,110194,0
1762010122589,BTC-PERPETUAL,TICK,0,0,0
1762010122591,BTC-PERPETUAL,TICK,0,0,0
1762010122992,BTC-PERPETUAL,TICK,0,110194,0
1762010122998,BTC-PERPETUAL,TICK,0,110187,0
1762010123003,BTC-PERPETUAL,TICK,0,110194,0
1762010123007,BTC-PERPETUAL,TICK,0,110186,0
1762010123012,BTC-PERPETUAL,TICK,0,110187,0
1762010123015,BTC-PERPETUAL,TICK,0,110184,0
1762010123019,BTC-PERPETUAL,TICK,0,110186,0
1762010123021,BTC-PERPETUAL,TICK,0,110184,0
1762010123025,BTC-PERPETUAL,TICK,0,110184,0
1762010123028,BTC-PERPETUAL,TICK,0,110184,0
1762010123182,ETH-PERPETUAL,TICK,0,3895.1,0
1762010123185,ETH-PERPETUAL,TICK,0,3895.1,0
1762010123210,ETH-PERPETUAL,TICK,0,3893.25,0
1762010123215,ETH-PERPETUAL,TICK,0,3893.25,0
1762010123243,ETH-PERPETUAL,TICK,0,3895,0
1762010123247,ETH-PERPETUAL,TICK,0,3895,0
1762010123272,ETH-PERPETUAL,TICK,0,3891.9,0
1762010123275,ETH-PERPETUAL,TICK,0,3891.9,0
1762010123302,ETH-PERPETUAL,TICK,0,3894.95,0
1762010123305,ETH-PERPETUAL,TICK,0,3894.95,0
1762010123331,ETH-PERPETUAL,TICK,0,3892,0
1762010123336,ETH-PERPETUAL,TICK,0,3892,0
1762010123361,ETH-PERPETUAL,TICK,0,3894.9,0
1762010123364,ETH-PERPETUAL,TICK,0,3894.9,0
1762010123392,ETH-PERPETUAL,TICK,0,3892.05,0
1762010123395,ETH-PERPETUAL,TICK,0,3892.05,0
1762010123422,ETH-PERPETUAL,TICK,0,3894.85,0
1762010123425,ETH-PERPETUAL,TICK,0,3894.85,0
1762010123451,ETH-PERPETUAL,TICK,0,3892.1,0
1762010123456,ETH-PERPETUAL,TICK,0,3892.1,0
1762010123481,ETH-PERPETUAL,TICK,0,3894.75,0
1762010123485,ETH-PERPETUAL,TICK,0,3894.75,0
1762010123514,ETH-PERPETUAL,TICK,0,3892.15,0
1762010123518,ETH-PERPETUAL,TICK,0,3892.15,0
1762010123544,ETH-PERPETUAL,TICK,0,3894.7,0
1762010123548,ETH-PERPETUAL,TICK,0,3894.7,0
1762010123575,ETH-PERPETUAL,TICK,0,3892.25,0
1762010123579,ETH-PERPETUAL,TICK,0,3892.25,0
1762010123609,ETH-PERPETUAL,TICK,0,3894.65,0
1762010123612,ETH-PERPETUAL,TICK,0,3894.65,0
1762010123641,ETH-PERPETUAL,TICK,0,3892.35,0
1762010123646,ETH-PERPETUAL,TICK,0,3892.35,0
1762010123672,BTC-PERPETUAL,TICK,0,110182,1
1762010123677,BTC-PERPETUAL,TICK,0,110181,0
1762010123682,BTC-PERPETUAL,TICK,0,110182,0
1762010123685,BTC-PERPETUAL,TICK,0,110179,0
1762010123688,BTC-PERPETUAL,TICK,0,110181,0
1762010123691,BTC-PERPETUAL,TICK,0,110179,0
1762010123695,BTC-PERPETUAL,TICK,0,110178,0
1762010123698,BTC-PERPETUAL,TICK,0,110178,0
1762010123701,BTC-PERPETUAL,TICK,0,110178,0
1762010123705,BTC-PERPETUAL,TICK,0,110178,0
1762010123709,ETH-PERPETUAL,TICK,0,3894.55,0
1762010123714,ETH-PERPETUAL,TICK,0,3894.55,0
1762010123743,ETH-PERPETUAL,TICK,0,3892.4,0
1762010123747,ETH-PERPETUAL,TICK,0,3892.4,0
1762010123777,ETH-PERPETUAL,TICK,0,3894.5,0
1762010123780,ETH-PERPETUAL,TICK,0,3894.5,0
1762010123809,ETH-PERPETUAL,TICK,0,3892.5,0
1762010123813,ETH-PERPETUAL,TICK,0,3892.5,0
1762010123842,ETH-PERPETUAL,TICK,0,3894.45,0
1762010123848,ETH-PERPETUAL,TICK,0,3894.45,0
1762010123877,ETH-PERPETUAL,TICK,0,3892.6,0
1762010123882,ETH-PERPETUAL,TICK,0,3892.6,0
1762010123915,ETH-PERPETUAL,TICK,0,3894.4,0
1762010123921,ETH-PERPETUAL,TICK,0,3894.4,0
1762010123949,ETH-PERPETUAL,TICK,0,3892.65,0
1762010123954,ETH-PERPETUAL,TICK,0,3892.65,0
1762010123981,ETH-PERPETUAL,TICK,0,3894.3,0
1762010123986,ETH-PERPETUAL,TICK,0,3894.3,0
1762010124014,ETH-PERPETUAL,TICK,0,3892.75,0
1762010124019,ETH-PERPETUAL,TICK,0,3892.75,0
1762010124045,ETH-PERPETUAL,TICK,0,3894.25,0
1762010124050,ETH-PERPETUAL,TICK,0,3894.25,0
1762010124077,ETH-PERPETUAL,TICK,0,3892.8,0
1762010124082,ETH-PERPETUAL,TICK,0,3892.8,0
1762010124110,ETH-PERPETUAL,TICK,0,3894.15,0
1762010124114,ETH-PERPETUAL,TICK,0,3894.15,0
1762010124143,ETH-PERPETUAL,TICK,0,3892.9,0
1762010124147,ETH-PERPETUAL,TICK,0,3892.9,0
1762010124175,ETH-PERPETUAL,TICK,0,3894.05,0
1762010124179,ETH-PERPETUAL,TICK,0,3894.05,0
1762010124205,ETH-PERPETUAL,TICK,0,3893,0
1762010124209,ETH-PERPETUAL,TICK,0,3893,0
1762010124239,ETH-PERPETUAL,TICK,0,3894,0
1762010124243,ETH-PERPETUAL,TICK,0,3894,0
1762010124272,ETH-PERPETUAL,TICK,0,3893.25,0
1762010124277,ETH-PERPETUAL,TICK,0,3893.25,0
1762010124305,ETH-PERPETUAL,TICK,0,3893.95,0
1762010124310,ETH-PERPETUAL,TICK,0,3893.95,0
1762010124337,ETH-PERPETUAL,TICK,0,3893.3,0
1762010124342,ETH-PERPETUAL,TICK,0,3893.3,0
1762010124369,ETH-PERPETUAL,TICK,0,3893.3,0
1762010124374,ETH-PERPETUAL,TICK,0,3893.3,0
1762010124378,ETH-PERPETUAL,TICK,0,3893.9,0
1762010124381,ETH-PERPETUAL,TICK,0,3893.9,0
1762010124403,ETH-PERPETUAL,TICK,0,3893.3,0
1762010124407,ETH-PERPETUAL,TICK,0,3893.3,0
1762010124435,ETH-PERPETUAL,TICK,0,3893.3,0
1762010124439,ETH-PERPETUAL,TICK,0,3893.3,0
1762010124443,ETH-PERPETUAL,TICK,0,3893.75,0
1762010124446,ETH-PERPETUAL,TICK,0,3893.75,0
1762010124470,ETH-PERPETUAL,TICK,0,3893.3,0
1762010124474,ETH-PERPETUAL,TICK,0,3893.3,0
1762010124502,ETH-PERPETUAL,TICK,0,3893.3,0
1762010124506,ETH-PERPETUAL,TICK,0,3893.3,0
1762010124753,BTC-PERPETUAL,TICK,0,110228,0
1762010124756,BTC-PERPETUAL,TICK,0,110228,0
1762010124783,BTC-PERPETUAL,TICK,0,110176,0
1762010124788,BTC-PERPETUAL,TICK,0,110176,0
1762010124813,BTC-PERPETUAL,TICK,0,110228,0
1762010124816,BTC-PERPETUAL,TICK,0,110228,0
1762010124844,BTC-PERPETUAL,TICK,0,110178,0
1762010124849,BTC-PERPETUAL,TICK,0,110178,0
1762010124852,BTC-PERPETUAL,TICK,0,110178,0
1762010124856,BTC-PERPETUAL,TICK,0,110178,0
1762010124875,BTC-PERPETUAL,TICK,0,110228,0
1762010124879,BTC-PERPETUAL,TICK,0,110228,0
1762010124905,BTC-PERPETUAL,TICK,0,110178,0
1762010124909,BTC-PERPETUAL,TICK,0,110178,0
1762010124913,BTC-PERPETUAL,TICK,0,110178,0
1762010124917,BTC-PERPETUAL,TICK,0,110178,0
1762010124938,BTC-PERPETUAL,TICK,0,110227,0
1762010124941,BTC-PERPETUAL,TICK,0,110227,0
1762010124967,BTC-PERPETUAL,TICK,0,110178,0
1762010124971,BTC-PERPETUAL,TICK,0,110178,0
1762010124976,BTC-PERPETUAL,TICK,0,110178,0
1762010124979,BTC-PERPETUAL,TICK,0,110178,0
1762010125000,BTC-PERPETUAL,TICK,0,110226,0
1762010125003,BTC-PERPETUAL,TICK,0,110226,0
1762010125033,BTC-PERPETUAL,TICK,0,110178,0
1762010125037,BTC-PERPETUAL,TICK,0,110178,0
1762010125041,BTC-PERPETUAL,TICK,0,110178,0
1762010125045,BTC-PERPETUAL,TICK,0,110178,0
1762010125067,BTC-PERPETUAL,TICK,0,110225,0
1762010125071,BTC-PERPETUAL,TICK,0,110225,0
1762010125099,BTC-PERPETUAL,TICK,0,110178,0
1762010125104,BTC-PERPETUAL,TICK,0,110178,0
1762010125108,BTC-PERPETUAL,TICK,0,110178,0
1762010125111,BTC-PERPETUAL,TICK,0,110178,0
1762010125133,BTC-PERPETUAL,TICK,0,110224,0
1762010125138,BTC-PERPETUAL,TICK,0,110224,0
1762010125166,BTC-PERPETUAL,TICK,0,110178,0
1762010125171,BTC-PERPETUAL,TICK,0,110178,0
1762010125175,BTC-PERPETUAL,TICK,0,110178,0
1762010125179,BTC-PERPETUAL,TICK,0,110178,0
1762010125202,BTC-PERPETUAL,TICK,0,110224,0
1762010125205,BTC-PERPETUAL,TICK,0,110224,0
1762010125234,BTC-PERPETUAL,TICK,0,110178,0
1762010125238,BTC-PERPETUAL,TICK,0,110178,0
1762010125241,BTC-PERPETUAL,TICK,0,110178,0
1762010125245,BTC-PERPETUAL,TICK,0,110178,0
1762010125268,BTC-PERPETUAL,TICK,0,110224,0
1762010125273,BTC-PERPETUAL,TICK,0,110224,0
1762010125301,BTC-PERPETUAL,TICK,0,110178,0
1762010125305,BTC-PERPETUAL,TICK,0,110178,0
1762010125309,BTC-PERPETUAL,TICK,0,110178,0
1762010125313,BTC-PERPETUAL,TICK,0,110178,0
1762010125336,BTC-PERPETUAL,TICK,0,110221,0
1762010125341,BTC-PERPETUAL,TICK,0,110221,0
1762010125369,BTC-PERPETUAL,TICK,0,110178,0
1762010125374,BTC-PERPETUAL,TICK,0,110178,0
1762010125377,BTC-PERPETUAL,TICK,0,110178,0
1762010125381,BTC-PERPETUAL,TICK,0,110178,0
1762010125403,BTC-PERPETUAL,TICK,0,110220,0
1762010125407,BTC-PERPETUAL,TICK,0,110220,0
1762010125436,BTC-PERPETUAL,TICK,0,110178,0
1762010125441,BTC-PERPETUAL,TICK,0,110178,0
1762010125446,BTC-PERPETUAL,TICK,0,110178,0
1762010125450,BTC-PERPETUAL,TICK,0,110178,0
1762010125471,BTC-PERPETUAL,TICK,0,110220,0
1762010125476,BTC-PERPETUAL,TICK,0,110220,0
1762010125504,BTC-PERPETUAL,TICK,0,110178,0
1762010125508,BTC-PERPETUAL,TICK,0,110178,0
1762010125512,BTC-PERPETUAL,TICK,0,110178,0
1762010125515,BTC-PERPETUAL,TICK,0,110178,0
1762010125536,BTC-PERPETUAL,TICK,0,110219,0
1762010125540,BTC-PERPETUAL,TICK,0,110219,0
1762010125567,BTC-PERPETUAL,TICK,0,110178,0
1762010125570,BTC-PERPETUAL,TICK,0,110178,0
1762010125574,BTC-PERPETUAL,TICK,0,110178,0
1762010125577,BTC-PERPETUAL,TICK,0,110178,0
1762010125599,BTC-PERPETUAL,TICK,0,110218,0
1762010125603,BTC-PERPETUAL,TICK,0,110218,0
1762010125630,BTC-PERPETUAL,TICK,0,110178,0
1762010125634,BTC-PERPETUAL,TICK,0,110178,0
1762010125638,BTC-PERPETUAL,TICK,0,110178,0
1762010125642,BTC-PERPETUAL,TICK,0,110178,0
1762010125667,BTC-PERPETUAL,TICK,0,110214,0
1762010125671,BTC-PERPETUAL,TICK,0,110214,0
1762010125701,BTC-PERPETUAL,TICK,0,110178,0
1762010125705,BTC-PERPETUAL,TICK,0,110184,0
1762010125711,BTC-PERPETUAL,TICK,0,110178,0
1762010125714,BTC-PERPETUAL,TICK,0,110184,0
1762010125717,BTC-PERPETUAL,TICK,0,110184,0
1762010125720,BTC-PERPETUAL,TICK,0,110184,0
1762010125740,BTC-PERPETUAL,TICK,0,110208,0
1762010125745,BTC-PERPETUAL,TICK,0,110208,0
1762010125773,BTC-PERPETUAL,TICK,0,110184,0
1762010125778,BTC-PERPETUAL,TICK,0,110184,0
1762010125783,BTC-PERPETUAL,TICK,0,110184,0
1762010125786,BTC-PERPETUAL,TICK,0,110184,0
1762010125809,BTC-PERPETUAL,TICK,0,110208,0
1762010125814,BTC-PERPETUAL,TICK,0,110208,0
1762010125843,BTC-PERPETUAL,TICK,0,110184,0
1762010125848,BTC-PERPETUAL,TICK,0,110184,0
1762010125853,BTC-PERPETUAL,TICK,0,110184,0
1762010125857,BTC-PERPETUAL,TICK,0,110184,0
1762010125881,BTC-PERPETUAL,TICK,0,110204,0
1762010125885,BTC-PERPETUAL,TICK,0,110204,0
1762010125915,BTC-PERPETUAL,TICK,0,110184,0
1762010125920,BTC-PERPETUAL,TICK,0,110184,0
1762010125924,BTC-PERPETUAL,TICK,0,110184,0
1762010125928,BTC-PERPETUAL,TICK,0,110184,0
1762010125949,BTC-PERPETUAL,TICK,0,110202,0
1762010125954,BTC-PERPETUAL,TICK,0,110202,0
1762010125980,BTC-PERPETUAL,TICK,0,110184,0
1762010125985,BTC-PERPETUAL,TICK,0,110184,0
1762010125988,BTC-PERPETUAL,TICK,0,110184,0
1762010125992,BTC-PERPETUAL,TICK,0,110184,0
1762010126015,BTC-PERPETUAL,TICK,0,110198,0
1762010126021,BTC-PERPETUAL,TICK,0,110198,0
1762010126049,BTC-PERPETUAL,TICK,0,110184,0
1762010126053,BTC-PERPETUAL,TICK,0,110184,0
1762010126058,BTC-PERPETUAL,TICK,0,110198,0
1762010126061,BTC-PERPETUAL,TICK,0,110198,0
1762010128470,ETH-PERPETUAL,TICK,0,3895.4,0
1762010128473,ETH-PERPETUAL,TICK,0,3895.4,0
1762010128500,ETH-PERPETUAL,TICK,0,3893.25,0
1762010128503,ETH-PERPETUAL,TICK,0,3893.25,0
1762010128529,ETH-PERPETUAL,TICK,0,3895.25,0
1762010128532,ETH-PERPETUAL,TICK,0,3895.25,0
1762010128561,ETH-PERPETUAL,TICK,0,3892.05,0
1762010128564,ETH-PERPETUAL,TICK,0,3892.05,0
1762010128592,ETH-PERPETUAL,TICK,0,3895.15,0
1762010128597,ETH-PERPETUAL,TICK,0,3895.15,0
1762010128622,ETH-PERPETUAL,TICK,0,3892.1,0
1762010128628,ETH-PERPETUAL,TICK,0,3892.1,0
1762010128654,ETH-PERPETUAL,TICK,0,3895.1,0
1762010128658,ETH-PERPETUAL,TICK,0,3895.1,0
1762010128685,ETH-PERPETUAL,TICK,0,3892.15,0
1762010128690,ETH-PERPETUAL,TICK,0,3892.15,0
1762010128720,ETH-PERPETUAL,TICK,0,3895.05,0
1762010128724,ETH-PERPETUAL,TICK,0,3895.05,0
1762010128752,ETH-PERPETUAL,TICK,0,3892.3,0
1762010128757,ETH-PERPETUAL,TICK,0,3892.3,0
1762010128785,ETH-PERPETUAL,TICK,0,3895,0
1762010128789,ETH-PERPETUAL,TICK,0,3895,0
1762010128816,ETH-PERPETUAL,TICK,0,3892.35,0
1762010128821,ETH-PERPETUAL,TICK,0,3892.35,0
1762010128849,ETH-PERPETUAL,TICK,0,3894.95,0
1762010128853,ETH-PERPETUAL,TICK,0,3894.95,0
1762010128883,ETH-PERPETUAL,TICK,0,3892.4,0
1762010128887,ETH-PERPETUAL,TICK,0,3892.4,0
1762010128917,ETH-PERPETUAL,TICK,0,3894.9,0
1762010128922,ETH-PERPETUAL,TICK,0,3894.9,0
1762010128949,ETH-PERPETUAL,TICK,0,3892.5,0
1762010128953,ETH-PERPETUAL,TICK,0,3892.5,0
1762010128981,ETH-PERPETUAL,TICK,0,3892.8,0
1762010128986,ETH-PERPETUAL,TICK,0,3892.8,0
1762010129012,ETH-PERPETUAL,TICK,0,3894.85,0
1762010129015,ETH-PERPETUAL,TICK,0,3894.85,0
1762010129043,ETH-PERPETUAL,TICK,0,3892.6,0
1762010129046,ETH-PERPETUAL,TICK,0,3892.6,0
1762010129075,ETH-PERPETUAL,TICK,0,3894.75,0
1762010129080,ETH-PERPETUAL,TICK,0,3894.75,0
1762010129107,ETH-PERPETUAL,TICK,0,3892.65,0
1762010129110,ETH-PERPETUAL,TICK,0,3892.65,0
1762010129140,ETH-PERPETUAL,TICK,0,3894.6,0
1762010129144,ETH-PERPETUAL,TICK,0,3894.6,0
1762010129170,ETH-PERPETUAL,TICK,0,3892.75,0
1762010129174,ETH-PERPETUAL,TICK,0,3892.75,0
1762010129202,ETH-PERPETUAL,TICK,0,3892.8,0
1762010129207,ETH-PERPETUAL,TICK,0,3892.8,0
1762010129234,ETH-PERPETUAL,TICK,0,3894.5,0
1762010129238,ETH-PERPETUAL,TICK,0,3894.5,0
1762010129266,ETH-PERPETUAL,TICK,0,3892.85,0
1762010129269,ETH-PERPETUAL,TICK,0,3892.85,0
1762010129301,ETH-PERPETUAL,TICK,0,3894.4,0
1762010129307,ETH-PERPETUAL,TICK,0,3894.4,0
1762010129337,ETH-PERPETUAL,TICK,0,3892.9,0
1762010129341,ETH-PERPETUAL,TICK,0,3892.9,0
1762010129373,ETH-PERPETUAL,TICK,0,3894.35,0
1762010129377,ETH-PERPETUAL,TICK,0,3894.35,0
1762010129405,ETH-PERPETUAL,TICK,0,3893,0
1762010129410,ETH-PERPETUAL,TICK,0,3893,0
1762010129439,ETH-PERPETUAL,TICK,0,3894.3,0
1762010129442,ETH-PERPETUAL,TICK,0,3894.3,0
1762010129470,ETH-PERPETUAL,TICK,0,3893.1,0
1762010129475,ETH-PERPETUAL,TICK,0,3893.1,0
1762010129502,ETH-PERPETUAL,TICK,0,3894.15,0
1762010129507,ETH-PERPETUAL,TICK,0,3894.15,0
1762010129534,ETH-PERPETUAL,TICK,0,3893.25,0
1762010129539,ETH-PERPETUAL,TICK,0,3893.25,0
1762010129567,ETH-PERPETUAL,TICK,0,3894.1,0
1762010129571,ETH-PERPETUAL,TICK,0,3894.1,0
1762010129599,ETH-PERPETUAL,TICK,0,3893.3,0
1762010129605,ETH-PERPETUAL,TICK,0,3893.3,0
1762010129635,ETH-PERPETUAL,TICK,0,3893.3,0
1762010129653,ETH-PERPETUAL,TICK,0,3893.3,0
1762010129658,ETH-PERPETUAL,TICK,0,3894.05,0
1762010129663,ETH-PERPETUAL,TICK,0,3894.05,0
1762010129670,ETH-PERPETUAL,TICK,0,3893.3,0
1762010129674,ETH-PERPETUAL,TICK,0,3893.3,0
1762010129701,ETH-PERPETUAL,TICK,0,3893.3,0
1762010129705,ETH-PERPETUAL,TICK,0,3893.3,0
1762010129709,ETH-PERPETUAL,TICK,0,3893.75,0
1762010129712,ETH-PERPETUAL,TICK,0,3893.75,0
1762010129734,ETH-PERPETUAL,TICK,0,3893.3,0
1762010129738,ETH-PERPETUAL,TICK,0,3893.3,0
1762010129768,ETH-PERPETUAL,TICK,0,3893.3,0
1762010129771,ETH-PERPETUAL,TICK,0,3893.3,0
1762010130041,BTC-PERPETUAL,TICK,0,110228,0
1762010130045,BTC-PERPETUAL,TICK,0,110228,0
1762010130070,BTC-PERPETUAL,TICK,0,0,0
1762010130073,BTC-PERPETUAL,TICK,0,0,0
1762010130098,BTC-PERPETUAL,TICK,0,110228,0
1762010130102,BTC-PERPETUAL,TICK,0,110228,0
1762010130129,ETH-PERPETUAL,TICK,0,3893.25,0
1762010130132,ETH-PERPETUAL,TICK,0,3893.25,0
1762010130155,BTC-PERPETUAL,TICK,0,110226,0
1762010130160,BTC-PERPETUAL,TICK,0,110226,0
1762010130183,BTC-PERPETUAL,TICK,0,110178,0
1762010130186,BTC-PERPETUAL,TICK,0,110178,0
1762010130212,BTC-PERPETUAL,TICK,0,110226,0
1762010130216,BTC-PERPETUAL,TICK,0,110226,0
1762010130242,BTC-PERPETUAL,TICK,0,110182,0
1762010130246,BTC-PERPETUAL,TICK,0,110182,0
1762010130271,BTC-PERPETUAL,TICK,0,110225,0
1762010130274,BTC-PERPETUAL,TICK,0,110225,0
1762010130301,BTC-PERPETUAL,TICK,0,110182,0
1762010130304,BTC-PERPETUAL,TICK,0,110182,0
1762010130329,BTC-PERPETUAL,TICK,0,110224,0
1762010130332,BTC-PERPETUAL,TICK,0,110224,0
1762010130360,BTC-PERPETUAL,TICK,0,110183,0
1762010130364,BTC-PERPETUAL,TICK,0,110183,0
1762010130390,BTC-PERPETUAL,TICK,0,110221,0
1762010130394,BTC-PERPETUAL,TICK,0,110221,0
1762010130420,BTC-PERPETUAL,TICK,0,110185,0
1762010130424,BTC-PERPETUAL,TICK,0,110185,0
1762010130449,BTC-PERPETUAL,TICK,0,110220,0
1762010130452,BTC-PERPETUAL,TICK,0,110220,0
1762010130478,BTC-PERPETUAL,TICK,0,110186,0
1762010130482,BTC-PERPETUAL,TICK,0,110186,0
1762010130506,BTC-PERPETUAL,TICK,0,110220,0
1762010130510,BTC-PERPETUAL,TICK,0,110220,0
1762010130535,BTC-PERPETUAL,TICK,0,110187,0
1762010130539,BTC-PERPETUAL,TICK,0,110187,0
1762010130565,BTC-PERPETUAL,TICK,0,110220,0
1762010130568,BTC-PERPETUAL,TICK,0,110220,0
1762010130595,BTC-PERPETUAL,TICK,0,110188,0
1762010130599,BTC-PERPETUAL,TICK,0,110188,0
1762010130625,BTC-PERPETUAL,TICK,0,110219,0
1762010130629,BTC-PERPETUAL,TICK,0,110219,0
1762010130655,BTC-PERPETUAL,TICK,0,110189,0
1762010130658,BTC-PERPETUAL,TICK,0,110189,0
1762010130686,BTC-PERPETUAL,TICK,0,110218,0
1762010130691,BTC-PERPETUAL,TICK,0,110218,0
1762010130718,BTC-PERPETUAL,TICK,0,110192,0
1762010130721,BTC-PERPETUAL,TICK,0,110192,0
1762010130751,BTC-PERPETUAL,TICK,0,110218,0
1762010130755,BTC-PERPETUAL,TICK,0,110218,0
1762010130782,BTC-PERPETUAL,TICK,0,110194,0
1762010130786,BTC-PERPETUAL,TICK,0,110194,0
1762010130814,BTC-PERPETUAL,TICK,0,110214,0
1762010130818,BTC-PERPETUAL,TICK,0,110214,0
1762010130850,BTC-PERPETUAL,TICK,0,110195,0
1762010130855,BTC-PERPETUAL,TICK,0,110195,0
1762010130885,BTC-PERPETUAL,TICK,0,110214,0
1762010130890,BTC-PERPETUAL,TICK,0,110214,0
1762010130920,BTC-PERPETUAL,TICK,0,110196,0
1762010130924,BTC-PERPETUAL,TICK,0,110196,0
1762010130953,BTC-PERPETUAL,TICK,0,110214,0
1762010130958,BTC-PERPETUAL,TICK,0,110214,0
1762010130986,BTC-PERPETUAL,TICK,0,110196,0
1762010130990,BTC-PERPETUAL,TICK,0,110196,0
1762010131019,BTC-PERPETUAL,TICK,0,110210,0
1762010131023,BTC-PERPETUAL,TICK,0,110210,0
1762010131050,BTC-PERPETUAL,TICK,0,110196,0
1762010131055,BTC-PERPETUAL,TICK,0,110196,0
1762010131081,BTC-PERPETUAL,TICK,0,110206,0
1762010131085,BTC-PERPETUAL,TICK,0,110206,0
1762010131112,BTC-PERPETUAL,TICK,0,110197,0
1762010131116,BTC-PERPETUAL,TICK,0,110197,0
1762010131143,BTC-PERPETUAL,TICK,0,110204,0
1762010131147,BTC-PERPETUAL,TICK,0,110204,0
1762010131176,BTC-PERPETUAL,TICK,0,110198,0
1762010131180,BTC-PERPETUAL,TICK,0,110198,0
1762010131209,BTC-PERPETUAL,TICK,0,110198,0
1762010131213,BTC-PERPETUAL,TICK,0,110198,0
1762010131240,BTC-PERPETUAL,TICK,0,110198,0
1762010131244,BTC-PERPETUAL,TICK,0,110198,0
1762010133270,BTC-PERPETUAL,TICK,0,110198,0
1762010133273,BTC-PERPETUAL,TICK,0,110198,0
1762010133740,ETH-PERPETUAL,TICK,0,3895.4,0
1762010133743,ETH-PERPETUAL,TICK,0,3895.4,0
1762010133769,ETH-PERPETUAL,TICK,0,3893.25,0
1762010133773,ETH-PERPETUAL,TICK,0,3893.25,0
1762010133798,ETH-PERPETUAL,TICK,0,3895.25,0
1762010133802,ETH-PERPETUAL,TICK,0,3895.25,0
1762010133827,ETH-PERPETUAL,TICK,0,3892.05,0
1762010133831,ETH-PERPETUAL,TICK,0,3892.05,0
1762010133856,ETH-PERPETUAL,TICK,0,3895.15,0
1762010133860,ETH-PERPETUAL,TICK,0,3895.15,0
1762010133886,ETH-PERPETUAL,TICK,0,3892.15,0
1762010133890,ETH-PERPETUAL,TICK,0,3892.15,0
1762010133918,ETH-PERPETUAL,TICK,0,3895.1,0
1762010133922,ETH-PERPETUAL,TICK,0,3895.1,0
1762010133956,ETH-PERPETUAL,TICK,0,3892.35,0
1762010133961,ETH-PERPETUAL,TICK,0,3892.35,0
1762010133992,ETH-PERPETUAL,TICK,0,3895.05,0
1762010133997,ETH-PERPETUAL,TICK,0,3895.05,0
1762010134027,ETH-PERPETUAL,TICK,0,3892.4,0
1762010134031,ETH-PERPETUAL,TICK,0,3892.4,0
1762010134062,ETH-PERPETUAL,TICK,0,3895,0
1762010134068,ETH-PERPETUAL,TICK,0,3895,0
1762010134100,ETH-PERPETUAL,TICK,0,3892.5,0
1762010134104,ETH-PERPETUAL,TICK,0,3892.5,0
1762010134138,ETH-PERPETUAL,TICK,0,3894.95,0
1762010134142,ETH-PERPETUAL,TICK,0,3894.95,0
1762010134177,ETH-PERPETUAL,TICK,0,3892.55,0
1762010134182,ETH-PERPETUAL,TICK,0,3892.55,0
1762010134216,ETH-PERPETUAL,TICK,0,3894.9,0
1762010134221,ETH-PERPETUAL,TICK,0,3894.9,0
1762010134256,ETH-PERPETUAL,TICK,0,3892.6,0
1762010134261,ETH-PERPETUAL,TICK,0,3892.6,0
1762010134297,ETH-PERPETUAL,TICK,0,3894.85,0
1762010134302,ETH-PERPETUAL,TICK,0,3894.85,0
1762010134337,ETH-PERPETUAL,TICK,0,3892.65,0
1762010134341,ETH-PERPETUAL,TICK,0,3892.65,0
1762010134383,ETH-PERPETUAL,TICK,0,3894.75,0
1762010134397,ETH-PERPETUAL,TICK,0,3894.75,0
1762010134443,ETH-PERPETUAL,TICK,0,3892.75,0
1762010134454,ETH-PERPETUAL,TICK,0,3892.75,0
1762010134523,ETH-PERPETUAL,TICK,0,3894.6,0
1762010134530,ETH-PERPETUAL,TICK,0,3894.6,0
1762010134583,ETH-PERPETUAL,TICK,0,3892.8,0
1762010134590,ETH-PERPETUAL,TICK,0,3892.8,0
1762010134651,ETH-PERPETUAL,TICK,0,3894.55,0
1762010134658,ETH-PERPETUAL,TICK,0,3894.55,0
1762010134704,ETH-PERPETUAL,TICK,0,3892.85,0
1762010134710,ETH-PERPETUAL,TICK,0,3892.85,0
1762010134763,ETH-PERPETUAL,TICK,0,3894.5,0
1762010134772,ETH-PERPETUAL,TICK,0,3894.5,0
1762010134815,ETH-PERPETUAL,TICK,0,3892.9,0
1762010134820,ETH-PERPETUAL,TICK,0,3892.9,0
1762010134868,ETH-PERPETUAL,TICK,0,3894.45,0
1762010134877,ETH-PERPETUAL,TICK,0,3894.45,0
1762010134927,ETH-PERPETUAL,TICK,0,3893,0
1762010134935,ETH-PERPETUAL,TICK,0,3893,0
1762010134976,ETH-PERPETUAL,TICK,0,3894.4,0
1762010134983,ETH-PERPETUAL,TICK,0,3894.4,0
1762010135023,ETH-PERPETUAL,TICK,0,3893.1,0
1762010135029,ETH-PERPETUAL,TICK,0,3893.1,0
1762010135067,ETH-PERPETUAL,TICK,0,3894.15,0
1762010135073,ETH-PERPETUAL,TICK,0,3894.15,0
1762010135116,ETH-PERPETUAL,TICK,0,3893.25,0
1762010135123,ETH-PERPETUAL,TICK,0,3893.25,0
1762010135164,ETH-PERPETUAL,TICK,0,3894.1,0
1762010135170,ETH-PERPETUAL,TICK,0,3894.1,0
1762010135213,ETH-PERPETUAL,TICK,0,3892,0
1762010135218,ETH-PERPETUAL,TICK,0,3892,0
1762010135259,ETH-PERPETUAL,TICK,0,3893.3,1
1762010135265,ETH-PERPETUAL,TICK,0,3893.3,0
1762010135272,ETH-PERPETUAL,TICK,0,3894.05,0
1762010135277,ETH-PERPETUAL,TICK,0,3894.05,0
1762010135307,ETH-PERPETUAL,TICK,0,3893.3,0
1762010135313,ETH-PERPETUAL,TICK,0,3893.3,0
1762010135354,ETH-PERPETUAL,TICK,0,3893.3,0
1762010135359,ETH-PERPETUAL,TICK,0,3893.3,0
1762010135365,ETH-PERPETUAL,TICK,0,3894,0
1762010135370,ETH-PERPETUAL,TICK,0,3894,0
1762010135399,ETH-PERPETUAL,TICK,0,3893.3,0
1762010135403,ETH-PERPETUAL,TICK,0,3893.3,0
1762010135444,ETH-PERPETUAL,TICK,0,3893.3,0
1762010135449,ETH-PERPETUAL,TICK,0,3893.3,0
1762010135455,ETH-PERPETUAL,TICK,0,3893.75,0
1762010135460,ETH-PERPETUAL,TICK,0,3893.75,0
1762010135487,ETH-PERPETUAL,TICK,0,3893.3,0
1762010135492,ETH-PERPETUAL,TICK,0,3893.3,0
1762010135529,ETH-PERPETUAL,TICK,0,3893.3,0
1762010135533,ETH-PERPETUAL,TICK,0,3893.3,0
1762010135537,BTC-PERPETUAL,TICK,0,110198,0
1762010135541,BTC-PERPETUAL,TICK,0,110198,0
1762010135569,BTC-PERPETUAL,TICK,0,110176,0
1762010135575,BTC-PERPETUAL,TICK,0,110176,0
1762010135606,BTC-PERPETUAL,TICK,0,110228,0
1762010135611,BTC-PERPETUAL,TICK,0,110228,0
1762010135641,BTC-PERPETUAL,TICK,0,110176,0
1762010135645,BTC-PERPETUAL,TICK,0,110176,0
1762010135675,BTC-PERPETUAL,TICK,0,110228,0
1762010135680,BTC-PERPETUAL,TICK,0,110228,0
1762010135710,BTC-PERPETUAL,TICK,0,110178,0
1762010135714,BTC-PERPETUAL,TICK,0,110178,0
1762010135743,BTC-PERPETUAL,TICK,0,110226,0
1762010135748,BTC-PERPETUAL,TICK,0,110226,0
1762010135779,BTC-PERPETUAL,TICK,0,110178,0
1762010135785,BTC-PERPETUAL,TICK,0,110178,0
1762010134160,BTC-PERPETUAL,TICK,0,110225,0
1762010134165,BTC-PERPETUAL,TICK,0,110225,0
1762010134194,BTC-PERPETUAL,TICK,0,110182,0
1762010134197,BTC-PERPETUAL,TICK,0,110182,0
1762010134230,BTC-PERPETUAL,TICK,0,110224,0
1762010134234,BTC-PERPETUAL,TICK,0,110224,0
1762010134266,BTC-PERPETUAL,TICK,0,110182,0
1762010134271,BTC-PERPETUAL,TICK,0,110182,0
1762010134304,BTC-PERPETUAL,TICK,0,110221,0
1762010134310,BTC-PERPETUAL,TICK,0,110221,0
1762010134345,BTC-PERPETUAL,TICK,0,110186,0
1762010134349,BTC-PERPETUAL,TICK,0,110186,0
1762010134384,BTC-PERPETUAL,TICK,0,110220,0
1762010134388,BTC-PERPETUAL,TICK,0,110220,0
1762010134424,BTC-PERPETUAL,TICK,0,110187,0
1762010134431,BTC-PERPETUAL,TICK,0,110187,0
1762010134464,BTC-PERPETUAL,TICK,0,110220,0
1762010134469,BTC-PERPETUAL,TICK,0,110220,0
1762010134506,BTC-PERPETUAL,TICK,0,110188,0
1762010134510,BTC-PERPETUAL,TICK,0,110188,0
1762010134553,BTC-PERPETUAL,TICK,0,110220,0
1762010134558,BTC-PERPETUAL,TICK,0,110220,0
1762010134593,BTC-PERPETUAL,TICK,0,110188,0
1762010134598,BTC-PERPETUAL,TICK,0,110188,0
1762010134632,BTC-PERPETUAL,TICK,0,110218,0
1762010134636,BTC-PERPETUAL,TICK,0,110218,0
1762010134665,BTC-PERPETUAL,TICK,0,110189,0
1762010134670,BTC-PERPETUAL,TICK,0,110189,0
1762010134701,BTC-PERPETUAL,TICK,0,110218,0
1762010134705,BTC-PERPETUAL,TICK,0,110218,0
1762010134736,BTC-PERPETUAL,TICK,0,110192,0
1762010134741,BTC-PERPETUAL,TICK,0,110192,0
1762010134771,BTC-PERPETUAL,TICK,0,110214,0
1762010134776,BTC-PERPETUAL,TICK,0,110214,0
1762010134803,BTC-PERPETUAL,TICK,0,110194,0
1762010134808,BTC-PERPETUAL,TICK,0,110194,0
1762010134835,BTC-PERPETUAL,TICK,0,110214,0
1762010134838,BTC-PERPETUAL,TICK,0,110214,0
1762010134865,BTC-PERPETUAL,TICK,0,110195,0
1762010134869,BTC-PERPETUAL,TICK,0,110195,0
1762010134896,BTC-PERPETUAL,TICK,0,110214,0
1762010134900,BTC-PERPETUAL,TICK,0,110214,0
1762010134928,BTC-PERPETUAL,TICK,0,110196,0
1762010134933,BTC-PERPETUAL,TICK,0,110196,0
1762010134959,BTC-PERPETUAL,TICK,0,110210,0
1762010134963,BTC-PERPETUAL,TICK,0,110210,0
1762010134990,BTC-PERPETUAL,TICK,0,110196,0
1762010134994,BTC-PERPETUAL,TICK,0,110196,0
1762010135021,BTC-PERPETUAL,TICK,0,110207,0
1762010135025,BTC-PERPETUAL,TICK,0,110207,0
1762010135053,BTC-PERPETUAL,TICK,0,110196,0
1762010135057,BTC-PERPETUAL,TICK,0,110196,0
1762010135085,BTC-PERPETUAL,TICK,0,110206,0
1762010135089,BTC-PERPETUAL,TICK,0,110206,0
1762010135118,BTC-PERPETUAL,TICK,0,110197,0
1762010135123,BTC-PERPETUAL,TICK,0,110197,0
1762010135149,BTC-PERPETUAL,TICK,0,110201,0
1762010135152,BTC-PERPETUAL,TICK,0,110201,0
1762010135180,BTC-PERPETUAL,TICK,0,110198,0
1762010135183,BTC-PERPETUAL,TICK,0,110198,0
1762010135213,BTC-PERPETUAL,TICK,0,110198,0
1762010135217,BTC-PERPETUAL,TICK,0,110198,0
1762010135246,BTC-PERPETUAL,TICK,0,110198,0
1762010135250,BTC-PERPETUAL,TICK,0,110198,0
1762010136958,BTC-PERPETUAL,TICK,0,110228,0
1762010136960,BTC-PERPETUAL,TICK,0,110228,0
1762010136997,BTC-PERPETUAL,TICK,0,110198,0
1762010137001,BTC-PERPETUAL,TICK,0,110198,0
1762010137004,BTC-PERPETUAL,TICK,0,110198,0
1762010137007,BTC-PERPETUAL,TICK,0,110201,0
1762010137010,BTC-PERPETUAL,TICK,0,110198,0
1762010137012,BTC-PERPETUAL,TICK,0,110206,0
1762010137016,BTC-PERPETUAL,TICK,0,110201,0
1762010137019,BTC-PERPETUAL,TICK,0,110206,0
1762010137021,BTC-PERPETUAL,TICK,0,110207,0
1762010137024,BTC-PERPETUAL,TICK,0,110210,0
1762010137026,BTC-PERPETUAL,TICK,0,110214,0
1762010137028,BTC-PERPETUAL,TICK,0,110207,0
1762010137031,BTC-PERPETUAL,TICK,0,110210,0
1762010137033,BTC-PERPETUAL,TICK,0,110214,0
1762010137036,BTC-PERPETUAL,TICK,0,110214,0
1762010137038,BTC-PERPETUAL,TICK,0,110214,0
1762010137040,BTC-PERPETUAL,TICK,0,110214,0
1762010137043,BTC-PERPETUAL,TICK,0,110218,0
1762010137045,BTC-PERPETUAL,TICK,0,110214,0
1762010137048,BTC-PERPETUAL,TICK,0,110218,0
1762010137050,BTC-PERPETUAL,TICK,0,110218,0
1762010137053,BTC-PERPETUAL,TICK,0,110220,0
1762010137055,BTC-PERPETUAL,TICK,0,110218,0
1762010137058,BTC-PERPETUAL,TICK,0,110220,0
1762010137060,BTC-PERPETUAL,TICK,0,110220,0
1762010137062,BTC-PERPETUAL,TICK,0,110220,0
1762010137065,BTC-PERPETUAL,TICK,0,110220,0
1762010137068,BTC-PERPETUAL,TICK,0,110221,0
1762010137070,BTC-PERPETUAL,TICK,0,110220,0
1762010137072,BTC-PERPETUAL,TICK,0,110224,0
1762010137075,BTC-PERPETUAL,TICK,0,110221,0
1762010137077,BTC-PERPETUAL,TICK,0,110225,0
1762010137079,BTC-PERPETUAL,TICK,0,110224,0
1762010137082,BTC-PERPETUAL,TICK,0,110226,0
1762010137084,BTC-PERPETUAL,TICK,0,110225,0
1762010137087,BTC-PERPETUAL,TICK,0,110228,1
1762010137089,BTC-PERPETUAL,TICK,0,110226,0
1762010137091,BTC-PERPETUAL,TICK,0,110228,0
1762010137339,ETH-PERPETUAL,TICK,0,3895.45,0
1762010137343,ETH-PERPETUAL,TICK,0,3895.45,0
1762010137381,ETH-PERPETUAL,TICK,0,3893.25,0
1762010137385,ETH-PERPETUAL,TICK,0,3893.25,0
1762010137414,ETH-PERPETUAL,TICK,0,3895.4,0
1762010137419,ETH-PERPETUAL,TICK,0,3895.4,0
1762010137450,ETH-PERPETUAL,TICK,0,3892.4,0
1762010137456,ETH-PERPETUAL,TICK,0,3892.4,0
1762010137489,ETH-PERPETUAL,TICK,0,3895.25,0
1762010137495,ETH-PERPETUAL,TICK,0,3895.25,0
1762010137526,ETH-PERPETUAL,TICK,0,3892.6,0
1762010137532,ETH-PERPETUAL,TICK,0,3892.6,0
1762010137563,ETH-PERPETUAL,TICK,0,3895.15,0
1762010137568,ETH-PERPETUAL,TICK,0,3895.15,0
1762010137601,ETH-PERPETUAL,TICK,0,3892.65,0
1762010137606,ETH-PERPETUAL,TICK,0,3892.65,0
1762010137640,ETH-PERPETUAL,TICK,0,3895.1,0
1762010137647,ETH-PERPETUAL,TICK,0,3895.1,0
1762010137677,ETH-PERPETUAL,TICK,0,3892.75,0
1762010137683,ETH-PERPETUAL,TICK,0,3892.75,0
1762010137715,ETH-PERPETUAL,TICK,0,3895.05,0
1762010137720,ETH-PERPETUAL,TICK,0,3895.05,0
1762010137754,ETH-PERPETUAL,TICK,0,3892.8,0
1762010137758,ETH-PERPETUAL,TICK,0,3892.8,0
1762010137792,ETH-PERPETUAL,TICK,0,3895,0
1762010137797,ETH-PERPETUAL,TICK,0,3895,0
1762010137826,ETH-PERPETUAL,TICK,0,3892.85,0
1762010137831,ETH-PERPETUAL,TICK,0,3892.85,0
1762010137860,ETH-PERPETUAL,TICK,0,3892.9,0
1762010137863,ETH-PERPETUAL,TICK,0,3892.9,0
1762010137895,ETH-PERPETUAL,TICK,0,3894.95,0
1762010137900,ETH-PERPETUAL,TICK,0,3894.95,0
1762010137928,ETH-PERPETUAL,TICK,0,3892.9,0
1762010137933,ETH-PERPETUAL,TICK,0,3892.9,0
1762010137963,ETH-PERPETUAL,TICK,0,3894.9,0
1762010137968,ETH-PERPETUAL,TICK,0,3894.9,0
1762010137997,ETH-PERPETUAL,TICK,0,3893,0
1762010138001,ETH-PERPETUAL,TICK,0,3893,0
1762010138032,ETH-PERPETUAL,TICK,0,3894.85,0
1762010138037,ETH-PERPETUAL,TICK,0,3894.85,0
1762010138066,ETH-PERPETUAL,TICK,0,3893.05,0
1762010138069,ETH-PERPETUAL,TICK,0,3893.05,0
1762010138100,ETH-PERPETUAL,TICK,0,3894.8,0
1762010138105,ETH-PERPETUAL,TICK,0,3894.8,0
1762010138138,ETH-PERPETUAL,TICK,0,3893.1,0
1762010138143,ETH-PERPETUAL,TICK,0,3893.1,0
1762010138177,ETH-PERPETUAL,TICK,0,3894.75,0
1762010138179,ETH-PERPETUAL,TICK,0,3894.75,0
1762010138213,ETH-PERPETUAL,TICK,0,3893.15,0
1762010138215,ETH-PERPETUAL,TICK,0,3893.15,0
1762010138252,ETH-PERPETUAL,TICK,0,3894.7,0
1762010138257,ETH-PERPETUAL,TICK,0,3894.7,0
1762010138292,ETH-PERPETUAL,TICK,0,3893.25,0
1762010138299,ETH-PERPETUAL,TICK,0,3893.25,0
1762010138333,ETH-PERPETUAL,TICK,0,3894.5,0
1762010138339,ETH-PERPETUAL,TICK,0,3894.5,0
1762010138371,ETH-PERPETUAL,TICK,0,3893.3,0
1762010138375,ETH-PERPETUAL,TICK,0,3893.3,0
1762010138409,ETH-PERPETUAL,TICK,0,3893.3,0
1762010138415,ETH-PERPETUAL,TICK,0,3893.3,0
1762010138420,ETH-PERPETUAL,TICK,0,3894.45,0
1762010138424,ETH-PERPETUAL,TICK,0,3894.45,0
1762010138449,ETH-PERPETUAL,TICK,0,3893.3,0
1762010138453,ETH-PERPETUAL,TICK,0,3893.3,0
1762010138485,ETH-PERPETUAL,TICK,0,3893.3,0
1762010138490,ETH-PERPETUAL,TICK,0,3893.3,0
1762010138495,ETH-PERPETUAL,TICK,0,3894.4,0
1762010138499,ETH-PERPETUAL,TICK,0,3894.4,0
1762010138524,ETH-PERPETUAL,TICK,0,3893.3,0
1762010138528,ETH-PERPETUAL,TICK,0,3893.3,0
1762010138557,ETH-PERPETUAL,TICK,0,3893.3,0
1762010138561,ETH-PERPETUAL,TICK,0,3893.3,0
1762010138566,ETH-PERPETUAL,TICK,0,3894.2,0
1762010138570,ETH-PERPETUAL,TICK,0,3894.2,0
1762010138593,ETH-PERPETUAL,TICK,0,3893.3,0
1762010138597,ETH-PERPETUAL,TICK,0,3893.3,0
1762010138623,ETH-PERPETUAL,TICK,0,3893.3,0
1762010138628,ETH-PERPETUAL,TICK,0,3893.3,0
1762010138632,ETH-PERPETUAL,TICK,0,3894.15,0
1762010138635,ETH-PERPETUAL,TICK,0,3894.15,0
1762010138657,ETH-PERPETUAL,TICK,0,3893.3,0
1762010138662,ETH-PERPETUAL,TICK,0,3893.3,0
1762010138690,ETH-PERPETUAL,TICK,0,3893.3,0
1762010138694,ETH-PERPETUAL,TICK,0,3893.3,0
1762010138698,ETH-PERPETUAL,TICK,0,3894.1,0
1762010138701,ETH-PERPETUAL,TICK,0,3894.1,0
1762010138723,ETH-PERPETUAL,TICK,0,3893.3,0
1762010138727,ETH-PERPETUAL,TICK,0,3893.3,0
1762010138754,ETH-PERPETUAL,TICK,0,3893.3,0
1762010138758,ETH-PERPETUAL,TICK,0,3893.3,0
1762010138763,ETH-PERPETUAL,TICK,0,3893.75,0
1762010138766,ETH-PERPETUAL,TICK,0,3893.75,0
1762010138788,ETH-PERPETUAL,TICK,0,3893.3,0
1762010138791,ETH-PERPETUAL,TICK,0,3893.3,0
1762010138818,ETH-PERPETUAL,TICK,0,3893.3,0
1762010138822,ETH-PERPETUAL,TICK,0,3893.3,0
1762010138899,ETH-PERPETUAL,TICK,0,3893.25,0
1762010138902,ETH-PERPETUAL,TICK,0,3893.25,0
1762010138936,BTC-PERPETUAL,TICK,0,110228,0
1762010138940,BTC-PERPETUAL,TICK,0,110228,0
1762010138975,BTC-PERPETUAL,TICK,0,110172,0
1762010138978,BTC-PERPETUAL,TICK,0,110172,0
1762010139007,BTC-PERPETUAL,TICK,0,110235,0
1762010139011,BTC-PERPETUAL,TICK,0,110235,0
1762010139040,BTC-PERPETUAL,TICK,0,110175,0
1762010139043,BTC-PERPETUAL,TICK,0,110175,0
1762010139071,BTC-PERPETUAL,TICK,0,110234,0
1762010139076,BTC-PERPETUAL,TICK,0,110234,0
1762010139103,BTC-PERPETUAL,TICK,0,110176,0
1762010139109,BTC-PERPETUAL,TICK,0,110176,0
1762010139135,BTC-PERPETUAL,TICK,0,110233,0
1762010139140,BTC-PERPETUAL,TICK,0,110233,0
1762010139166,BTC-PERPETUAL,TICK,0,110178,0
1762010139170,BTC-PERPETUAL,TICK,0,110178,0
1762010139198,BTC-PERPETUAL,TICK,0,110232,0
1762010139203,BTC-PERPETUAL,TICK,0,110232,0
1762010139231,BTC-PERPETUAL,TICK,0,110180,0
1762010139235,BTC-PERPETUAL,TICK,0,110180,0
1762010139263,BTC-PERPETUAL,TICK,0,110231,0
1762010139267,BTC-PERPETUAL,TICK,0,110231,0
1762010139293,BTC-PERPETUAL,TICK,0,110182,0
1762010139298,BTC-PERPETUAL,TICK,0,110182,0
1762010139325,BTC-PERPETUAL,TICK,0,110229,0
1762010139329,BTC-PERPETUAL,TICK,0,110229,0
1762010139355,BTC-PERPETUAL,TICK,0,110182,0
1762010139360,BTC-PERPETUAL,TICK,0,110182,0
1762010139387,BTC-PERPETUAL,TICK,0,110228,0
1762010139391,BTC-PERPETUAL,TICK,0,110228,0
1762010139418,BTC-PERPETUAL,TICK,0,110186,0
1762010139423,BTC-PERPETUAL,TICK,0,110186,0
1762010139453,BTC-PERPETUAL,TICK,0,110228,0
1762010139457,BTC-PERPETUAL,TICK,0,110228,0
1762010139484,BTC-PERPETUAL,TICK,0,110187,0
1762010139488,BTC-PERPETUAL,TICK,0,110187,0
1762010139514,BTC-PERPETUAL,TICK,0,110227,0
1762010139518,BTC-PERPETUAL,TICK,0,110227,0
1762010139547,BTC-PERPETUAL,TICK,0,110188,0
1762010139552,BTC-PERPETUAL,TICK,0,110188,0
1762010139579,BTC-PERPETUAL,TICK,0,110226,0
1762010139583,BTC-PERPETUAL,TICK,0,110226,0
1762010139609,BTC-PERPETUAL,TICK,0,110188,0
1762010139613,BTC-PERPETUAL,TICK,0,110188,0
1762010139640,BTC-PERPETUAL,TICK,0,110226,0
1762010139644,BTC-PERPETUAL,TICK,0,110226,0
1762010139670,BTC-PERPETUAL,TICK,0,110193,0
1762010139674,BTC-PERPETUAL,TICK,0,110193,0
1762010139702,BTC-PERPETUAL,TICK,0,110224,0
1762010139706,BTC-PERPETUAL,TICK,0,110224,0
1762010139733,BTC-PERPETUAL,TICK,0,110194,0
1762010139737,BTC-PERPETUAL,TICK,0,110194,0
1762010139764,BTC-PERPETUAL,TICK,0,110220,0
1762010139768,BTC-PERPETUAL,TICK,0,110220,0
1762010139794,BTC-PERPETUAL,TICK,0,110195,0
1762010139798,BTC-PERPETUAL,TICK,0,110195,0
1762010139824,BTC-PERPETUAL,TICK,0,110218,0
1762010139829,BTC-PERPETUAL,TICK,0,110218,0
1762010139856,BTC-PERPETUAL,TICK,0,110196,0
1762010139860,BTC-PERPETUAL,TICK,0,110196,0
1762010139887,BTC-PERPETUAL,TICK,0,110211,0
1762010139891,BTC-PERPETUAL,TICK,0,110211,0
1762010139916,BTC-PERPETUAL,TICK,0,110196,0
1762010139920,BTC-PERPETUAL,TICK,0,110196,0
1762010139948,BTC-PERPETUAL,TICK,0,110210,0
1762010139953,BTC-PERPETUAL,TICK,0,110210,0
1762010139978,BTC-PERPETUAL,TICK,0,110196,0
1762010139983,BTC-PERPETUAL,TICK,0,110196,0
1762010140008,BTC-PERPETUAL,TICK,0,110210,0
1762010140012,BTC-PERPETUAL,TICK,0,110210,0
1762010140040,BTC-PERPETUAL,TICK,0,110197,0
1762010140045,BTC-PERPETUAL,TICK,0,110197,0
1762010140071,BTC-PERPETUAL,TICK,0,110201,0
1762010140076,BTC-PERPETUAL,TICK,0,110201,0
1762010140104,BTC-PERPETUAL,TICK,0,110198,0
1762010140108,BTC-PERPETUAL,TICK,0,110198,0
1762010140137,BTC-PERPETUAL,TICK,0,110198,0
1762010140141,BTC-PERPETUAL,TICK,0,110198,0
1762010140168,BTC-PERPETUAL,TICK,0,110198,0
1762010140173,BTC-PERPETUAL,TICK,0,110198,0
1762010140201,BTC-PERPETUAL,TICK,0,110198,0
1762010140206,BTC-PERPETUAL,TICK,0,110198,0
1762010140210,BTC-PERPETUAL,TICK,0,110198,0
1762010140213,BTC-PERPETUAL,TICK,0,110198,0
1762010141213,BTC-PERPETUAL,TICK,0,110152,0
1762010141219,BTC-PERPETUAL,TICK,0,110152,0
1762010142603,ETH-PERPETUAL,TICK,0,3895.8,0
1762010142606,ETH-PERPETUAL,TICK,0,3895.8,0
1762010142644,ETH-PERPETUAL,TICK,0,3893.25,0
1762010142648,ETH-PERPETUAL,TICK,0,3893.25,0
1762010142672,ETH-PERPETUAL,TICK,0,3895.7,0
1762010142676,ETH-PERPETUAL,TICK,0,3895.7,0
1762010142703,ETH-PERPETUAL,TICK,0,3892.4,0
1762010142708,ETH-PERPETUAL,TICK,0,3892.4,0
1762010142736,ETH-PERPETUAL,TICK,0,3895.6,0
1762010142741,ETH-PERPETUAL,TICK,0,3895.6,0
1762010142769,ETH-PERPETUAL,TICK,0,3892.6,0
1762010142775,ETH-PERPETUAL,TICK,0,3892.6,0
1762010142803,ETH-PERPETUAL,TICK,0,3895.5,0
1762010142807,ETH-PERPETUAL,TICK,0,3895.5,0
1762010142834,ETH-PERPETUAL,TICK,0,3892.65,0
1762010142839,ETH-PERPETUAL,TICK,0,3892.65,0
1762010142863,ETH-PERPETUAL,TICK,0,3895.45,0
1762010142868,ETH-PERPETUAL,TICK,0,3895.45,0
1762010142893,ETH-PERPETUAL,TICK,0,3892.7,0
1762010142897,ETH-PERPETUAL,TICK,0,3892.7,0
1762010142922,ETH-PERPETUAL,TICK,0,3895.4,0
1762010142926,ETH-PERPETUAL,TICK,0,3895.4,0
1762010142953,ETH-PERPETUAL,TICK,0,3892.75,0
1762010142957,ETH-PERPETUAL,TICK,0,3892.75,0
1762010142984,ETH-PERPETUAL,TICK,0,3895.35,0
1762010142988,ETH-PERPETUAL,TICK,0,3895.35,0
1762010143014,ETH-PERPETUAL,TICK,0,3892.8,0
1762010143018,ETH-PERPETUAL,TICK,0,3892.8,0
1762010143044,ETH-PERPETUAL,TICK,0,3895.25,0
1762010143047,ETH-PERPETUAL,TICK,0,3895.25,0
1762010143072,ETH-PERPETUAL,TICK,0,3892.85,0
1762010143076,ETH-PERPETUAL,TICK,0,3892.85,0
1762010143102,ETH-PERPETUAL,TICK,0,3895.2,0
1762010143107,ETH-PERPETUAL,TICK,0,3895.2,0
1762010143131,ETH-PERPETUAL,TICK,0,3892.9,0
1762010143135,ETH-PERPETUAL,TICK,0,3892.9,0
1762010143162,ETH-PERPETUAL,TICK,0,3895.15,0
1762010143166,ETH-PERPETUAL,TICK,0,3895.15,0
1762010143194,ETH-PERPETUAL,TICK,0,3893,0
1762010143198,ETH-PERPETUAL,TICK,0,3893,0
1762010143226,ETH-PERPETUAL,TICK,0,3895.05,0
1762010143231,ETH-PERPETUAL,TICK,0,3895.05,0
1762010143257,ETH-PERPETUAL,TICK,0,3893.1,0
1762010143261,ETH-PERPETUAL,TICK,0,3893.1,0
1762010143288,ETH-PERPETUAL,TICK,0,3895,0
1762010143292,ETH-PERPETUAL,TICK,0,3895,0
1762010143320,ETH-PERPETUAL,TICK,0,3893.25,0
1762010143323,ETH-PERPETUAL,TICK,0,3893.25,0
1762010143351,ETH-PERPETUAL,TICK,0,3894.95,0
1762010143355,ETH-PERPETUAL,TICK,0,3894.95,0
1762010143381,ETH-PERPETUAL,TICK,0,3892.35,0
1762010143384,ETH-PERPETUAL,TICK,0,3892.35,0
1762010143415,ETH-PERPETUAL,TICK,0,3893.3,0
1762010143419,ETH-PERPETUAL,TICK,0,3893.3,0
1762010143424,ETH-PERPETUAL,TICK,0,3894.9,0
1762010143428,ETH-PERPETUAL,TICK,0,3894.9,0
1762010143449,ETH-PERPETUAL,TICK,0,3893.3,0
1762010143453,ETH-PERPETUAL,TICK,0,3893.3,0
1762010143482,ETH-PERPETUAL,TICK,0,3893.3,0
1762010143486,ETH-PERPETUAL,TICK,0,3893.3,0
1762010143491,ETH-PERPETUAL,TICK,0,3894.85,0
1762010143495,ETH-PERPETUAL,TICK,0,3894.85,0
1762010143518,ETH-PERPETUAL,TICK,0,3893.3,0
1762010143521,ETH-PERPETUAL,TICK,0,3893.3,0
1762010143552,ETH-PERPETUAL,TICK,0,3893.3,0
1762010143556,ETH-PERPETUAL,TICK,0,3893.3,0
1762010143560,ETH-PERPETUAL,TICK,0,3894.75,0
1762010143564,ETH-PERPETUAL,TICK,0,3894.75,0
1762010143586,ETH-PERPETUAL,TICK,0,3893.3,0
1762010143590,ETH-PERPETUAL,TICK,0,3893.3,0
1762010143619,ETH-PERPETUAL,TICK,0,3893.3,0
1762010143623,ETH-PERPETUAL,TICK,0,3893.3,0
1762010143628,ETH-PERPETUAL,TICK,0,3894.5,0
1762010143633,ETH-PERPETUAL,TICK,0,3894.5,0
1762010143655,ETH-PERPETUAL,TICK,0,3893.3,0
1762010143658,ETH-PERPETUAL,TICK,0,3893.3,0
1762010143688,ETH-PERPETUAL,TICK,0,3893.3,0
1762010143691,ETH-PERPETUAL,TICK,0,3893.3,0
1762010143696,ETH-PERPETUAL,TICK,0,3894.4,0
1762010143699,ETH-PERPETUAL,TICK,0,3894.4,0
1762010143721,ETH-PERPETUAL,TICK,0,3893.3,0
1762010143726,ETH-PERPETUAL,TICK,0,3893.3,0
1762010143752,ETH-PERPETUAL,TICK,0,3893.3,0
1762010143757,ETH-PERPETUAL,TICK,0,3893.3,0
1762010143761,ETH-PERPETUAL,TICK,0,3894.3,0
1762010143765,ETH-PERPETUAL,TICK,0,3894.3,0
1762010143786,ETH-PERPETUAL,TICK,0,3893.3,0
1762010143790,ETH-PERPETUAL,TICK,0,3893.3,0
1762010143820,ETH-PERPETUAL,TICK,0,3893.3,0
1762010143824,ETH-PERPETUAL,TICK,0,3893.3,0
1762010143828,ETH-PERPETUAL,TICK,0,3893.75,0
1762010143832,ETH-PERPETUAL,TICK,0,3893.75,0
1762010143855,ETH-PERPETUAL,TICK,0,3893.3,0
1762010143859,ETH-PERPETUAL,TICK,0,3893.3,0
1762010143889,ETH-PERPETUAL,TICK,0,3893.3,0
1762010143892,ETH-PERPETUAL,TICK,0,3893.3,0
1762010144162,BTC-PERPETUAL,TICK,0,110250,0
1762010144169,BTC-PERPETUAL,TICK,0,110250,0
1762010144197,BTC-PERPETUAL,TICK,0,0,0
1762010144201,BTC-PERPETUAL,TICK,0,0,0
1762010144230,BTC-PERPETUAL,TICK,0,110198,0
1762010144234,BTC-PERPETUAL,TICK,0,110198,0
1762010144264,BTC-PERPETUAL,TICK,0,110250,0
1762010144267,BTC-PERPETUAL,TICK,0,110250,0
1762010144296,BTC-PERPETUAL,TICK,0,110183,0
1762010144301,BTC-PERPETUAL,TICK,0,110183,0
1762010144328,BTC-PERPETUAL,TICK,0,110249,0
1762010144332,BTC-PERPETUAL,TICK,0,110249,0
1762010144361,BTC-PERPETUAL,TICK,0,110186,0
1762010144365,BTC-PERPETUAL,TICK,0,110186,0
1762010144396,BTC-PERPETUAL,TICK,0,110248,0
1762010144401,BTC-PERPETUAL,TICK,0,110248,0
1762010144428,BTC-PERPETUAL,TICK,0,110187,0
1762010144433,BTC-PERPETUAL,TICK,0,110187,0
1762010144465,BTC-PERPETUAL,TICK,0,110244,0
1762010144469,BTC-PERPETUAL,TICK,0,110244,0
1762010144498,BTC-PERPETUAL,TICK,0,110188,0
1762010144503,BTC-PERPETUAL,TICK,0,110188,0
1762010144531,BTC-PERPETUAL,TICK,0,110244,0
1762010144535,BTC-PERPETUAL,TICK,0,110244,0
1762010144564,BTC-PERPETUAL,TICK,0,110190,0
1762010144568,BTC-PERPETUAL,TICK,0,110190,0
1762010144596,BTC-PERPETUAL,TICK,0,110243,0
1762010144600,BTC-PERPETUAL,TICK,0,110243,0
1762010144628,BTC-PERPETUAL,TICK,0,110192,0
1762010144632,BTC-PERPETUAL,TICK,0,110192,0
1762010144661,BTC-PERPETUAL,TICK,0,110203,0
1762010144665,BTC-PERPETUAL,TICK,0,110203,0
1762010144694,BTC-PERPETUAL,TICK,0,110242,0
1762010144698,BTC-PERPETUAL,TICK,0,110242,0
1762010144726,BTC-PERPETUAL,TICK,0,110193,0
1762010144730,BTC-PERPETUAL,TICK,0,110193,0
1762010144760,BTC-PERPETUAL,TICK,0,110242,0
1762010144765,BTC-PERPETUAL,TICK,0,110242,0
1762010144793,BTC-PERPETUAL,TICK,0,110194,0
1762010144798,BTC-PERPETUAL,TICK,0,110194,0
1762010144826,BTC-PERPETUAL,TICK,0,110242,0
1762010144831,BTC-PERPETUAL,TICK,0,110242,0
1762010144860,BTC-PERPETUAL,TICK,0,110198,0
1762010144864,BTC-PERPETUAL,TICK,0,110198,0
1762010144895,BTC-PERPETUAL,TICK,0,110238,0
1762010144900,BTC-PERPETUAL,TICK,0,110238,0
1762010144929,BTC-PERPETUAL,TICK,0,110202,0
1762010144933,BTC-PERPETUAL,TICK,0,110202,0
1762010144962,BTC-PERPETUAL,TICK,0,110228,0
1762010144966,BTC-PERPETUAL,TICK,0,110228,0
1762010144995,BTC-PERPETUAL,TICK,0,110202,0
1762010144999,BTC-PERPETUAL,TICK,0,110202,0
1762010145029,BTC-PERPETUAL,TICK,0,110237,0
1762010145033,BTC-PERPETUAL,TICK,0,110237,0
1762010145062,BTC-PERPETUAL,TICK,0,110206,0
1762010145066,BTC-PERPETUAL,TICK,0,110206,0
1762010145094,BTC-PERPETUAL,TICK,0,110236,0
1762010145098,BTC-PERPETUAL,TICK,0,110236,0
1762010145128,BTC-PERPETUAL,TICK,0,110206,0
1762010145132,BTC-PERPETUAL,TICK,0,110206,0
1762010145161,BTC-PERPETUAL,TICK,0,110235,0
1762010145165,BTC-PERPETUAL,TICK,0,110235,0
1762010145194,BTC-PERPETUAL,TICK,0,110206,0
1762010145199,BTC-PERPETUAL,TICK,0,110206,0
1762010145229,BTC-PERPETUAL,TICK,0,110229,0
1762010145234,BTC-PERPETUAL,TICK,0,110229,0
1762010145264,BTC-PERPETUAL,TICK,0,110207,0
1762010145269,BTC-PERPETUAL,TICK,0,110207,0
1762010145301,BTC-PERPETUAL,TICK,0,110228,0
1762010145306,BTC-PERPETUAL,TICK,0,110228,0
1762010145343,BTC-PERPETUAL,TICK,0,110208,0
1762010145348,BTC-PERPETUAL,TICK,0,110208,0
1762010145380,BTC-PERPETUAL,TICK,0,110228,0
1762010145385,BTC-PERPETUAL,TICK,0,110228,0
1762010145418,BTC-PERPETUAL,TICK,0,110208,0
1762010145423,BTC-PERPETUAL,TICK,0,110208,0
1762010145454,BTC-PERPETUAL,TICK,0,110224,0
1762010145459,BTC-PERPETUAL,TICK,0,110224,0
1762010145488,BTC-PERPETUAL,TICK,0,110208,0
1762010145492,BTC-PERPETUAL,TICK,0,110208,0
1762010145524,BTC-PERPETUAL,TICK,0,110210,0
1762010145529,BTC-PERPETUAL,TICK,0,110210,0
1762010145559,BTC-PERPETUAL,TICK,0,110209,0
1762010145564,BTC-PERPETUAL,TICK,0,110209,0
1762010147563,BTC-PERPETUAL,TICK,0,110146,0
1762010147565,BTC-PERPETUAL,TICK,0,110146,0
1762010147864,ETH-PERPETUAL,TICK,0,3895.8,0
1762010147869,ETH-PERPETUAL,TICK,0,3895.8,0
1762010147901,ETH-PERPETUAL,TICK,0,3893.25,0
1762010147905,ETH-PERPETUAL,TICK,0,3893.25,0
1762010147932,ETH-PERPETUAL,TICK,0,3895.7,0
1762010147936,ETH-PERPETUAL,TICK,0,3895.7,0
1762010147964,ETH-PERPETUAL,TICK,0,3892.5,0
1762010147968,ETH-PERPETUAL,TICK,0,3892.5,0
1762010147995,ETH-PERPETUAL,TICK,0,3895.5,0
1762010147998,ETH-PERPETUAL,TICK,0,3895.5,0
1762010148026,ETH-PERPETUAL,TICK,0,3892.55,0
1762010148030,ETH-PERPETUAL,TICK,0,3892.55,0
1762010148057,ETH-PERPETUAL,TICK,0,3895.45,0
1762010148061,ETH-PERPETUAL,TICK,0,3895.45,0
1762010148088,ETH-PERPETUAL,TICK,0,3892.6,0
1762010148093,ETH-PERPETUAL,TICK,0,3892.6,0
1762010148121,ETH-PERPETUAL,TICK,0,3895.4,0
1762010148125,ETH-PERPETUAL,TICK,0,3895.4,0
1762010148152,ETH-PERPETUAL,TICK,0,3892.65,0
1762010148156,ETH-PERPETUAL,TICK,0,3892.65,0
1762010148184,ETH-PERPETUAL,TICK,0,3895.35,0
1762010148189,ETH-PERPETUAL,TICK,0,3895.35,0
1762010148216,ETH-PERPETUAL,TICK,0,3892.75,0
1762010148221,ETH-PERPETUAL,TICK,0,3892.75,0
1762010148250,ETH-PERPETUAL,TICK,0,3895.25,0
1762010148255,ETH-PERPETUAL,TICK,0,3895.25,0
1762010148283,ETH-PERPETUAL,TICK,0,3892.8,0
1762010148287,ETH-PERPETUAL,TICK,0,3892.8,0
1762010148313,ETH-PERPETUAL,TICK,0,3892.9,0
1762010148317,ETH-PERPETUAL,TICK,0,3892.9,0
1762010148345,ETH-PERPETUAL,TICK,0,3895.15,0
1762010148349,ETH-PERPETUAL,TICK,0,3895.15,0
1762010148376,ETH-PERPETUAL,TICK,0,3892.85,0
1762010148381,ETH-PERPETUAL,TICK,0,3892.85,0
1762010148408,ETH-PERPETUAL,TICK,0,3895.05,0
1762010148413,ETH-PERPETUAL,TICK,0,3895.05,0
1762010148440,ETH-PERPETUAL,TICK,0,3892.9,0
1762010148444,ETH-PERPETUAL,TICK,0,3892.9,0
1762010148473,ETH-PERPETUAL,TICK,0,3895,0
1762010148477,ETH-PERPETUAL,TICK,0,3895,0
1762010148509,ETH-PERPETUAL,TICK,0,3893,0
1762010148512,ETH-PERPETUAL,TICK,0,3893,0
1762010148541,ETH-PERPETUAL,TICK,0,3894.95,0
1762010148545,ETH-PERPETUAL,TICK,0,3894.95,0
1762010148575,ETH-PERPETUAL,TICK,0,3893.1,0
1762010148580,ETH-PERPETUAL,TICK,0,3893.1,0
1762010148608,ETH-PERPETUAL,TICK,0,3894.9,0
1762010148611,ETH-PERPETUAL,TICK,0,3894.9,0
1762010148645,ETH-PERPETUAL,TICK,0,3893.15,0
1762010148650,ETH-PERPETUAL,TICK,0,3893.15,0
1762010148679,ETH-PERPETUAL,TICK,0,3894.85,0
1762010148685,ETH-PERPETUAL,TICK,0,3894.85,0
1762010148713,ETH-PERPETUAL,TICK,0,3893.25,0
1762010148717,ETH-PERPETUAL,TICK,0,3893.25,0
1762010148742,ETH-PERPETUAL,TICK,0,3894.75,0
1762010148746,ETH-PERPETUAL,TICK,0,3894.75,0
1762010148776,ETH-PERPETUAL,TICK,0,3893.3,0
1762010148781,ETH-PERPETUAL,TICK,0,3893.3,0
1762010148808,ETH-PERPETUAL,TICK,0,3893.3,0
1762010148813,ETH-PERPETUAL,TICK,0,3893.3,0
1762010148817,ETH-PERPETUAL,TICK,0,3894.6,0
1762010148821,ETH-PERPETUAL,TICK,0,3894.6,0
1762010148843,ETH-PERPETUAL,TICK,0,3893.3,0
1762010148847,ETH-PERPETUAL,TICK,0,3893.3,0
1762010148873,ETH-PERPETUAL,TICK,0,3893.3,0
1762010148878,ETH-PERPETUAL,TICK,0,3893.3,0
1762010148882,ETH-PERPETUAL,TICK,0,3894.5,0
1762010148886,ETH-PERPETUAL,TICK,0,3894.5,0
1762010148907,ETH-PERPETUAL,TICK,0,3893.3,0
1762010148912,ETH-PERPETUAL,TICK,0,3893.3,0
1762010148941,ETH-PERPETUAL,TICK,0,3893.3,0
1762010148946,ETH-PERPETUAL,TICK,0,3893.3,0
1762010148949,ETH-PERPETUAL,TICK,0,3894.4,0
1762010148952,ETH-PERPETUAL,TICK,0,3894.4,0
1762010148975,ETH-PERPETUAL,TICK,0,3893.3,0
1762010148979,ETH-PERPETUAL,TICK,0,3893.3,0
1762010149008,ETH-PERPETUAL,TICK,0,3893.3,0
1762010149012,ETH-PERPETUAL,TICK,0,3893.3,0
1762010149017,ETH-PERPETUAL,TICK,0,3894.25,0
1762010149020,ETH-PERPETUAL,TICK,0,3894.25,0
1762010149043,ETH-PERPETUAL,TICK,0,3893.3,0
1762010149047,ETH-PERPETUAL,TICK,0,3893.3,0
1762010149076,ETH-PERPETUAL,TICK,0,3893.3,0
1762010149079,ETH-PERPETUAL,TICK,0,3893.3,0
1762010149084,ETH-PERPETUAL,TICK,0,3894.2,0
1762010149087,ETH-PERPETUAL,TICK,0,3894.2,0
1762010149110,ETH-PERPETUAL,TICK,0,3893.3,0
1762010149116,ETH-PERPETUAL,TICK,0,3893.3,0
1762010149145,ETH-PERPETUAL,TICK,0,3893.3,0
1762010149149,ETH-PERPETUAL,TICK,0,3893.3,0
1762010149153,ETH-PERPETUAL,TICK,0,3893.75,0
1762010149157,ETH-PERPETUAL,TICK,0,3893.75,0
1762010149179,ETH-PERPETUAL,TICK,0,3893.3,0
1762010149184,ETH-PERPETUAL,TICK,0,3893.3,0
1762010149212,ETH-PERPETUAL,TICK,0,3893.3,0
1762010149218,ETH-PERPETUAL,TICK,0,3893.3,0
1762010149424,BTC-PERPETUAL,TICK,0,110246,0
1762010149428,BTC-PERPETUAL,TICK,0,110246,0
1762010149464,BTC-PERPETUAL,TICK,0,110187,0
1762010149467,BTC-PERPETUAL,TICK,0,110187,0
1762010149499,ETH-PERPETUAL,TICK,0,3893.25,0
1762010149505,ETH-PERPETUAL,TICK,0,3893.25,0
1762010149534,BTC-PERPETUAL,TICK,0,110243,0
1762010149539,BTC-PERPETUAL,TICK,0,110243,0
1762010149570,BTC-PERPETUAL,TICK,0,110188,0
1762010149573,BTC-PERPETUAL,TICK,0,110188,0
1762010149602,BTC-PERPETUAL,TICK,0,110242,0
1762010149606,BTC-PERPETUAL,TICK,0,110242,0
1762010149633,BTC-PERPETUAL,TICK,0,110190,0
1762010149636,BTC-PERPETUAL,TICK,0,110190,0
1762010149665,BTC-PERPETUAL,TICK,0,110241,0
1762010149669,BTC-PERPETUAL,TICK,0,110241,0
1762010149702,BTC-PERPETUAL,TICK,0,110190,0
1762010149706,BTC-PERPETUAL,TICK,0,110190,0
1762010149734,BTC-PERPETUAL,TICK,0,110238,0
1762010149738,BTC-PERPETUAL,TICK,0,110238,0
1762010149767,BTC-PERPETUAL,TICK,0,110192,0
1762010149770,BTC-PERPETUAL,TICK,0,110192,0
1762010149800,BTC-PERPETUAL,TICK,0,110237,0
1762010149804,BTC-PERPETUAL,TICK,0,110237,0
1762010149833,BTC-PERPETUAL,TICK,0,110192,0
1762010149837,BTC-PERPETUAL,TICK,0,110192,0
1762010149865,BTC-PERPETUAL,TICK,0,110236,0
1762010149870,BTC-PERPETUAL,TICK,0,110236,0
1762010149900,BTC-PERPETUAL,TICK,0,110195,0
1762010149905,BTC-PERPETUAL,TICK,0,110195,0
1762010149933,BTC-PERPETUAL,TICK,0,110236,0
1762010149937,BTC-PERPETUAL,TICK,0,110236,0
1762010149964,BTC-PERPETUAL,TICK,0,110196,0
1762010149968,BTC-PERPETUAL,TICK,0,110196,0
1762010149997,BTC-PERPETUAL,TICK,0,110233,0
1762010150001,BTC-PERPETUAL,TICK,0,110233,0
1762010150028,BTC-PERPETUAL,TICK,0,110198,0
1762010150032,BTC-PERPETUAL,TICK,0,110198,0
1762010150059,BTC-PERPETUAL,TICK,0,110232,0
1762010150064,BTC-PERPETUAL,TICK,0,110232,0
1762010150092,BTC-PERPETUAL,TICK,0,110203,0
1762010150097,BTC-PERPETUAL,TICK,0,110203,0
1762010150126,BTC-PERPETUAL,TICK,0,110230,0
1762010150130,BTC-PERPETUAL,TICK,0,110230,0
1762010150156,BTC-PERPETUAL,TICK,0,110204,0
1762010150161,BTC-PERPETUAL,TICK,0,110204,0
1762010150189,BTC-PERPETUAL,TICK,0,110230,0
1762010150194,BTC-PERPETUAL,TICK,0,110230,0
1762010150222,BTC-PERPETUAL,TICK,0,110204,0
1762010150227,BTC-PERPETUAL,TICK,0,110204,0
1762010150253,BTC-PERPETUAL,TICK,0,110229,0
1762010150258,BTC-PERPETUAL,TICK,0,110229,0
1762010150285,BTC-PERPETUAL,TICK,0,110206,0
1762010150290,BTC-PERPETUAL,TICK,0,110206,0
1762010150317,BTC-PERPETUAL,TICK,0,110228,0
1762010150321,BTC-PERPETUAL,TICK,0,110228,0
1762010150348,BTC-PERPETUAL,TICK,0,110206,0
1762010150352,BTC-PERPETUAL,TICK,0,110206,0
1762010150381,BTC-PERPETUAL,TICK,0,110225,0
1762010150385,BTC-PERPETUAL,TICK,0,110225,0
1762010150414,BTC-PERPETUAL,TICK,0,110206,0
1762010150417,BTC-PERPETUAL,TICK,0,110206,0
1762010150444,BTC-PERPETUAL,TICK,0,110224,0
1762010150448,BTC-PERPETUAL,TICK,0,110224,0
1762010150475,BTC-PERPETUAL,TICK,0,110207,0
1762010150480,BTC-PERPETUAL,TICK,0,110207,0
1762010150506,BTC-PERPETUAL,TICK,0,110222,0
1762010150511,BTC-PERPETUAL,TICK,0,110222,0
1762010150538,BTC-PERPETUAL,TICK,0,110208,0
1762010150542,BTC-PERPETUAL,TICK,0,110208,0
1762010150569,BTC-PERPETUAL,TICK,0,110220,0
1762010150573,BTC-PERPETUAL,TICK,0,110220,0
1762010150601,BTC-PERPETUAL,TICK,0,110208,0
1762010150605,BTC-PERPETUAL,TICK,0,110208,0
1762010150634,BTC-PERPETUAL,TICK,0,110215,0
1762010150638,BTC-PERPETUAL,TICK,0,110215,0
1762010150665,BTC-PERPETUAL,TICK,0,110208,0
1762010150670,BTC-PERPETUAL,TICK,0,110208,0
1762010150698,BTC-PERPETUAL,TICK,0,110210,0
1762010150702,BTC-PERPETUAL,TICK,0,110210,0
1762010150728,BTC-PERPETUAL,TICK,0,110209,0
1762010150732,BTC-PERPETUAL,TICK,0,110209,0
1762010152462,BTC-PERPETUAL,TICK,0,110200,0
1762010152464,BTC-PERPETUAL,TICK,0,110200,0
1762010153127,ETH-PERPETUAL,TICK,0,3895.5,0
1762010153134,ETH-PERPETUAL,TICK,0,3895.5,0
1762010153170,ETH-PERPETUAL,TICK,0,3893.25,0
1762010153174,ETH-PERPETUAL,TICK,0,3893.25,0
1762010153197,ETH-PERPETUAL,TICK,0,3895.45,0
1762010153200,ETH-PERPETUAL,TICK,0,3895.45,0
1762010153224,ETH-PERPETUAL,TICK,0,3892.4,0
1762010153228,ETH-PERPETUAL,TICK,0,3892.4,0
1762010153254,ETH-PERPETUAL,TICK,0,3895.4,0
1762010153258,ETH-PERPETUAL,TICK,0,3895.4,0
1762010153285,ETH-PERPETUAL,TICK,0,3892.6,0
1762010153289,ETH-PERPETUAL,TICK,0,3892.6,0
1762010153315,ETH-PERPETUAL,TICK,0,3895.35,0
1762010153319,ETH-PERPETUAL,TICK,0,3895.35,0
1762010153344,ETH-PERPETUAL,TICK,0,3892.65,0
1762010153347,ETH-PERPETUAL,TICK,0,3892.65,0
1762010153373,ETH-PERPETUAL,TICK,0,3895.25,0
1762010153377,ETH-PERPETUAL,TICK,0,3895.25,0
1762010153402,ETH-PERPETUAL,TICK,0,3892.7,0
1762010153407,ETH-PERPETUAL,TICK,0,3892.7,0
1762010153432,ETH-PERPETUAL,TICK,0,3895.15,0
1762010153436,ETH-PERPETUAL,TICK,0,3895.15,0
1762010153461,ETH-PERPETUAL,TICK,0,3892.75,0
1762010153465,ETH-PERPETUAL,TICK,0,3892.75,0
1762010153490,ETH-PERPETUAL,TICK,0,3895.05,0
1762010153494,ETH-PERPETUAL,TICK,0,3895.05,0
1762010153521,ETH-PERPETUAL,TICK,0,3892.8,0
1762010153526,ETH-PERPETUAL,TICK,0,3892.8,0
1762010153551,ETH-PERPETUAL,TICK,0,3895,0
1762010153555,ETH-PERPETUAL,TICK,0,3895,0
1762010153581,ETH-PERPETUAL,TICK,0,3892.85,0
1762010153585,ETH-PERPETUAL,TICK,0,3892.85,0
1762010153610,ETH-PERPETUAL,TICK,0,3894.95,0
1762010153613,ETH-PERPETUAL,TICK,0,3894.95,0
1762010153639,ETH-PERPETUAL,TICK,0,3892.9,0
1762010153644,ETH-PERPETUAL,TICK,0,3892.9,0
1762010153670,ETH-PERPETUAL,TICK,0,3894.9,0
1762010153674,ETH-PERPETUAL,TICK,0,3894.9,0
1762010153701,ETH-PERPETUAL,TICK,0,3893,0
1762010153705,ETH-PERPETUAL,TICK,0,3893,0
1762010153731,ETH-PERPETUAL,TICK,0,3894.85,0
1762010153735,ETH-PERPETUAL,TICK,0,3894.85,0
1762010153762,ETH-PERPETUAL,TICK,0,3893.05,0
1762010153766,ETH-PERPETUAL,TICK,0,3893.05,0
1762010153793,ETH-PERPETUAL,TICK,0,3894.75,0
1762010153798,ETH-PERPETUAL,TICK,0,3894.75,0
1762010153824,ETH-PERPETUAL,TICK,0,3893.1,0
1762010153828,ETH-PERPETUAL,TICK,0,3893.1,0
1762010153854,ETH-PERPETUAL,TICK,0,3894.7,0
1762010153859,ETH-PERPETUAL,TICK,0,3894.7,0
1762010153886,ETH-PERPETUAL,TICK,0,3893.15,0
1762010153890,ETH-PERPETUAL,TICK,0,3893.15,0
1762010153917,ETH-PERPETUAL,TICK,0,3894.55,0
1762010153922,ETH-PERPETUAL,TICK,0,3894.55,0
1762010153950,ETH-PERPETUAL,TICK,0,3893.25,0
1762010153953,ETH-PERPETUAL,TICK,0,3893.25,0
1762010153981,ETH-PERPETUAL,TICK,0,3894.5,0
1762010153985,ETH-PERPETUAL,TICK,0,3894.5,0
1762010154014,ETH-PERPETUAL,TICK,0,3893.3,0
1762010154019,ETH-PERPETUAL,TICK,0,3893.3,0
1762010154046,ETH-PERPETUAL,TICK,0,3893.3,0
1762010154051,ETH-PERPETUAL,TICK,0,3893.3,0
1762010154056,ETH-PERPETUAL,TICK,0,3894.45,0
1762010154059,ETH-PERPETUAL,TICK,0,3894.45,0
1762010154078,ETH-PERPETUAL,TICK,0,3893.3,0
1762010154083,ETH-PERPETUAL,TICK,0,3893.3,0
1762010154106,ETH-PERPETUAL,TICK,0,3893.3,0
1762010154112,ETH-PERPETUAL,TICK,0,3893.3,0
1762010154118,ETH-PERPETUAL,TICK,0,3894.35,0
1762010154122,ETH-PERPETUAL,TICK,0,3894.35,0
1762010154143,ETH-PERPETUAL,TICK,0,3893.3,0
1762010154147,ETH-PERPETUAL,TICK,0,3893.3,0
1762010154177,ETH-PERPETUAL,TICK,0,3893.3,0
1762010154182,ETH-PERPETUAL,TICK,0,3893.3,0
1762010154187,ETH-PERPETUAL,TICK,0,3894.3,0
1762010154191,ETH-PERPETUAL,TICK,0,3894.3,0
1762010154214,ETH-PERPETUAL,TICK,0,3893.3,0
1762010154218,ETH-PERPETUAL,TICK,0,3893.3,0
1762010154246,ETH-PERPETUAL,TICK,0,3893.3,0
1762010154251,ETH-PERPETUAL,TICK,0,3893.3,0
1762010154255,ETH-PERPETUAL,TICK,0,3894.2,0
1762010154258,ETH-PERPETUAL,TICK,0,3894.2,0
1762010154282,ETH-PERPETUAL,TICK,0,3893.3,0
1762010154287,ETH-PERPETUAL,TICK,0,3893.3,0
1762010154314,ETH-PERPETUAL,TICK,0,3893.3,0
1762010154321,ETH-PERPETUAL,TICK,0,3893.3,0
1762010154325,ETH-PERPETUAL,TICK,0,3893.75,0
1762010154329,ETH-PERPETUAL,TICK,0,3893.75,0
1762010154350,ETH-PERPETUAL,TICK,0,3893.3,0
1762010154354,ETH-PERPETUAL,TICK,0,3893.3,0
1762010154381,ETH-PERPETUAL,TICK,0,3893.3,0
1762010154385,ETH-PERPETUAL,TICK,0,3893.3,0
1762010154724,BTC-PERPETUAL,TICK,0,110242,0
1762010154729,BTC-PERPETUAL,TICK,0,110242,0
1762010154756,BTC-PERPETUAL,TICK,0,110187,0
1762010154760,BTC-PERPETUAL,TICK,0,110187,0
1762010154788,BTC-PERPETUAL,TICK,0,110242,0
1762010154792,BTC-PERPETUAL,TICK,0,110242,0
1762010154815,BTC-PERPETUAL,TICK,0,110188,0
1762010154819,BTC-PERPETUAL,TICK,0,110188,0
1762010154844,BTC-PERPETUAL,TICK,0,110241,0
1762010154847,BTC-PERPETUAL,TICK,0,110241,0
1762010154872,BTC-PERPETUAL,TICK,0,110190,0
1762010154876,BTC-PERPETUAL,TICK,0,110190,0
1762010154900,BTC-PERPETUAL,TICK,0,110238,0
1762010154903,BTC-PERPETUAL,TICK,0,110238,0
1762010154930,BTC-PERPETUAL,TICK,0,110190,0
1762010154934,BTC-PERPETUAL,TICK,0,110190,0
1762010154958,BTC-PERPETUAL,TICK,0,110237,0
1762010154961,BTC-PERPETUAL,TICK,0,110237,0
1762010154985,BTC-PERPETUAL,TICK,0,110192,0
1762010154989,BTC-PERPETUAL,TICK,0,110192,0
1762010155014,BTC-PERPETUAL,TICK,0,110236,0
1762010155019,BTC-PERPETUAL,TICK,0,110236,0
1762010155043,BTC-PERPETUAL,TICK,0,110192,0
1762010155046,BTC-PERPETUAL,TICK,0,110192,0
1762010155071,BTC-PERPETUAL,TICK,0,110228,0
1762010155075,BTC-PERPETUAL,TICK,0,110228,0
1762010155100,BTC-PERPETUAL,TICK,0,110198,0
1762010155104,BTC-PERPETUAL,TICK,0,110198,0
1762010155130,BTC-PERPETUAL,TICK,0,110236,0
1762010155135,BTC-PERPETUAL,TICK,0,110236,0
1762010155161,BTC-PERPETUAL,TICK,0,110200,0
1762010155165,BTC-PERPETUAL,TICK,0,110200,0
1762010155191,BTC-PERPETUAL,TICK,0,110233,0
1762010155195,BTC-PERPETUAL,TICK,0,110233,0
1762010155224,BTC-PERPETUAL,TICK,0,110201,0
1762010155228,BTC-PERPETUAL,TICK,0,110201,0
1762010155255,BTC-PERPETUAL,TICK,0,110230,0
1762010155259,BTC-PERPETUAL,TICK,0,110230,0
1762010155285,BTC-PERPETUAL,TICK,0,110204,0
1762010155304,BTC-PERPETUAL,TICK,0,110204,0
1762010155317,BTC-PERPETUAL,TICK,0,110230,0
1762010155323,BTC-PERPETUAL,TICK,0,110230,0
1762010155348,BTC-PERPETUAL,TICK,0,110204,0
1762010155352,BTC-PERPETUAL,TICK,0,110204,0
1762010155378,BTC-PERPETUAL,TICK,0,110226,0
1762010155382,BTC-PERPETUAL,TICK,0,110226,0
1762010155408,BTC-PERPETUAL,TICK,0,110205,0
1762010155412,BTC-PERPETUAL,TICK,0,110205,0
1762010155439,BTC-PERPETUAL,TICK,0,110225,0
1762010155443,BTC-PERPETUAL,TICK,0,110225,0
1762010155470,BTC-PERPETUAL,TICK,0,110206,0
1762010155475,BTC-PERPETUAL,TICK,0,110206,0
1762010155503,BTC-PERPETUAL,TICK,0,110224,0
1762010155506,BTC-PERPETUAL,TICK,0,110224,0
1762010155535,BTC-PERPETUAL,TICK,0,110206,0
1762010155540,BTC-PERPETUAL,TICK,0,110206,0
1762010155569,BTC-PERPETUAL,TICK,0,110223,0
1762010155574,BTC-PERPETUAL,TICK,0,110223,0
1762010155601,BTC-PERPETUAL,TICK,0,110206,0
1762010155606,BTC-PERPETUAL,TICK,0,110206,0
1762010155633,BTC-PERPETUAL,TICK,0,110222,0
1762010155637,BTC-PERPETUAL,TICK,0,110222,0
1762010155664,BTC-PERPETUAL,TICK,0,110207,0
1762010155668,BTC-PERPETUAL,TICK,0,110207,0
1762010155695,BTC-PERPETUAL,TICK,0,110220,0
1762010155699,BTC-PERPETUAL,TICK,0,110220,0
1762010155726,BTC-PERPETUAL,TICK,0,110208,0
1762010155730,BTC-PERPETUAL,TICK,0,110208,0
1762010155757,BTC-PERPETUAL,TICK,0,110220,0
1762010155761,BTC-PERPETUAL,TICK,0,110220,0
1762010155788,BTC-PERPETUAL,TICK,0,110208,0
1762010155793,BTC-PERPETUAL,TICK,0,110208,0
1762010155820,BTC-PERPETUAL,TICK,0,110215,0
1762010155823,BTC-PERPETUAL,TICK,0,110215,0
1762010155852,BTC-PERPETUAL,TICK,0,110208,0
1762010155856,BTC-PERPETUAL,TICK,0,110208,0
1762010155883,BTC-PERPETUAL,TICK,0,110210,0
1762010155888,BTC-PERPETUAL,TICK,0,110210,0
1762010155915,BTC-PERPETUAL,TICK,0,110209,0
1762010155920,BTC-PERPETUAL,TICK,0,110209,0
1762010155952,BTC-PERPETUAL,TICK,0,110210,0
1762010155955,BTC-PERPETUAL,TICK,0,110210,0
1762010155960,BTC-PERPETUAL,TICK,0,110214,0
1762010155963,BTC-PERPETUAL,TICK,0,110214,0
1762010158392,ETH-PERPETUAL,TICK,0,3895.8,0
1762010158394,ETH-PERPETUAL,TICK,0,3895.8,0
1762010158429,ETH-PERPETUAL,TICK,0,3893.25,0
1762010158434,ETH-PERPETUAL,TICK,0,3893.25,0
1762010158461,ETH-PERPETUAL,TICK,0,3895.7,0
1762010158465,ETH-PERPETUAL,TICK,0,3895.7,0
1762010158491,ETH-PERPETUAL,TICK,0,3892.05,0
1762010158496,ETH-PERPETUAL,TICK,0,3892.05,0
1762010158523,ETH-PERPETUAL,TICK,0,3895.6,0
1762010158526,ETH-PERPETUAL,TICK,0,3895.6,0
1762010158553,ETH-PERPETUAL,TICK,0,3892.15,0
1762010158558,ETH-PERPETUAL,TICK,0,3892.15,0
1762010158583,ETH-PERPETUAL,TICK,0,3895.5,0
1762010158587,ETH-PERPETUAL,TICK,0,3895.5,0
1762010158613,ETH-PERPETUAL,TICK,0,3892.25,0
1762010158617,ETH-PERPETUAL,TICK,0,3892.25,0
1762010158643,ETH-PERPETUAL,TICK,0,3895.45,0
1762010158647,ETH-PERPETUAL,TICK,0,3895.45,0
1762010158675,ETH-PERPETUAL,TICK,0,3892.35,0
1762010158679,ETH-PERPETUAL,TICK,0,3892.35,0
1762010158707,ETH-PERPETUAL,TICK,0,3895.4,0
1762010158711,ETH-PERPETUAL,TICK,0,3895.4,0
1762010158740,ETH-PERPETUAL,TICK,0,3892.4,0
1762010158743,ETH-PERPETUAL,TICK,0,3892.4,0
1762010158771,ETH-PERPETUAL,TICK,0,3895.2,0
1762010158776,ETH-PERPETUAL,TICK,0,3895.2,0
1762010158803,ETH-PERPETUAL,TICK,0,3892.5,0
1762010158806,ETH-PERPETUAL,TICK,0,3892.5,0
1762010158835,ETH-PERPETUAL,TICK,0,3895.15,0
1762010158840,ETH-PERPETUAL,TICK,0,3895.15,0
1762010158867,ETH-PERPETUAL,TICK,0,3892.55,0
1762010158870,ETH-PERPETUAL,TICK,0,3892.55,0
1762010158898,ETH-PERPETUAL,TICK,0,3895,0
1762010158902,ETH-PERPETUAL,TICK,0,3895,0
1762010158929,ETH-PERPETUAL,TICK,0,3892.6,0
1762010158934,ETH-PERPETUAL,TICK,0,3892.6,0
1762010158961,ETH-PERPETUAL,TICK,0,3894.95,0
1762010158964,ETH-PERPETUAL,TICK,0,3894.95,0
1762010158992,ETH-PERPETUAL,TICK,0,3892.65,0
1762010158996,ETH-PERPETUAL,TICK,0,3892.65,0
1762010159022,ETH-PERPETUAL,TICK,0,3894.9,0
1762010159026,ETH-PERPETUAL,TICK,0,3894.9,0
1762010159053,ETH-PERPETUAL,TICK,0,3892.75,0
1762010159056,ETH-PERPETUAL,TICK,0,3892.75,0
1762010159083,ETH-PERPETUAL,TICK,0,3894.85,0
1762010159087,ETH-PERPETUAL,TICK,0,3894.85,0
1762010159113,ETH-PERPETUAL,TICK,0,3892.8,0
1762010159118,ETH-PERPETUAL,TICK,0,3892.8,0
1762010159144,ETH-PERPETUAL,TICK,0,3894.75,0
1762010159148,ETH-PERPETUAL,TICK,0,3894.75,0
1762010159176,ETH-PERPETUAL,TICK,0,3892.9,0
1762010159181,ETH-PERPETUAL,TICK,0,3892.9,0
1762010159207,ETH-PERPETUAL,TICK,0,3894.55,0
1762010159211,ETH-PERPETUAL,TICK,0,3894.55,0
1762010159238,ETH-PERPETUAL,TICK,0,3893,0
1762010159242,ETH-PERPETUAL,TICK,0,3893,0
1762010159271,ETH-PERPETUAL,TICK,0,3894.5,0
1762010159276,ETH-PERPETUAL,TICK,0,3894.5,0
1762010159304,ETH-PERPETUAL,TICK,0,3893.15,0
1762010159309,ETH-PERPETUAL,TICK,0,3893.15,0
1762010159337,ETH-PERPETUAL,TICK,0,3894.45,0
1762010159342,ETH-PERPETUAL,TICK,0,3894.45,0
1762010159369,ETH-PERPETUAL,TICK,0,3893.25,0
1762010159373,ETH-PERPETUAL,TICK,0,3893.25,0
1762010159401,ETH-PERPETUAL,TICK,0,3894.4,0
1762010159405,ETH-PERPETUAL,TICK,0,3894.4,0
1762010159435,ETH-PERPETUAL,TICK,0,3893.3,0
1762010159438,ETH-PERPETUAL,TICK,0,3893.3,0
1762010159465,ETH-PERPETUAL,TICK,0,3893.3,0
1762010159470,ETH-PERPETUAL,TICK,0,3893.3,0
1762010159474,ETH-PERPETUAL,TICK,0,3894.35,0
1762010159477,ETH-PERPETUAL,TICK,0,3894.35,0
1762010159498,ETH-PERPETUAL,TICK,0,3893.3,0
1762010159503,ETH-PERPETUAL,TICK,0,3893.3,0
1762010159530,ETH-PERPETUAL,TICK,0,3893.3,0
1762010159534,ETH-PERPETUAL,TICK,0,3893.3,0
1762010159539,ETH-PERPETUAL,TICK,0,3894.15,0
1762010159542,ETH-PERPETUAL,TICK,0,3894.15,0
1762010159564,ETH-PERPETUAL,TICK,0,3893.3,0
1762010159569,ETH-PERPETUAL,TICK,0,3893.3,0
1762010159597,ETH-PERPETUAL,TICK,0,3893.3,0
1762010159601,ETH-PERPETUAL,TICK,0,3893.3,0
1762010159604,ETH-PERPETUAL,TICK,0,3893.75,0
1762010159607,ETH-PERPETUAL,TICK,0,3893.75,0
1762010159627,ETH-PERPETUAL,TICK,0,3893.3,0
1762010159631,ETH-PERPETUAL,TICK,0,3893.3,0
1762010159657,ETH-PERPETUAL,TICK,0,3893.3,0
1762010159661,ETH-PERPETUAL,TICK,0,3893.3,0
1762010159666,ETH-PERPETUAL,TICK,0,3893.25,0
1762010159669,ETH-PERPETUAL,TICK,0,3893.25,0
1762010159692,BTC-PERPETUAL,TICK,0,0,0
1762010159695,BTC-PERPETUAL,TICK,0,0,0
1762010159956,BTC-PERPETUAL,TICK,0,110242,0
1762010159960,BTC-PERPETUAL,TICK,0,110242,0
1762010159988,BTC-PERPETUAL,TICK,0,110188,0
1762010159993,BTC-PERPETUAL,TICK,0,110188,0
1762010160017,BTC-PERPETUAL,TICK,0,110241,0
1762010160021,BTC-PERPETUAL,TICK,0,110241,0
1762010160045,BTC-PERPETUAL,TICK,0,110192,0
1762010160049,BTC-PERPETUAL,TICK,0,110192,0
1762010160074,BTC-PERPETUAL,TICK,0,110238,0
1762010160078,BTC-PERPETUAL,TICK,0,110238,0
1762010160103,BTC-PERPETUAL,TICK,0,110192,0
1762010160107,BTC-PERPETUAL,TICK,0,110192,0
1762010160132,BTC-PERPETUAL,TICK,0,110237,0
1762010160136,BTC-PERPETUAL,TICK,0,110237,0
1762010160161,BTC-PERPETUAL,TICK,0,110193,0
1762010160165,BTC-PERPETUAL,TICK,0,110193,0
1762010160192,BTC-PERPETUAL,TICK,0,110236,0
1762010160195,BTC-PERPETUAL,TICK,0,110236,0
1762010160219,BTC-PERPETUAL,TICK,0,110197,0
1762010160223,BTC-PERPETUAL,TICK,0,110197,0
1762010160249,BTC-PERPETUAL,TICK,0,110236,0
1762010160252,BTC-PERPETUAL,TICK,0,110236,0
1762010160277,BTC-PERPETUAL,TICK,0,110198,0
1762010160281,BTC-PERPETUAL,TICK,0,110198,0
1762010160307,BTC-PERPETUAL,TICK,0,0,0
1762010160311,BTC-PERPETUAL,TICK,0,0,0
1762010160337,BTC-PERPETUAL,TICK,0,110236,0
1762010160341,BTC-PERPETUAL,TICK,0,110236,0
1762010160365,BTC-PERPETUAL,TICK,0,110198,0
1762010160369,BTC-PERPETUAL,TICK,0,110198,0
1762010160396,BTC-PERPETUAL,TICK,0,110232,0
1762010160401,BTC-PERPETUAL,TICK,0,110232,0
1762010160428,BTC-PERPETUAL,TICK,0,110199,0
1762010160433,BTC-PERPETUAL,TICK,0,110199,0
1762010160463,BTC-PERPETUAL,TICK,0,110232,0
1762010160468,BTC-PERPETUAL,TICK,0,110232,0
1762010160496,BTC-PERPETUAL,TICK,0,110204,0
1762010160500,BTC-PERPETUAL,TICK,0,110204,0
1762010160527,BTC-PERPETUAL,TICK,0,110204,0
1762010160532,BTC-PERPETUAL,TICK,0,110204,0
1762010160560,BTC-PERPETUAL,TICK,0,110230,0
1762010160565,BTC-PERPETUAL,TICK,0,110230,0
1762010160599,BTC-PERPETUAL,TICK,0,110204,0
1762010160605,BTC-PERPETUAL,TICK,0,110204,0
1762010160641,BTC-PERPETUAL,TICK,0,110229,0
1762010160647,BTC-PERPETUAL,TICK,0,110229,0
1762010160682,BTC-PERPETUAL,TICK,0,110205,0
1762010160687,BTC-PERPETUAL,TICK,0,110205,0
1762010160716,BTC-PERPETUAL,TICK,0,110226,0
1762010160720,BTC-PERPETUAL,TICK,0,110226,0
1762010160752,BTC-PERPETUAL,TICK,0,110206,0
1762010160757,BTC-PERPETUAL,TICK,0,110206,0
1762010160788,BTC-PERPETUAL,TICK,0,110223,0
1762010160794,BTC-PERPETUAL,TICK,0,110223,0
1762010160830,BTC-PERPETUAL,TICK,0,110206,0
1762010160835,BTC-PERPETUAL,TICK,0,110206,0
1762010160871,BTC-PERPETUAL,TICK,0,110222,0
1762010160877,BTC-PERPETUAL,TICK,0,110222,0
1762010160907,ETH-PERPETUAL,TICK,0,3893.25,0
1762010160912,ETH-PERPETUAL,TICK,0,3893.25,0
1762010160941,BTC-PERPETUAL,TICK,0,110206,0
1762010160945,BTC-PERPETUAL,TICK,0,110206,0
1762010160974,BTC-PERPETUAL,TICK,0,110222,0
1762010160977,BTC-PERPETUAL,TICK,0,110222,0
1762010161005,BTC-PERPETUAL,TICK,0,110207,0
1762010161010,BTC-PERPETUAL,TICK,0,110207,0
1762010161039,BTC-PERPETUAL,TICK,0,110220,0
1762010161043,BTC-PERPETUAL,TICK,0,110220,0
1762010161070,BTC-PERPETUAL,TICK,0,110208,0
1762010161074,BTC-PERPETUAL,TICK,0,110208,0
1762010161101,BTC-PERPETUAL,TICK,0,110215,0
1762010161104,BTC-PERPETUAL,TICK,0,110215,0
1762010161135,BTC-PERPETUAL,TICK,0,110208,0
1762010161139,BTC-PERPETUAL,TICK,0,110208,0
1762010161165,BTC-PERPETUAL,TICK,0,110213,0
1762010161170,BTC-PERPETUAL,TICK,0,110213,0
1762010161196,BTC-PERPETUAL,TICK,0,110208,0
1762010161201,BTC-PERPETUAL,TICK,0,110208,0
1762010161228,BTC-PERPETUAL,TICK,0,110210,0
1762010161232,BTC-PERPETUAL,TICK,0,110210,0
1762010161258,BTC-PERPETUAL,TICK,0,110209,0
1762010161263,BTC-PERPETUAL,TICK,0,110209,0
1762010163556,BTC-PERPETUAL,TICK,0,110212,0
1762010163559,BTC-PERPETUAL,TICK,0,110212,0
1762010163658,ETH-PERPETUAL,TICK,0,3895.5,0
1762010163773,ETH-PERPETUAL,TICK,0,3895.5,0
1762010163776,ETH-PERPETUAL,TICK,0,3893.25,0
1762010163779,ETH-PERPETUAL,TICK,0,3893.25,0
1762010163782,ETH-PERPETUAL,TICK,0,3895.45,0
1762010163785,ETH-PERPETUAL,TICK,0,3895.45,0
1762010163788,ETH-PERPETUAL,TICK,0,3892.15,0
1762010163791,ETH-PERPETUAL,TICK,0,3892.15,0
1762010163794,ETH-PERPETUAL,TICK,0,3895.4,0
1762010163798,ETH-PERPETUAL,TICK,0,3895.4,0
1762010163801,ETH-PERPETUAL,TICK,0,3892.25,0
1762010163804,ETH-PERPETUAL,TICK,0,3892.25,0
1762010163821,ETH-PERPETUAL,TICK,0,3895.35,0
1762010163825,ETH-PERPETUAL,TICK,0,3895.35,0
1762010163850,ETH-PERPETUAL,TICK,0,3892.3,0
1762010163853,ETH-PERPETUAL,TICK,0,3892.3,0
1762010163879,ETH-PERPETUAL,TICK,0,3895.15,0
1762010163883,ETH-PERPETUAL,TICK,0,3895.15,0
1762010163907,ETH-PERPETUAL,TICK,0,3892.35,0
1762010163912,ETH-PERPETUAL,TICK,0,3892.35,0
1762010163939,ETH-PERPETUAL,TICK,0,3895,0
1762010163942,ETH-PERPETUAL,TICK,0,3895,0
1762010163968,ETH-PERPETUAL,TICK,0,3892.4,0
1762010163973,ETH-PERPETUAL,TICK,0,3892.4,0
1762010163999,ETH-PERPETUAL,TICK,0,3894.95,0
1762010164004,ETH-PERPETUAL,TICK,0,3894.95,0
1762010164030,ETH-PERPETUAL,TICK,0,3892.5,0
1762010164035,ETH-PERPETUAL,TICK,0,3892.5,0
1762010164062,ETH-PERPETUAL,TICK,0,3894.9,0
1762010164067,ETH-PERPETUAL,TICK,0,3894.9,0
1762010164094,ETH-PERPETUAL,TICK,0,3892.65,0
1762010164099,ETH-PERPETUAL,TICK,0,3892.65,0
1762010164131,ETH-PERPETUAL,TICK,0,3894.8,0
1762010164136,ETH-PERPETUAL,TICK,0,3894.8,0
1762010164167,ETH-PERPETUAL,TICK,0,3892.75,0
1762010164172,ETH-PERPETUAL,TICK,0,3892.75,0
1762010164201,ETH-PERPETUAL,TICK,0,3894.75,0
1762010164204,ETH-PERPETUAL,TICK,0,3894.75,0
1762010164236,ETH-PERPETUAL,TICK,0,3892.8,0
1762010164241,ETH-PERPETUAL,TICK,0,3892.8,0
1762010164271,ETH-PERPETUAL,TICK,0,3892.65,0
1762010164277,ETH-PERPETUAL,TICK,0,3892.65,0
1762010164307,ETH-PERPETUAL,TICK,0,3894.7,0
1762010164312,ETH-PERPETUAL,TICK,0,3894.7,0
1762010164343,ETH-PERPETUAL,TICK,0,3892.85,0
1762010164347,ETH-PERPETUAL,TICK,0,3892.85,0
1762010164379,ETH-PERPETUAL,TICK,0,3894.55,0
1762010164383,ETH-PERPETUAL,TICK,0,3894.55,0
1762010164414,ETH-PERPETUAL,TICK,0,3892.9,0
1762010164419,ETH-PERPETUAL,TICK,0,3892.9,0
1762010164455,ETH-PERPETUAL,TICK,0,3894.5,0
1762010164460,ETH-PERPETUAL,TICK,0,3894.5,0
1762010164497,ETH-PERPETUAL,TICK,0,3893,0
1762010164502,ETH-PERPETUAL,TICK,0,3893,0
1762010164533,ETH-PERPETUAL,TICK,0,3894.45,0
1762010164538,ETH-PERPETUAL,TICK,0,3894.45,0
1762010164572,ETH-PERPETUAL,TICK,0,3893.15,0
1762010164578,ETH-PERPETUAL,TICK,0,3893.15,0
1762010164614,ETH-PERPETUAL,TICK,0,3894.4,0
1762010164620,ETH-PERPETUAL,TICK,0,3894.4,0
1762010164655,ETH-PERPETUAL,TICK,0,3893.25,0
1762010164659,ETH-PERPETUAL,TICK,0,3893.25,0
1762010164697,ETH-PERPETUAL,TICK,0,3894.35,0
1762010164701,ETH-PERPETUAL,TICK,0,3894.35,0
1762010164736,ETH-PERPETUAL,TICK,0,3893.3,0
1762010164741,ETH-PERPETUAL,TICK,0,3893.3,0
1762010164778,ETH-PERPETUAL,TICK,0,3893.3,0
1762010164783,ETH-PERPETUAL,TICK,0,3893.3,0
1762010164789,ETH-PERPETUAL,TICK,0,3893.9,0
1762010164793,ETH-PERPETUAL,TICK,0,3893.9,0
1762010164819,ETH-PERPETUAL,TICK,0,3893.3,0
1762010164825,ETH-PERPETUAL,TICK,0,3893.3,0
1762010164858,ETH-PERPETUAL,TICK,0,3893.3,0
1762010164863,ETH-PERPETUAL,TICK,0,3893.3,0
1762010164868,ETH-PERPETUAL,TICK,0,3893.85,0
1762010164875,ETH-PERPETUAL,TICK,0,3893.85,0
1762010164899,ETH-PERPETUAL,TICK,0,3893.3,0
1762010164905,ETH-PERPETUAL,TICK,0,3893.3,0
1762010164937,ETH-PERPETUAL,TICK,0,3893.3,0
1762010164941,ETH-PERPETUAL,TICK,0,3893.3,0
1762010164947,ETH-PERPETUAL,TICK,0,3893.75,0
1762010164951,ETH-PERPETUAL,TICK,0,3893.75,0
1762010164974,ETH-PERPETUAL,TICK,0,3893.3,0
1762010164979,ETH-PERPETUAL,TICK,0,3893.3,0
1762010165011,ETH-PERPETUAL,TICK,0,3893.3,0
1762010165017,ETH-PERPETUAL,TICK,0,3893.3,0
1762010165221,BTC-PERPETUAL,TICK,0,110243,0
1762010165228,BTC-PERPETUAL,TICK,0,110243,0
1762010165277,BTC-PERPETUAL,TICK,0,110182,0
1762010165285,BTC-PERPETUAL,TICK,0,110182,0
1762010165317,BTC-PERPETUAL,TICK,0,110242,0
1762010165322,BTC-PERPETUAL,TICK,0,110242,0
1762010165352,BTC-PERPETUAL,TICK,0,110183,0
1762010165357,BTC-PERPETUAL,TICK,0,110183,0
1762010165389,BTC-PERPETUAL,TICK,0,110240,0
1762010165393,BTC-PERPETUAL,TICK,0,110240,0
1762010165424,BTC-PERPETUAL,TICK,0,110186,0
1762010165428,BTC-PERPETUAL,TICK,0,110186,0
1762010165457,BTC-PERPETUAL,TICK,0,110240,0
1762010165462,BTC-PERPETUAL,TICK,0,110240,0
1762010165491,BTC-PERPETUAL,TICK,0,110186,0
1762010165495,BTC-PERPETUAL,TICK,0,110186,0
1762010165526,BTC-PERPETUAL,TICK,0,110239,0
1762010165529,BTC-PERPETUAL,TICK,0,110239,0
1762010165562,BTC-PERPETUAL,TICK,0,110187,0
1762010165565,BTC-PERPETUAL,TICK,0,110187,0
1762010165598,ETH-PERPETUAL,TICK,0,3893.25,0
1762010165602,ETH-PERPETUAL,TICK,0,3893.25,0
1762010165631,BTC-PERPETUAL,TICK,0,110238,0
1762010165636,BTC-PERPETUAL,TICK,0,110238,0
1762010165665,BTC-PERPETUAL,TICK,0,110188,0
1762010165669,BTC-PERPETUAL,TICK,0,110188,0
1762010165698,BTC-PERPETUAL,TICK,0,110238,0
1762010165702,BTC-PERPETUAL,TICK,0,110238,0
1762010165732,BTC-PERPETUAL,TICK,0,110189,0
1762010165737,BTC-PERPETUAL,TICK,0,110189,0
1762010165766,BTC-PERPETUAL,TICK,0,110236,0
1762010165771,BTC-PERPETUAL,TICK,0,110236,0
1762010165799,BTC-PERPETUAL,TICK,0,110192,0
1762010165804,BTC-PERPETUAL,TICK,0,110192,0
1762010165833,BTC-PERPETUAL,TICK,0,110235,0
1762010165838,BTC-PERPETUAL,TICK,0,110235,0
1762010165868,BTC-PERPETUAL,TICK,0,110198,0
1762010165871,BTC-PERPETUAL,TICK,0,110198,0
1762010165902,BTC-PERPETUAL,TICK,0,110234,0
1762010165907,BTC-PERPETUAL,TICK,0,110234,0
1762010165936,BTC-PERPETUAL,TICK,0,110198,0
1762010165941,BTC-PERPETUAL,TICK,0,110198,0
1762010165970,BTC-PERPETUAL,TICK,0,110204,0
1762010165974,BTC-PERPETUAL,TICK,0,110204,0
1762010166004,BTC-PERPETUAL,TICK,0,110228,0
1762010166009,BTC-PERPETUAL,TICK,0,110228,0
1762010166038,BTC-PERPETUAL,TICK,0,110205,0
1762010166042,BTC-PERPETUAL,TICK,0,110205,0
1762010166073,BTC-PERPETUAL,TICK,0,110227,0
1762010166077,BTC-PERPETUAL,TICK,0,110227,0
1762010166108,BTC-PERPETUAL,TICK,0,110206,0
1762010166112,BTC-PERPETUAL,TICK,0,110206,0
1762010166146,BTC-PERPETUAL,TICK,0,110223,0
1762010166151,BTC-PERPETUAL,TICK,0,110223,0
1762010166182,BTC-PERPETUAL,TICK,0,110206,0
1762010166186,BTC-PERPETUAL,TICK,0,110206,0
1762010166217,BTC-PERPETUAL,TICK,0,110222,0
1762010166222,BTC-PERPETUAL,TICK,0,110222,0
1762010166253,BTC-PERPETUAL,TICK,0,110206,0
1762010166257,BTC-PERPETUAL,TICK,0,110206,0
1762010166288,BTC-PERPETUAL,TICK,0,110220,0
1762010166292,BTC-PERPETUAL,TICK,0,110220,0
1762010166320,BTC-PERPETUAL,TICK,0,110207,0
1762010166325,BTC-PERPETUAL,TICK,0,110207,0
1762010166353,BTC-PERPETUAL,TICK,0,110220,0
1762010166357,BTC-PERPETUAL,TICK,0,110220,0
1762010166387,BTC-PERPETUAL,TICK,0,110208,0
1762010166392,BTC-PERPETUAL,TICK,0,110208,0
1762010166420,BTC-PERPETUAL,TICK,0,110220,0
1762010166425,BTC-PERPETUAL,TICK,0,110220,0
1762010164832,BTC-PERPETUAL,TICK,0,110208,0
1762010164836,BTC-PERPETUAL,TICK,0,110208,0
1762010164868,BTC-PERPETUAL,TICK,0,110215,0
1762010164873,BTC-PERPETUAL,TICK,0,110215,0
1762010164904,BTC-PERPETUAL,TICK,0,110208,0
1762010164909,BTC-PERPETUAL,TICK,0,110208,0
1762010164941,BTC-PERPETUAL,TICK,0,110210,0
1762010164946,BTC-PERPETUAL,TICK,0,110210,0
1762010164977,BTC-PERPETUAL,TICK,0,110209,0
1762010164982,BTC-PERPETUAL,TICK,0,110209,0
1762010166503,BTC-PERPETUAL,TICK,0,110210,0
1762010166506,BTC-PERPETUAL,TICK,0,110210,0
1762010167296,ETH-PERPETUAL,TICK,0,3896.4,0
1762010167300,ETH-PERPETUAL,TICK,0,3896.4,0
1762010167336,ETH-PERPETUAL,TICK,0,3893.25,0
1762010167340,ETH-PERPETUAL,TICK,0,3893.25,0
1762010167364,ETH-PERPETUAL,TICK,0,3896.3,0
1762010167368,ETH-PERPETUAL,TICK,0,3896.3,0
1762010167394,ETH-PERPETUAL,TICK,0,3892.85,0
1762010167397,ETH-PERPETUAL,TICK,0,3892.85,0
1762010167426,ETH-PERPETUAL,TICK,0,3896.15,0
1762010167430,ETH-PERPETUAL,TICK,0,3896.15,0
1762010167457,ETH-PERPETUAL,TICK,0,3892.9,0
1762010167461,ETH-PERPETUAL,TICK,0,3892.9,0
1762010167488,ETH-PERPETUAL,TICK,0,3896,0
1762010167491,ETH-PERPETUAL,TICK,0,3896,0
1762010167519,ETH-PERPETUAL,TICK,0,3893,0
1762010167523,ETH-PERPETUAL,TICK,0,3893,0
1762010167549,ETH-PERPETUAL,TICK,0,3895.95,0
1762010167552,ETH-PERPETUAL,TICK,0,3895.95,0
1762010167579,ETH-PERPETUAL,TICK,0,3893.05,0
1762010167583,ETH-PERPETUAL,TICK,0,3893.05,0
1762010167611,ETH-PERPETUAL,TICK,0,3895.9,0
1762010167616,ETH-PERPETUAL,TICK,0,3895.9,0
1762010167642,ETH-PERPETUAL,TICK,0,3893.1,0
1762010167647,ETH-PERPETUAL,TICK,0,3893.1,0
1762010167676,ETH-PERPETUAL,TICK,0,3895.85,0
1762010167681,ETH-PERPETUAL,TICK,0,3895.85,0
1762010167708,ETH-PERPETUAL,TICK,0,3893.15,0
1762010167712,ETH-PERPETUAL,TICK,0,3893.15,0
1762010167742,ETH-PERPETUAL,TICK,0,3895.8,0
1762010167748,ETH-PERPETUAL,TICK,0,3895.8,0
1762010167781,ETH-PERPETUAL,TICK,0,3893.25,0
1762010167786,ETH-PERPETUAL,TICK,0,3893.25,0
1762010167822,ETH-PERPETUAL,TICK,0,3895.75,0
1762010167829,ETH-PERPETUAL,TICK,0,3895.75,0
1762010167861,ETH-PERPETUAL,TICK,0,3893.3,0
1762010167867,ETH-PERPETUAL,TICK,0,3893.3,0
1762010167896,ETH-PERPETUAL,TICK,0,3893.3,0
1762010167900,ETH-PERPETUAL,TICK,0,3893.3,0
1762010167904,ETH-PERPETUAL,TICK,0,3895.65,0
1762010167908,ETH-PERPETUAL,TICK,0,3895.65,0
1762010167933,ETH-PERPETUAL,TICK,0,3893.3,0
1762010167937,ETH-PERPETUAL,TICK,0,3893.3,0
1762010167968,ETH-PERPETUAL,TICK,0,3893.3,0
1762010167974,ETH-PERPETUAL,TICK,0,3893.3,0
1762010167979,ETH-PERPETUAL,TICK,0,3895.5,0
1762010167983,ETH-PERPETUAL,TICK,0,3895.5,0
1762010168007,ETH-PERPETUAL,TICK,0,3893.3,0
1762010168014,ETH-PERPETUAL,TICK,0,3893.3,0
1762010168046,ETH-PERPETUAL,TICK,0,3893.3,0
1762010168051,ETH-PERPETUAL,TICK,0,3893.3,0
1762010168054,ETH-PERPETUAL,TICK,0,3895.45,0
1762010168057,ETH-PERPETUAL,TICK,0,3895.45,0
1762010168082,ETH-PERPETUAL,TICK,0,3893.3,0
1762010168087,ETH-PERPETUAL,TICK,0,3893.3,0
1762010168117,ETH-PERPETUAL,TICK,0,3893.3,0
1762010168122,ETH-PERPETUAL,TICK,0,3893.3,0
1762010168126,ETH-PERPETUAL,TICK,0,3895.4,0
1762010168130,ETH-PERPETUAL,TICK,0,3895.4,0
1762010168155,ETH-PERPETUAL,TICK,0,3893.3,0
1762010168159,ETH-PERPETUAL,TICK,0,3893.3,0
1762010168189,ETH-PERPETUAL,TICK,0,3893.3,0
1762010168194,ETH-PERPETUAL,TICK,0,3893.3,0
1762010168197,ETH-PERPETUAL,TICK,0,3895.1,0
1762010168201,ETH-PERPETUAL,TICK,0,3895.1,0
1762010168226,ETH-PERPETUAL,TICK,0,3893.3,0
1762010168231,ETH-PERPETUAL,TICK,0,3893.3,0
1762010168260,ETH-PERPETUAL,TICK,0,3893.3,0
1762010168265,ETH-PERPETUAL,TICK,0,3893.3,0
1762010168270,ETH-PERPETUAL,TICK,0,3895.05,0
1762010168273,ETH-PERPETUAL,TICK,0,3895.05,0
1762010168297,ETH-PERPETUAL,TICK,0,3893.3,0
1762010168302,ETH-PERPETUAL,TICK,0,3893.3,0
1762010168330,ETH-PERPETUAL,TICK,0,3893.3,0
1762010168336,ETH-PERPETUAL,TICK,0,3893.3,0
1762010168340,ETH-PERPETUAL,TICK,0,3895,0
1762010168344,ETH-PERPETUAL,TICK,0,3895,0
1762010168369,ETH-PERPETUAL,TICK,0,3893.3,0
1762010168374,ETH-PERPETUAL,TICK,0,3893.3,0
1762010168402,ETH-PERPETUAL,TICK,0,3893.3,0
1762010168406,ETH-PERPETUAL,TICK,0,3893.3,0
1762010168410,ETH-PERPETUAL,TICK,0,3894.95,0
1762010168414,ETH-PERPETUAL,TICK,0,3894.95,0
1762010168437,ETH-PERPETUAL,TICK,0,3893.3,0
1762010168441,ETH-PERPETUAL,TICK,0,3893.3,0
1762010168470,ETH-PERPETUAL,TICK,0,3893.3,0
1762010168474,ETH-PERPETUAL,TICK,0,3893.3,0
1762010168479,ETH-PERPETUAL,TICK,0,3894.8,0
1762010168483,ETH-PERPETUAL,TICK,0,3894.8,0
1762010168506,ETH-PERPETUAL,TICK,0,3893.3,0
1762010168511,ETH-PERPETUAL,TICK,0,3893.3,0
1762010168539,ETH-PERPETUAL,TICK,0,3893.3,0
1762010168544,ETH-PERPETUAL,TICK,0,3893.3,0
1762010168548,ETH-PERPETUAL,TICK,0,3894.75,0
1762010168552,ETH-PERPETUAL,TICK,0,3894.75,0
1762010168577,ETH-PERPETUAL,TICK,0,3893.3,0
1762010168581,ETH-PERPETUAL,TICK,0,3893.3,0
1762010168611,ETH-PERPETUAL,TICK,0,3893.3,0
1762010168616,ETH-PERPETUAL,TICK,0,3893.3,0
1762010168620,ETH-PERPETUAL,TICK,0,3894.65,0
1762010168624,ETH-PERPETUAL,TICK,0,3894.65,0
1762010168646,ETH-PERPETUAL,TICK,0,3893.3,0
1762010168649,ETH-PERPETUAL,TICK,0,3893.3,0
1762010168680,ETH-PERPETUAL,TICK,0,3893.3,0
1762010168684,ETH-PERPETUAL,TICK,0,3893.3,0
1762010168856,BTC-PERPETUAL,TICK,0,110210,0
1762010168862,BTC-PERPETUAL,TICK,0,110210,0
1762010168890,BTC-PERPETUAL,TICK,0,110187,0
1762010168893,BTC-PERPETUAL,TICK,0,110187,0
1762010168921,BTC-PERPETUAL,TICK,0,110240,0
1762010168925,BTC-PERPETUAL,TICK,0,110240,0
1762010168957,BTC-PERPETUAL,TICK,0,110188,0
1762010168961,BTC-PERPETUAL,TICK,0,110188,0
1762010168990,BTC-PERPETUAL,TICK,0,110239,0
1762010168994,BTC-PERPETUAL,TICK,0,110239,0
1762010169022,BTC-PERPETUAL,TICK,0,110188,0
1762010169027,BTC-PERPETUAL,TICK,0,110188,0
1762010169058,BTC-PERPETUAL,TICK,0,110238,0
1762010169063,BTC-PERPETUAL,TICK,0,110238,0
1762010169091,BTC-PERPETUAL,TICK,0,110196,0
1762010169095,BTC-PERPETUAL,TICK,0,110196,0
1762010169124,BTC-PERPETUAL,TICK,0,110236,0
1762010169129,BTC-PERPETUAL,TICK,0,110236,0
1762010169157,BTC-PERPETUAL,TICK,0,110197,0
1762010169161,BTC-PERPETUAL,TICK,0,110197,0
1762010169190,BTC-PERPETUAL,TICK,0,110236,0
1762010169195,BTC-PERPETUAL,TICK,0,110236,0
1762010169223,BTC-PERPETUAL,TICK,0,110198,0
1762010169228,BTC-PERPETUAL,TICK,0,110198,0
1762010169256,BTC-PERPETUAL,TICK,0,110235,0
1762010169261,BTC-PERPETUAL,TICK,0,110235,0
1762010169297,BTC-PERPETUAL,TICK,0,110198,0
1762010169303,BTC-PERPETUAL,TICK,0,110198,0
1762010169335,BTC-PERPETUAL,TICK,0,110234,0
1762010169340,BTC-PERPETUAL,TICK,0,110234,0
1762010169373,BTC-PERPETUAL,TICK,0,110200,0
1762010169377,BTC-PERPETUAL,TICK,0,110200,0
1762010169410,BTC-PERPETUAL,TICK,0,110228,0
1762010169415,BTC-PERPETUAL,TICK,0,110228,0
1762010169446,BTC-PERPETUAL,TICK,0,110200,0
1762010169452,BTC-PERPETUAL,TICK,0,110200,0
1762010169481,BTC-PERPETUAL,TICK,0,110232,0
1762010169486,BTC-PERPETUAL,TICK,0,110232,0
1762010169515,BTC-PERPETUAL,TICK,0,110204,0
1762010169520,BTC-PERPETUAL,TICK,0,110204,0
1762010169554,BTC-PERPETUAL,TICK,0,110230,0
1762010169559,BTC-PERPETUAL,TICK,0,110230,0
1762010169589,BTC-PERPETUAL,TICK,0,110204,0
1762010169594,BTC-PERPETUAL,TICK,0,110204,0
1762010169626,BTC-PERPETUAL,TICK,0,110229,0
1762010169630,BTC-PERPETUAL,TICK,0,110229,0
1762010169661,BTC-PERPETUAL,TICK,0,110205,0
1762010169666,BTC-PERPETUAL,TICK,0,110205,0
1762010169695,BTC-PERPETUAL,TICK,0,110228,0
1762010169699,BTC-PERPETUAL,TICK,0,110228,0
1762010169730,BTC-PERPETUAL,TICK,0,110206,0
1762010169735,BTC-PERPETUAL,TICK,0,110206,0
1762010169764,BTC-PERPETUAL,TICK,0,110223,0
1762010169769,BTC-PERPETUAL,TICK,0,110223,0
1762010169799,BTC-PERPETUAL,TICK,0,110206,0
1762010169804,BTC-PERPETUAL,TICK,0,110206,0
1762010169833,BTC-PERPETUAL,TICK,0,110222,0
1762010169838,BTC-PERPETUAL,TICK,0,110222,0
1762010169867,BTC-PERPETUAL,TICK,0,110206,0
1762010169871,BTC-PERPETUAL,TICK,0,110206,0
1762010169903,BTC-PERPETUAL,TICK,0,110220,0
1762010169908,BTC-PERPETUAL,TICK,0,110220,0
1762010169938,BTC-PERPETUAL,TICK,0,110207,0
1762010169943,BTC-PERPETUAL,TICK,0,110207,0
1762010169975,BTC-PERPETUAL,TICK,0,110220,0
1762010169979,BTC-PERPETUAL,TICK,0,110220,0
1762010170012,BTC-PERPETUAL,TICK,0,110208,0
1762010170016,BTC-PERPETUAL,TICK,0,110208,0
1762010170045,BTC-PERPETUAL,TICK,0,110215,0
1762010170050,BTC-PERPETUAL,TICK,0,110215,0
1762010170079,BTC-PERPETUAL,TICK,0,110208,0
1762010170084,BTC-PERPETUAL,TICK,0,110208,0
1762010170113,BTC-PERPETUAL,TICK,0,110212,0
1762010170117,BTC-PERPETUAL,TICK,0,110212,0
1762010170145,BTC-PERPETUAL,TICK,0,110208,0
1762010170150,BTC-PERPETUAL,TICK,0,110208,0
1762010170181,BTC-PERPETUAL,TICK,0,110210,0
1762010170184,BTC-PERPETUAL,TICK,0,110210,0
1762010170215,BTC-PERPETUAL,TICK,0,110209,0
1762010170219,BTC-PERPETUAL,TICK,0,110209,0
1762010172558,ETH-PERPETUAL,TICK,0,3896.45,0
1762010172562,ETH-PERPETUAL,TICK,0,3896.45,0
1762010172601,ETH-PERPETUAL,TICK,0,3893.25,0
1762010172605,ETH-PERPETUAL,TICK,0,3893.25,0
1762010172627,ETH-PERPETUAL,TICK,0,3896.4,0
1762010172631,ETH-PERPETUAL,TICK,0,3896.4,0
1762010172655,ETH-PERPETUAL,TICK,0,3892.65,0
1762010172659,ETH-PERPETUAL,TICK,0,3892.65,0
1762010172683,ETH-PERPETUAL,TICK,0,3896.15,0
1762010172687,ETH-PERPETUAL,TICK,0,3896.15,0
1762010172711,ETH-PERPETUAL,TICK,0,3892.75,0
1762010172714,ETH-PERPETUAL,TICK,0,3892.75,0
1762010172741,ETH-PERPETUAL,TICK,0,3896.1,0
1762010172745,ETH-PERPETUAL,TICK,0,3896.1,0
1762010172772,ETH-PERPETUAL,TICK,0,3892.85,0
1762010172775,ETH-PERPETUAL,TICK,0,3892.85,0
1762010172802,ETH-PERPETUAL,TICK,0,3896,0
1762010172805,ETH-PERPETUAL,TICK,0,3896,0
1762010172833,ETH-PERPETUAL,TICK,0,3892.9,0
1762010172838,ETH-PERPETUAL,TICK,0,3892.9,0
1762010172865,ETH-PERPETUAL,TICK,0,3895.95,0
1762010172870,ETH-PERPETUAL,TICK,0,3895.95,0
1762010172896,ETH-PERPETUAL,TICK,0,3893.15,0
1762010172899,ETH-PERPETUAL,TICK,0,3893.15,0
1762010172932,ETH-PERPETUAL,TICK,0,3895.9,0
1762010172938,ETH-PERPETUAL,TICK,0,3895.9,0
1762010172967,ETH-PERPETUAL,TICK,0,3893.2,0
1762010172973,ETH-PERPETUAL,TICK,0,3893.2,0
1762010173002,ETH-PERPETUAL,TICK,0,3895.85,0
1762010173006,ETH-PERPETUAL,TICK,0,3895.85,0
1762010173038,ETH-PERPETUAL,TICK,0,3893.25,0
1762010173042,ETH-PERPETUAL,TICK,0,3893.25,0
1762010173074,ETH-PERPETUAL,TICK,0,3895.8,0
1762010173079,ETH-PERPETUAL,TICK,0,3895.8,0
1762010173110,ETH-PERPETUAL,TICK,0,3893.3,0
1762010173115,ETH-PERPETUAL,TICK,0,3893.3,0
1762010173145,ETH-PERPETUAL,TICK,0,3893.3,0
1762010173149,ETH-PERPETUAL,TICK,0,3893.3,0
1762010173154,ETH-PERPETUAL,TICK,0,3895.75,0
1762010173157,ETH-PERPETUAL,TICK,0,3895.75,0
1762010173183,ETH-PERPETUAL,TICK,0,3893.3,0
1762010173187,ETH-PERPETUAL,TICK,0,3893.3,0
1762010173216,ETH-PERPETUAL,TICK,0,3893.3,0
1762010173222,ETH-PERPETUAL,TICK,0,3893.3,0
1762010173226,ETH-PERPETUAL,TICK,0,3893.3,0
1762010173230,ETH-PERPETUAL,TICK,0,3893.3,0
1762010173235,ETH-PERPETUAL,TICK,0,3893.3,0
1762010173238,ETH-PERPETUAL,TICK,0,3893.3,0
1762010173257,ETH-PERPETUAL,TICK,0,3895.5,0
1762010173262,ETH-PERPETUAL,TICK,0,3895.5,0
1762010173291,ETH-PERPETUAL,TICK,0,3893.3,0
1762010173296,ETH-PERPETUAL,TICK,0,3893.3,0
1762010173326,ETH-PERPETUAL,TICK,0,3893.3,0
1762010173332,ETH-PERPETUAL,TICK,0,3893.3,0
1762010173337,ETH-PERPETUAL,TICK,0,3895.45,0
1762010173340,ETH-PERPETUAL,TICK,0,3895.45,0
1762010173363,ETH-PERPETUAL,TICK,0,3893.3,0
1762010173367,ETH-PERPETUAL,TICK,0,3893.3,0
1762010173396,ETH-PERPETUAL,TICK,0,3893.3,0
1762010173401,ETH-PERPETUAL,TICK,0,3893.3,0
1762010173406,ETH-PERPETUAL,TICK,0,3895.4,0
1762010173410,ETH-PERPETUAL,TICK,0,3895.4,0
1762010173432,ETH-PERPETUAL,TICK,0,3893.3,0
1762010173435,ETH-PERPETUAL,TICK,0,3893.3,0
1762010173466,ETH-PERPETUAL,TICK,0,3893.3,0
1762010173470,ETH-PERPETUAL,TICK,0,3893.3,0
1762010173474,ETH-PERPETUAL,TICK,0,3895.1,0
1762010173478,ETH-PERPETUAL,TICK,0,3895.1,0
1762010173502,ETH-PERPETUAL,TICK,0,3893.3,0
1762010173507,ETH-PERPETUAL,TICK,0,3893.3,0
1762010173535,ETH-PERPETUAL,TICK,0,3893.3,0
1762010173540,ETH-PERPETUAL,TICK,0,3893.3,0
1762010173546,ETH-PERPETUAL,TICK,0,3895.05,0
1762010173550,ETH-PERPETUAL,TICK,0,3895.05,0
1762010173573,ETH-PERPETUAL,TICK,0,3893.3,0
1762010173577,ETH-PERPETUAL,TICK,0,3893.3,0
1762010173605,ETH-PERPETUAL,TICK,0,3893.3,0
1762010173610,ETH-PERPETUAL,TICK,0,3893.3,0
1762010173615,ETH-PERPETUAL,TICK,0,3895,0
1762010173619,ETH-PERPETUAL,TICK,0,3895,0
1762010173644,ETH-PERPETUAL,TICK,0,3893.3,0
1762010173649,ETH-PERPETUAL,TICK,0,3893.3,0
1762010173679,ETH-PERPETUAL,TICK,0,3893.3,0
1762010173683,ETH-PERPETUAL,TICK,0,3893.3,0
1762010173687,ETH-PERPETUAL,TICK,0,3894.8,0
1762010173690,ETH-PERPETUAL,TICK,0,3894.8,0
1762010173716,ETH-PERPETUAL,TICK,0,3893.3,0
1762010173720,ETH-PERPETUAL,TICK,0,3893.3,0
1762010173750,ETH-PERPETUAL,TICK,0,3893.3,0
1762010173754,ETH-PERPETUAL,TICK,0,3893.3,0
1762010173759,ETH-PERPETUAL,TICK,0,3894.75,0
1762010173762,ETH-PERPETUAL,TICK,0,3894.75,0
1762010173786,ETH-PERPETUAL,TICK,0,3893.3,0
1762010173790,ETH-PERPETUAL,TICK,0,3893.3,0
1762010173822,ETH-PERPETUAL,TICK,0,3893.3,0
1762010173828,ETH-PERPETUAL,TICK,0,3893.3,0
1762010173833,ETH-PERPETUAL,TICK,0,3894.65,0
1762010173837,ETH-PERPETUAL,TICK,0,3894.65,0
1762010173860,ETH-PERPETUAL,TICK,0,3893.3,0
1762010173864,ETH-PERPETUAL,TICK,0,3893.3,0
1762010173895,ETH-PERPETUAL,TICK,0,3893.3,0
1762010173899,ETH-PERPETUAL,TICK,0,3893.3,0
1762010174120,BTC-PERPETUAL,TICK,0,110210,0
1762010174123,BTC-PERPETUAL,TICK,0,110210,0
1762010174160,BTC-PERPETUAL,TICK,0,110187,0
1762010174165,BTC-PERPETUAL,TICK,0,110187,0
1762010174197,BTC-PERPETUAL,TICK,0,110212,0
1762010174202,BTC-PERPETUAL,TICK,0,110212,0
1762010174229,BTC-PERPETUAL,TICK,0,110188,0
1762010174234,BTC-PERPETUAL,TICK,0,110188,0
1762010174261,BTC-PERPETUAL,TICK,0,110238,0
1762010174266,BTC-PERPETUAL,TICK,0,110238,0
1762010174295,BTC-PERPETUAL,TICK,0,110188,0
1762010174300,BTC-PERPETUAL,TICK,0,110188,0
1762010174331,BTC-PERPETUAL,TICK,0,110238,0
1762010174336,BTC-PERPETUAL,TICK,0,110238,0
1762010174363,BTC-PERPETUAL,TICK,0,110196,0
1762010174368,BTC-PERPETUAL,TICK,0,110196,0
1762010174396,BTC-PERPETUAL,TICK,0,110237,0
1762010174400,BTC-PERPETUAL,TICK,0,110237,0
1762010174430,BTC-PERPETUAL,TICK,0,110196,0
1762010174434,BTC-PERPETUAL,TICK,0,110196,0
1762010174462,BTC-PERPETUAL,TICK,0,110236,0
1762010174466,BTC-PERPETUAL,TICK,0,110236,0
1762010174497,BTC-PERPETUAL,TICK,0,110197,0
1762010174502,BTC-PERPETUAL,TICK,0,110197,0
1762010174532,BTC-PERPETUAL,TICK,0,110236,0
1762010174537,BTC-PERPETUAL,TICK,0,110236,0
1762010174567,BTC-PERPETUAL,TICK,0,110198,0
1762010174572,BTC-PERPETUAL,TICK,0,110198,0
1762010174603,BTC-PERPETUAL,TICK,0,110236,0
1762010174608,BTC-PERPETUAL,TICK,0,110236,0
1762010174639,BTC-PERPETUAL,TICK,0,110198,0
1762010174644,BTC-PERPETUAL,TICK,0,110198,0
1762010174674,BTC-PERPETUAL,TICK,0,110232,0
1762010174679,BTC-PERPETUAL,TICK,0,110232,0
1762010174711,BTC-PERPETUAL,TICK,0,110200,0
1762010174715,BTC-PERPETUAL,TICK,0,110200,0
1762010174745,BTC-PERPETUAL,TICK,0,110231,0
1762010174751,BTC-PERPETUAL,TICK,0,110231,0
1762010174780,BTC-PERPETUAL,TICK,0,110203,0
1762010174786,BTC-PERPETUAL,TICK,0,110203,0
1762010174818,BTC-PERPETUAL,TICK,0,110230,0
1762010174823,BTC-PERPETUAL,TICK,0,110230,0
1762010174853,BTC-PERPETUAL,TICK,0,110229,0
1762010174857,BTC-PERPETUAL,TICK,0,110229,0
1762010174889,BTC-PERPETUAL,TICK,0,110205,0
1762010174893,BTC-PERPETUAL,TICK,0,110205,0
1762010174926,BTC-PERPETUAL,TICK,0,110228,0
1762010174931,BTC-PERPETUAL,TICK,0,110228,0
1762010174962,BTC-PERPETUAL,TICK,0,110206,0
1762010174969,BTC-PERPETUAL,TICK,0,110206,0
1762010174999,BTC-PERPETUAL,TICK,0,110223,0
1762010175003,BTC-PERPETUAL,TICK,0,110223,0
1762010175035,BTC-PERPETUAL,TICK,0,110206,0
1762010175040,BTC-PERPETUAL,TICK,0,110206,0
1762010175071,BTC-PERPETUAL,TICK,0,110222,0
1762010175076,BTC-PERPETUAL,TICK,0,110222,0
1762010175107,BTC-PERPETUAL,TICK,0,110206,0
1762010175112,BTC-PERPETUAL,TICK,0,110206,0
1762010175142,BTC-PERPETUAL,TICK,0,110222,0
1762010175146,BTC-PERPETUAL,TICK,0,110222,0
1762010175183,BTC-PERPETUAL,TICK,0,110207,0
1762010175188,BTC-PERPETUAL,TICK,0,110207,0
1762010175221,BTC-PERPETUAL,TICK,0,110220,0
1762010175225,BTC-PERPETUAL,TICK,0,110220,0
1762010175258,BTC-PERPETUAL,TICK,0,110208,0
1762010175261,BTC-PERPETUAL,TICK,0,110208,0
1762010175295,BTC-PERPETUAL,TICK,0,110220,0
1762010175299,BTC-PERPETUAL,TICK,0,110220,0
1762010175332,BTC-PERPETUAL,TICK,0,110208,0
1762010175336,BTC-PERPETUAL,TICK,0,110208,0
1762010175368,BTC-PERPETUAL,TICK,0,110215,0
1762010175372,BTC-PERPETUAL,TICK,0,110215,0
1762010175404,BTC-PERPETUAL,TICK,0,110208,0
1762010175408,BTC-PERPETUAL,TICK,0,110208,0
1762010175442,BTC-PERPETUAL,TICK,0,110210,0
1762010175447,BTC-PERPETUAL,TICK,0,110210,0
1762010175477,BTC-PERPETUAL,TICK,0,110209,0
1762010175483,BTC-PERPETUAL,TICK,0,110209,0
1762010177653,BTC-PERPETUAL,TICK,0,110210,0
1762010177657,BTC-PERPETUAL,TICK,0,110210,0
1762010177825,ETH-PERPETUAL,TICK,0,3896.5,0
1762010177829,ETH-PERPETUAL,TICK,0,3896.5,0
1762010177855,ETH-PERPETUAL,TICK,0,3893.25,0
1762010177859,ETH-PERPETUAL,TICK,0,3893.25,0
1762010177888,ETH-PERPETUAL,TICK,0,3893.3,0
1762010177893,ETH-PERPETUAL,TICK,0,3893.3,0
1762010177897,ETH-PERPETUAL,TICK,0,3896.45,0
1762010177901,ETH-PERPETUAL,TICK,0,3896.45,0
1762010177927,ETH-PERPETUAL,TICK,0,3893.3,0
1762010177931,ETH-PERPETUAL,TICK,0,3893.3,0
1762010177965,ETH-PERPETUAL,TICK,0,3893.3,0
1762010177969,ETH-PERPETUAL,TICK,0,3893.3,0
1762010177973,ETH-PERPETUAL,TICK,0,3896.4,0
1762010177977,ETH-PERPETUAL,TICK,0,3896.4,0
1762010178001,ETH-PERPETUAL,TICK,0,3893.3,0
1762010178006,ETH-PERPETUAL,TICK,0,3893.3,0
1762010178036,ETH-PERPETUAL,TICK,0,3893.3,0
1762010178041,ETH-PERPETUAL,TICK,0,3893.3,0
1762010178046,ETH-PERPETUAL,TICK,0,3896.3,0
1762010178050,ETH-PERPETUAL,TICK,0,3896.3,0
1762010178072,ETH-PERPETUAL,TICK,0,3893.3,0
1762010178075,ETH-PERPETUAL,TICK,0,3893.3,0
1762010178104,ETH-PERPETUAL,TICK,0,3893.3,0
1762010178108,ETH-PERPETUAL,TICK,0,3893.3,0
1762010178112,ETH-PERPETUAL,TICK,0,3896.25,0
1762010178116,ETH-PERPETUAL,TICK,0,3896.25,0
1762010178141,ETH-PERPETUAL,TICK,0,3893.3,0
1762010178147,ETH-PERPETUAL,TICK,0,3893.3,0
1762010178176,ETH-PERPETUAL,TICK,0,3893.3,0
1762010178181,ETH-PERPETUAL,TICK,0,3893.3,0
1762010178185,ETH-PERPETUAL,TICK,0,3896.15,0
1762010178189,ETH-PERPETUAL,TICK,0,3896.15,0
1762010178212,ETH-PERPETUAL,TICK,0,3893.3,0
1762010178215,ETH-PERPETUAL,TICK,0,3893.3,0
1762010178245,ETH-PERPETUAL,TICK,0,3893.3,0
1762010178250,ETH-PERPETUAL,TICK,0,3893.3,0
1762010178254,ETH-PERPETUAL,TICK,0,3896.1,0
1762010178258,ETH-PERPETUAL,TICK,0,3896.1,0
1762010178281,ETH-PERPETUAL,TICK,0,3893.3,0
1762010178286,ETH-PERPETUAL,TICK,0,3893.3,0
1762010178316,ETH-PERPETUAL,TICK,0,3893.3,0
1762010178321,ETH-PERPETUAL,TICK,0,3893.3,0
1762010178325,ETH-PERPETUAL,TICK,0,3896.05,0
1762010178329,ETH-PERPETUAL,TICK,0,3896.05,0
1762010178352,ETH-PERPETUAL,TICK,0,3892.9,0
1762010178357,ETH-PERPETUAL,TICK,0,3892.9,0
1762010178386,ETH-PERPETUAL,TICK,0,3893.3,0
1762010178391,ETH-PERPETUAL,TICK,0,3893.3,0
1762010178418,ETH-PERPETUAL,TICK,0,3893.3,0
1762010178422,ETH-PERPETUAL,TICK,0,3893.3,0
1762010178428,ETH-PERPETUAL,TICK,0,3896,0
1762010178431,ETH-PERPETUAL,TICK,0,3896,0
1762010178454,ETH-PERPETUAL,TICK,0,3893.3,0
1762010178457,ETH-PERPETUAL,TICK,0,3893.3,0
1762010178488,ETH-PERPETUAL,TICK,0,3893.3,0
1762010178494,ETH-PERPETUAL,TICK,0,3893.3,0
1762010178498,ETH-PERPETUAL,TICK,0,3895.95,0
1762010178502,ETH-PERPETUAL,TICK,0,3895.95,0
1762010178527,ETH-PERPETUAL,TICK,0,3893.3,0
1762010178532,ETH-PERPETUAL,TICK,0,3893.3,0
1762010178561,ETH-PERPETUAL,TICK,0,3893.3,0
1762010178566,ETH-PERPETUAL,TICK,0,3893.3,0
1762010178570,ETH-PERPETUAL,TICK,0,3895.9,0
1762010178573,ETH-PERPETUAL,TICK,0,3895.9,0
1762010178597,ETH-PERPETUAL,TICK,0,3893.3,0
1762010178602,ETH-PERPETUAL,TICK,0,3893.3,0
1762010178632,ETH-PERPETUAL,TICK,0,3893.3,0
1762010178637,ETH-PERPETUAL,TICK,0,3893.3,0
1762010178642,ETH-PERPETUAL,TICK,0,3895.85,0
1762010178645,ETH-PERPETUAL,TICK,0,3895.85,0
1762010178669,ETH-PERPETUAL,TICK,0,3893.3,0
1762010178673,ETH-PERPETUAL,TICK,0,3893.3,0
1762010178703,ETH-PERPETUAL,TICK,0,3893.3,0
1762010178708,ETH-PERPETUAL,TICK,0,3893.3,0
1762010178713,ETH-PERPETUAL,TICK,0,3895.8,0
1762010178716,ETH-PERPETUAL,TICK,0,3895.8,0
1762010178741,ETH-PERPETUAL,TICK,0,3893.3,0
1762010178745,ETH-PERPETUAL,TICK,0,3893.3,0
1762010178775,ETH-PERPETUAL,TICK,0,3893.3,0
1762010178780,ETH-PERPETUAL,TICK,0,3893.3,0
1762010178784,ETH-PERPETUAL,TICK,0,3895.75,0
1762010178788,ETH-PERPETUAL,TICK,0,3895.75,0
1762010178813,ETH-PERPETUAL,TICK,0,3893.3,0
1762010178818,ETH-PERPETUAL,TICK,0,3893.3,0
1762010178848,ETH-PERPETUAL,TICK,0,3893.3,0
1762010178853,ETH-PERPETUAL,TICK,0,3893.3,0
1762010178858,ETH-PERPETUAL,TICK,0,3895.7,0
1762010178862,ETH-PERPETUAL,TICK,0,3895.7,0
1762010178887,ETH-PERPETUAL,TICK,0,3852.5,0
1762010178892,ETH-PERPETUAL,TICK,0,3852.5,0
1762010178921,ETH-PERPETUAL,TICK,0,3893.3,0
1762010178926,ETH-PERPETUAL,TICK,0,3893.3,0
1762010178956,ETH-PERPETUAL,TICK,0,3893.3,0
1762010178961,ETH-PERPETUAL,TICK,0,3893.3,0
1762010178966,ETH-PERPETUAL,TICK,0,3895.3,0
1762010178970,ETH-PERPETUAL,TICK,0,3895.3,0
1762010178995,ETH-PERPETUAL,TICK,0,3893.3,0
1762010178999,ETH-PERPETUAL,TICK,0,3893.3,0
1762010179031,ETH-PERPETUAL,TICK,0,3893.3,0
1762010179036,ETH-PERPETUAL,TICK,0,3893.3,0
1762010179041,ETH-PERPETUAL,TICK,0,3895.25,0
1762010179045,ETH-PERPETUAL,TICK,0,3895.25,0
1762010179069,ETH-PERPETUAL,TICK,0,3893.3,0
1762010179073,ETH-PERPETUAL,TICK,0,3893.3,0
1762010179104,ETH-PERPETUAL,TICK,0,3893.3,0
1762010179109,ETH-PERPETUAL,TICK,0,3893.3,0
1762010179114,ETH-PERPETUAL,TICK,0,3895.2,0
1762010179117,ETH-PERPETUAL,TICK,0,3895.2,0
1762010179141,ETH-PERPETUAL,TICK,0,3893.3,0
1762010179144,ETH-PERPETUAL,TICK,0,3893.3,0
1762010179178,ETH-PERPETUAL,TICK,0,3893.3,0
1762010179183,ETH-PERPETUAL,TICK,0,3893.3,0
1762010179188,ETH-PERPETUAL,TICK,0,3895,0
1762010179192,ETH-PERPETUAL,TICK,0,3895,0
1762010179217,ETH-PERPETUAL,TICK,0,3893.3,0
1762010179221,ETH-PERPETUAL,TICK,0,3893.3,0
1762010179254,ETH-PERPETUAL,TICK,0,3893.3,0
1762010179259,ETH-PERPETUAL,TICK,0,3893.3,0
1762010179264,ETH-PERPETUAL,TICK,0,3894.65,0
1762010179267,ETH-PERPETUAL,TICK,0,3894.65,0
1762010179292,ETH-PERPETUAL,TICK,0,3893.3,0
1762010179297,ETH-PERPETUAL,TICK,0,3893.3,0
1762010179332,ETH-PERPETUAL,TICK,0,3893.3,0
1762010179336,ETH-PERPETUAL,TICK,0,3893.3,0
1762010179382,BTC-PERPETUAL,TICK,0,110253,0
1762010179388,BTC-PERPETUAL,TICK,0,110253,0
1762010179423,BTC-PERPETUAL,TICK,0,110198,0
1762010179428,BTC-PERPETUAL,TICK,0,110198,0
1762010179458,BTC-PERPETUAL,TICK,0,110252,0
1762010179463,BTC-PERPETUAL,TICK,0,110252,0
1762010179493,BTC-PERPETUAL,TICK,0,110198,0
1762010179499,BTC-PERPETUAL,TICK,0,110198,0
1762010179532,BTC-PERPETUAL,TICK,0,110250,0
1762010179535,BTC-PERPETUAL,TICK,0,110250,0
1762010179569,BTC-PERPETUAL,TICK,0,110200,0
1762010179573,BTC-PERPETUAL,TICK,0,110200,0
1762010179610,BTC-PERPETUAL,TICK,0,110250,0
1762010179615,BTC-PERPETUAL,TICK,0,110250,0
1762010179648,BTC-PERPETUAL,TICK,0,110200,0
1762010179652,BTC-PERPETUAL,TICK,0,110200,0
1762010179685,BTC-PERPETUAL,TICK,0,110249,0
1762010179690,BTC-PERPETUAL,TICK,0,110249,0
1762010179721,BTC-PERPETUAL,TICK,0,110204,0
1762010179725,BTC-PERPETUAL,TICK,0,110204,0
1762010179757,BTC-PERPETUAL,TICK,0,110248,0
1762010179761,BTC-PERPETUAL,TICK,0,110248,0
1762010179793,ETH-PERPETUAL,TICK,0,3881.35,0
1762010179798,ETH-PERPETUAL,TICK,0,3881.35,0
1762010179830,BTC-PERPETUAL,TICK,0,110204,0
1762010179835,BTC-PERPETUAL,TICK,0,110204,0
1762010179868,BTC-PERPETUAL,TICK,0,110248,0
1762010179872,BTC-PERPETUAL,TICK,0,110248,0
1762010179904,ETH-PERPETUAL,TICK,0,3891.25,0
1762010179908,ETH-PERPETUAL,TICK,0,3891.25,0
1762010179939,BTC-PERPETUAL,TICK,0,110206,0
1762010179942,BTC-PERPETUAL,TICK,0,110206,0
1762010179974,BTC-PERPETUAL,TICK,0,110247,0
1762010179979,BTC-PERPETUAL,TICK,0,110247,0
1762010180011,BTC-PERPETUAL,TICK,0,110207,0
1762010180016,BTC-PERPETUAL,TICK,0,110207,0
1762010180049,BTC-PERPETUAL,TICK,0,110245,0
1762010180054,BTC-PERPETUAL,TICK,0,110245,0
1762010180085,BTC-PERPETUAL,TICK,0,110209,0
1762010180090,BTC-PERPETUAL,TICK,0,110209,0
1762010180121,BTC-PERPETUAL,TICK,0,110244,0
1762010180126,BTC-PERPETUAL,TICK,0,110244,0
1762010180160,BTC-PERPETUAL,TICK,0,110210,0
1762010180165,BTC-PERPETUAL,TICK,0,110210,0
1762010180198,BTC-PERPETUAL,TICK,0,110243,0
1762010180203,BTC-PERPETUAL,TICK,0,110243,0
1762010180235,BTC-PERPETUAL,TICK,0,110210,0
1762010180239,BTC-PERPETUAL,TICK,0,110210,0
1762010180271,BTC-PERPETUAL,TICK,0,110242,0
1762010180276,BTC-PERPETUAL,TICK,0,110242,0
1762010180308,BTC-PERPETUAL,TICK,0,110200,0
1762010180314,BTC-PERPETUAL,TICK,0,110200,0
1762010180345,BTC-PERPETUAL,TICK,0,110212,0
1762010180350,BTC-PERPETUAL,TICK,0,110212,0
1762010180355,BTC-PERPETUAL,TICK,0,110212,0
1762010180360,BTC-PERPETUAL,TICK,0,110212,0
1762010180363,BTC-PERPETUAL,TICK,0,110212,0
1762010180367,BTC-PERPETUAL,TICK,0,110212,0
1762010180370,BTC-PERPETUAL,TICK,0,110212,0
1762010180374,BTC-PERPETUAL,TICK,0,110212,0
1762010180378,BTC-PERPETUAL,TICK,0,110212,0
1762010180382,BTC-PERPETUAL,TICK,0,110212,0
1762010180386,BTC-PERPETUAL,TICK,0,110212,0
1762010180390,BTC-PERPETUAL,TICK,0,110212,0
1762010180396,BTC-PERPETUAL,TICK,0,110212,0
1762010180400,BTC-PERPETUAL,TICK,0,110212,0
1762010180404,BTC-PERPETUAL,TICK,0,110212,0
1762010180408,BTC-PERPETUAL,TICK,0,110212,0
1762010180412,BTC-PERPETUAL,TICK,0,110242,0
1762010180416,BTC-PERPETUAL,TICK,0,110242,0
1762010180419,BTC-PERPETUAL,TICK,0,110212,0
1762010180423,BTC-PERPETUAL,TICK,0,110212,0
1762010180427,BTC-PERPETUAL,TICK,0,110212,0
1762010180431,BTC-PERPETUAL,TICK,0,110212,0
1762010180435,ETH-PERPETUAL,TICK,0,3890.9,0
1762010180439,ETH-PERPETUAL,TICK,0,3890.9,0
1762010180465,ETH-PERPETUAL,TICK,0,3890.9,0
1762010180470,ETH-PERPETUAL,TICK,0,3890.9,0
1762010180501,BTC-PERPETUAL,TICK,0,110242,0
1762010180507,BTC-PERPETUAL,TICK,0,110242,0
1762010180539,BTC-PERPETUAL,TICK,0,110212,0
1762010180543,BTC-PERPETUAL,TICK,0,110212,0
1762010180547,BTC-PERPETUAL,TICK,0,110198,0
1762010180551,BTC-PERPETUAL,TICK,0,110198,0
1762010180576,BTC-PERPETUAL,TICK,0,110240,0
1762010180580,BTC-PERPETUAL,TICK,0,110240,0
1762010180617,BTC-PERPETUAL,TICK,0,110212,0
1762010180622,BTC-PERPETUAL,TICK,0,110212,0
1762010180628,BTC-PERPETUAL,TICK,0,110212,0
1762010180634,BTC-PERPETUAL,TICK,0,110212,0
1762010180662,BTC-PERPETUAL,TICK,0,110238,0
1762010180667,BTC-PERPETUAL,TICK,0,110238,0
1762010180705,BTC-PERPETUAL,TICK,0,110212,0
1762010180710,BTC-PERPETUAL,TICK,0,110212,0
1762010180715,BTC-PERPETUAL,TICK,0,110212,0
1762010180720,BTC-PERPETUAL,TICK,0,110212,0
1762010180749,BTC-PERPETUAL,TICK,0,110238,0
1762010180754,BTC-PERPETUAL,TICK,0,110238,0
1762010180790,BTC-PERPETUAL,TICK,0,110212,0
1762010180793,BTC-PERPETUAL,TICK,0,110212,0
1762010180834,BTC-PERPETUAL,TICK,0,110212,0
1762010180839,BTC-PERPETUAL,TICK,0,110212,0
1762010180845,BTC-PERPETUAL,TICK,0,110212,0
1762010180868,BTC-PERPETUAL,TICK,0,110212,0
1762010180874,BTC-PERPETUAL,TICK,0,110212,0
1762010180881,BTC-PERPETUAL,TICK,0,110212,0
1762010180887,BTC-PERPETUAL,TICK,0,110212,0
1762010180891,BTC-PERPETUAL,TICK,0,110212,0
1762010180895,BTC-PERPETUAL,TICK,0,110212,0
1762010180899,BTC-PERPETUAL,TICK,0,110212,0
1762010180903,BTC-PERPETUAL,TICK,0,110237,0
1762010180907,BTC-PERPETUAL,TICK,0,110237,0
1762010180911,BTC-PERPETUAL,TICK,0,110212,0
1762010180915,BTC-PERPETUAL,TICK,0,110212,0
1762010180920,BTC-PERPETUAL,TICK,0,110212,0
1762010180926,BTC-PERPETUAL,TICK,0,110212,0
1762010180931,BTC-PERPETUAL,TICK,0,110212,0
1762010180935,BTC-PERPETUAL,TICK,0,110212,0
1762010180939,BTC-PERPETUAL,TICK,0,110212,0
1762010180943,BTC-PERPETUAL,TICK,0,110212,0
1762010180947,BTC-PERPETUAL,TICK,0,110212,0
1762010180950,BTC-PERPETUAL,TICK,0,110212,0
1762010180955,BTC-PERPETUAL,TICK,0,110226,0
1762010180959,BTC-PERPETUAL,TICK,0,110226,0
1762010180964,BTC-PERPETUAL,TICK,0,110212,0
1762010180969,BTC-PERPETUAL,TICK,0,110212,0
1762010180974,BTC-PERPETUAL,TICK,0,110212,0
1762010180978,BTC-PERPETUAL,TICK,0,110212,0
1762010181004,BTC-PERPETUAL,TICK,0,110220,0
1762010181009,BTC-PERPETUAL,TICK,0,110220,0
1762010181041,BTC-PERPETUAL,TICK,0,110220,0
1762010181046,BTC-PERPETUAL,TICK,0,110220,0
1762010181079,BTC-PERPETUAL,TICK,0,110212,0
1762010181085,BTC-PERPETUAL,TICK,0,110212,0
1762010181091,BTC-PERPETUAL,TICK,0,110212,0
1762010181095,BTC-PERPETUAL,TICK,0,110212,0
1762010181099,BTC-PERPETUAL,TICK,0,110212,0
1762010181103,BTC-PERPETUAL,TICK,0,110212,0
1762010181107,BTC-PERPETUAL,TICK,0,110212,0
1762010181111,BTC-PERPETUAL,TICK,0,110212,0
1762010181115,BTC-PERPETUAL,TICK,0,110212,0
1762010181119,BTC-PERPETUAL,TICK,0,110212,0
1762010181124,BTC-PERPETUAL,TICK,0,110212,0
1762010181128,BTC-PERPETUAL,TICK,0,110212,0
1762010181133,BTC-PERPETUAL,TICK,0,110212,0
1762010181137,BTC-PERPETUAL,TICK,0,110212,0
1762010181140,BTC-PERPETUAL,TICK,0,110212,0
1762010181144,BTC-PERPETUAL,TICK,0,110212,0
1762010181148,BTC-PERPETUAL,TICK,0,110212,0
1762010181151,BTC-PERPETUAL,TICK,0,110212,0
1762010181155,BTC-PERPETUAL,TICK,0,110212,0
1762010181159,BTC-PERPETUAL,TICK,0,110212,0
1762010181164,BTC-PERPETUAL,TICK,0,110212,0
1762010181169,BTC-PERPETUAL,TICK,0,110212,0
1762010181173,BTC-PERPETUAL,TICK,0,110212,0
1762010181177,BTC-PERPETUAL,TICK,0,110212,0
1762010181181,BTC-PERPETUAL,TICK,0,110212,0
1762010181185,BTC-PERPETUAL,TICK,0,110212,0
1762010181189,BTC-PERPETUAL,TICK,0,110212,0
1762010181193,BTC-PERPETUAL,TICK,0,110212,0
1762010181197,BTC-PERPETUAL,TICK,0,110212,0
1762010181201,BTC-PERPETUAL,TICK,0,110212,0
1762010181205,BTC-PERPETUAL,TICK,0,110212,0
1762010181209,BTC-PERPETUAL,TICK,0,110212,0
1762010181212,BTC-PERPETUAL,TICK,0,110212,0
1762010181216,BTC-PERPETUAL,TICK,0,110212,0
1762010181221,BTC-PERPETUAL,TICK,0,110212,0
1762010181225,BTC-PERPETUAL,TICK,0,110212,0
1762010181229,BTC-PERPETUAL,TICK,0,110212,0
1762010181233,BTC-PERPETUAL,TICK,0,110212,0
1762010181238,BTC-PERPETUAL,TICK,0,110212,0
1762010181242,BTC-PERPETUAL,TICK,0,110212,0
1762010181247,BTC-PERPETUAL,TICK,0,110212,0
1762010181251,BTC-PERPETUAL,TICK,0,110212,0
1762010181255,BTC-PERPETUAL,TICK,0,110212,0
1762010181259,BTC-PERPETUAL,TICK,0,110212,0
1762010181263,BTC-PERPETUAL,TICK,0,110212,0
1762010181267,BTC-PERPETUAL,TICK,0,110212,0
1762010181271,ETH-PERPETUAL,TICK,0,3890.9,0
1762010181276,ETH-PERPETUAL,TICK,0,3890.9,0
1762010181280,ETH-PERPETUAL,TICK,0,3890.55,0
1762010181285,ETH-PERPETUAL,TICK,0,3890.55,0
1762010181289,ETH-PERPETUAL,TICK,0,3890.9,0
1762010181293,ETH-PERPETUAL,TICK,0,3890.9,0
1762010181297,ETH-PERPETUAL,TICK,0,3890.55,0
1762010181301,ETH-PERPETUAL,TICK,0,3890.55,0
1762010181305,ETH-PERPETUAL,TICK,0,3890.25,0
1762010181309,ETH-PERPETUAL,TICK,0,3890.25,0
1762010181313,ETH-PERPETUAL,TICK,0,3890,0
1762010181317,ETH-PERPETUAL,TICK,0,3890,0
1762010181321,ETH-PERPETUAL,TICK,0,3890.25,0
1762010181326,ETH-PERPETUAL,TICK,0,3890.25,0
1762010181355,ETH-PERPETUAL,TICK,0,3890,0
1762010181360,ETH-PERPETUAL,TICK,0,3890,0
1762010181392,ETH-PERPETUAL,TICK,0,3889.5,0
1762010181397,ETH-PERPETUAL,TICK,0,3889.5,0
1762010181527,ETH-PERPETUAL,TICK,0,3889.35,0
1762010181531,ETH-PERPETUAL,TICK,0,3889.35,0
1762010181729,ETH-PERPETUAL,TICK,0,3889.5,0
1762010181735,ETH-PERPETUAL,TICK,0,3889.5,0
1762010181889,ETH-PERPETUAL,TICK,0,3889.5,0
1762010181894,ETH-PERPETUAL,TICK,0,3889.5,0
1762010181929,ETH-PERPETUAL,TICK,0,3883,0
1762010181934,ETH-PERPETUAL,TICK,0,3883,0
1762010182183,ETH-PERPETUAL,TICK,0,3889.5,0
1762010182187,ETH-PERPETUAL,TICK,0,3889.5,0
1762010182226,ETH-PERPETUAL,TICK,0,3888.65,0
1762010182228,ETH-PERPETUAL,TICK,0,3888.65,0
1762010182816,ETH-PERPETUAL,TICK,0,3888,0
1762010182821,ETH-PERPETUAL,TICK,0,3888,0
1762010183008,ETH-PERPETUAL,TICK,0,3888.65,0
1762010183012,ETH-PERPETUAL,TICK,0,3888.65,0
1762010183049,ETH-PERPETUAL,TICK,0,3888.65,0
1762010183053,ETH-PERPETUAL,TICK,0,3888.65,0
1762010183091,ETH-PERPETUAL,TICK,0,3896.45,0
1762010183095,ETH-PERPETUAL,TICK,0,3896.45,0
1762010183122,ETH-PERPETUAL,TICK,0,3892.75,0
1762010183126,ETH-PERPETUAL,TICK,0,3892.75,0
1762010183152,ETH-PERPETUAL,TICK,0,3896.4,0
1762010183156,ETH-PERPETUAL,TICK,0,3896.4,0
1762010183182,ETH-PERPETUAL,TICK,0,3892.8,0
1762010183187,ETH-PERPETUAL,TICK,0,3892.8,0
1762010183215,ETH-PERPETUAL,TICK,0,3896.35,0
1762010183220,ETH-PERPETUAL,TICK,0,3896.35,0
1762010183248,ETH-PERPETUAL,TICK,0,3892.85,0
1762010183253,ETH-PERPETUAL,TICK,0,3892.85,0
1762010183280,ETH-PERPETUAL,TICK,0,3896.15,0
1762010183284,ETH-PERPETUAL,TICK,0,3896.15,0
1762010183313,ETH-PERPETUAL,TICK,0,3892.9,0
1762010183318,ETH-PERPETUAL,TICK,0,3892.9,0
1762010183345,ETH-PERPETUAL,TICK,0,3888.65,0
1762010183349,ETH-PERPETUAL,TICK,0,3888.65,0
1762010183377,ETH-PERPETUAL,TICK,0,3896,0
1762010183381,ETH-PERPETUAL,TICK,0,3896,0
1762010183409,ETH-PERPETUAL,TICK,0,3893.15,0
1762010183414,ETH-PERPETUAL,TICK,0,3893.15,0
1762010183442,ETH-PERPETUAL,TICK,0,3895.95,0
1762010183448,ETH-PERPETUAL,TICK,0,3895.95,0
1762010183480,ETH-PERPETUAL,TICK,0,3893.2,0
1762010183486,ETH-PERPETUAL,TICK,0,3893.2,0
1762010183519,ETH-PERPETUAL,TICK,0,3895.9,0
1762010183525,ETH-PERPETUAL,TICK,0,3895.9,0
1762010183556,ETH-PERPETUAL,TICK,0,3893.25,0
1762010183561,ETH-PERPETUAL,TICK,0,3893.25,0
1762010183593,ETH-PERPETUAL,TICK,0,3895.85,0
1762010183598,ETH-PERPETUAL,TICK,0,3895.85,0
1762010183629,ETH-PERPETUAL,TICK,0,3893.3,0
1762010183635,ETH-PERPETUAL,TICK,0,3893.3,0
1762010183670,ETH-PERPETUAL,TICK,0,3893.3,0
1762010183675,ETH-PERPETUAL,TICK,0,3893.3,0
1762010183680,ETH-PERPETUAL,TICK,0,3895.75,0
1762010183684,ETH-PERPETUAL,TICK,0,3895.75,0
1762010183713,ETH-PERPETUAL,TICK,0,3893.3,0
1762010183719,ETH-PERPETUAL,TICK,0,3893.3,0
1762010183752,ETH-PERPETUAL,TICK,0,3893.3,0
1762010183757,ETH-PERPETUAL,TICK,0,3893.3,0
1762010183761,ETH-PERPETUAL,TICK,0,3895.7,0
1762010183765,ETH-PERPETUAL,TICK,0,3895.7,0
1762010183789,ETH-PERPETUAL,TICK,0,3893.3,0
1762010183792,ETH-PERPETUAL,TICK,0,3893.3,0
1762010183825,ETH-PERPETUAL,TICK,0,3893.3,0
1762010183830,ETH-PERPETUAL,TICK,0,3893.3,0
1762010183835,ETH-PERPETUAL,TICK,0,3895.55,0
1762010183839,ETH-PERPETUAL,TICK,0,3895.55,0
1762010183861,ETH-PERPETUAL,TICK,0,3893.3,0
1762010183866,ETH-PERPETUAL,TICK,0,3893.3,0
1762010183895,ETH-PERPETUAL,TICK,0,3893.3,0
1762010183900,ETH-PERPETUAL,TICK,0,3893.3,0
1762010183904,ETH-PERPETUAL,TICK,0,3895.45,0
1762010183908,ETH-PERPETUAL,TICK,0,3895.45,0
1762010183932,ETH-PERPETUAL,TICK,0,3893.3,0
1762010183937,ETH-PERPETUAL,TICK,0,3893.3,0
1762010183966,ETH-PERPETUAL,TICK,0,3893.3,0
1762010183971,ETH-PERPETUAL,TICK,0,3893.3,0
1762010183976,ETH-PERPETUAL,TICK,0,3895.4,0
1762010183980,ETH-PERPETUAL,TICK,0,3895.4,0
1762010184003,ETH-PERPETUAL,TICK,0,3893.3,0
1762010184008,ETH-PERPETUAL,TICK,0,3893.3,0
1762010184039,ETH-PERPETUAL,TICK,0,3893.3,0
1762010184044,ETH-PERPETUAL,TICK,0,3893.3,0
1762010184049,ETH-PERPETUAL,TICK,0,3895.25,0
1762010184053,ETH-PERPETUAL,TICK,0,3895.25,0
1762010184082,ETH-PERPETUAL,TICK,0,3893.3,0
1762010184087,ETH-PERPETUAL,TICK,0,3893.3,0
1762010184116,ETH-PERPETUAL,TICK,0,3893.3,0
1762010184123,ETH-PERPETUAL,TICK,0,3893.3,0
1762010184127,ETH-PERPETUAL,TICK,0,3895.15,0
1762010184131,ETH-PERPETUAL,TICK,0,3895.15,0
1762010184156,ETH-PERPETUAL,TICK,0,3893.3,0
1762010184161,ETH-PERPETUAL,TICK,0,3893.3,0
1762010184191,ETH-PERPETUAL,TICK,0,3893.3,0
1762010184196,ETH-PERPETUAL,TICK,0,3893.3,0
1762010184201,ETH-PERPETUAL,TICK,0,3895.05,0
1762010184205,ETH-PERPETUAL,TICK,0,3895.05,0
1762010184228,ETH-PERPETUAL,TICK,0,3893.3,0
1762010184232,ETH-PERPETUAL,TICK,0,3893.3,0
1762010184263,ETH-PERPETUAL,TICK,0,3893.3,0
1762010184268,ETH-PERPETUAL,TICK,0,3893.3,0
1762010184272,ETH-PERPETUAL,TICK,0,3895,0
1762010184276,ETH-PERPETUAL,TICK,0,3895,0
1762010184300,ETH-PERPETUAL,TICK,0,3893.3,0
1762010184303,ETH-PERPETUAL,TICK,0,3893.3,0
1762010184334,ETH-PERPETUAL,TICK,0,3893.3,0
1762010184338,ETH-PERPETUAL,TICK,0,3893.3,0
1762010184342,ETH-PERPETUAL,TICK,0,3894.95,0
1762010184346,ETH-PERPETUAL,TICK,0,3894.95,0
1762010184370,ETH-PERPETUAL,TICK,0,3893.25,0
1762010184374,ETH-PERPETUAL,TICK,0,3893.25,0
1762010184408,ETH-PERPETUAL,TICK,0,3893.3,0
1762010184411,ETH-PERPETUAL,TICK,0,3893.3,0
1762010184445,ETH-PERPETUAL,TICK,0,3893.3,0
1762010184450,ETH-PERPETUAL,TICK,0,3893.3,0
1762010184455,ETH-PERPETUAL,TICK,0,3894.9,0
1762010184459,ETH-PERPETUAL,TICK,0,3894.9,0
1762010184484,ETH-PERPETUAL,TICK,0,3893.3,0
1762010184487,ETH-PERPETUAL,TICK,0,3893.3,0
1762010184522,ETH-PERPETUAL,TICK,0,3893.3,0
1762010184526,ETH-PERPETUAL,TICK,0,3893.3,0
1762010184529,ETH-PERPETUAL,TICK,0,3894.65,0
1762010184533,ETH-PERPETUAL,TICK,0,3894.65,0
1762010184561,ETH-PERPETUAL,TICK,0,3888.25,0
1762010184565,ETH-PERPETUAL,TICK,0,3888.25,0
1762010184598,ETH-PERPETUAL,TICK,0,3893.3,0
1762010184602,ETH-PERPETUAL,TICK,0,3893.3,0
1762010184634,ETH-PERPETUAL,TICK,0,3893.3,0
1762010184639,ETH-PERPETUAL,TICK,0,3893.3,0
1762010184643,ETH-PERPETUAL,TICK,0,3888.45,0
1762010184648,ETH-PERPETUAL,TICK,0,3888.45,0
1762010184673,ETH-PERPETUAL,TICK,0,3888.65,0
1762010184679,ETH-PERPETUAL,TICK,0,3888.65,0
1762010184711,BTC-PERPETUAL,TICK,0,110249,0
1762010184716,BTC-PERPETUAL,TICK,0,110249,0
1762010184748,BTC-PERPETUAL,TICK,0,0,0
1762010184754,BTC-PERPETUAL,TICK,0,0,0
1762010184785,BTC-PERPETUAL,TICK,0,110248,0
1762010184791,BTC-PERPETUAL,TICK,0,110248,0
1762010184824,BTC-PERPETUAL,TICK,0,110202,0
1762010184829,BTC-PERPETUAL,TICK,0,110202,0
1762010184862,BTC-PERPETUAL,TICK,0,110248,0
1762010184867,BTC-PERPETUAL,TICK,0,110248,0
1762010184902,BTC-PERPETUAL,TICK,0,110204,0
1762010184908,BTC-PERPETUAL,TICK,0,110204,0
1762010184941,BTC-PERPETUAL,TICK,0,110247,0
1762010184946,BTC-PERPETUAL,TICK,0,110247,0
1762010184979,BTC-PERPETUAL,TICK,0,110206,0
1762010184984,BTC-PERPETUAL,TICK,0,110206,0
1762010185016,BTC-PERPETUAL,TICK,0,110243,0
1762010185022,BTC-PERPETUAL,TICK,0,110243,0
1762010185054,BTC-PERPETUAL,TICK,0,110207,0
1762010185060,BTC-PERPETUAL,TICK,0,110207,0
1762010185093,BTC-PERPETUAL,TICK,0,110242,0
1762010185099,BTC-PERPETUAL,TICK,0,110242,0
1762010185132,BTC-PERPETUAL,TICK,0,110208,0
1762010185137,BTC-PERPETUAL,TICK,0,110208,0
1762010185169,BTC-PERPETUAL,TICK,0,110209,0
1762010185176,BTC-PERPETUAL,TICK,0,110209,0
1762010185209,BTC-PERPETUAL,TICK,0,110242,0
1762010185214,BTC-PERPETUAL,TICK,0,110242,0
1762010185247,ETH-PERPETUAL,TICK,0,3889,0
1762010185253,ETH-PERPETUAL,TICK,0,3889,0
1762010185287,BTC-PERPETUAL,TICK,0,110209,0
1762010185293,BTC-PERPETUAL,TICK,0,110209,0
1762010185299,BTC-PERPETUAL,TICK,0,110209,0
1762010185304,BTC-PERPETUAL,TICK,0,110209,0
1762010185330,BTC-PERPETUAL,TICK,0,110242,0
1762010185335,BTC-PERPETUAL,TICK,0,110242,0
1762010185371,BTC-PERPETUAL,TICK,0,110210,0
1762010185378,BTC-PERPETUAL,TICK,0,110210,0
1762010185412,BTC-PERPETUAL,TICK,0,110238,0
1762010185417,BTC-PERPETUAL,TICK,0,110238,0
1762010185451,BTC-PERPETUAL,TICK,0,110210,0
1762010185456,BTC-PERPETUAL,TICK,0,110210,0
1762010185490,BTC-PERPETUAL,TICK,0,110238,0
1762010185496,BTC-PERPETUAL,TICK,0,110238,0
1762010185530,BTC-PERPETUAL,TICK,0,110212,0
1762010185536,BTC-PERPETUAL,TICK,0,110212,0
1762010185569,BTC-PERPETUAL,TICK,0,110237,0
1762010185575,BTC-PERPETUAL,TICK,0,110237,0
1762010185607,BTC-PERPETUAL,TICK,0,110214,0
1762010185612,BTC-PERPETUAL,TICK,0,110214,0
1762010185649,BTC-PERPETUAL,TICK,0,110236,0
1762010185655,BTC-PERPETUAL,TICK,0,110236,0
1762010185689,BTC-PERPETUAL,TICK,0,110215,0
1762010185694,BTC-PERPETUAL,TICK,0,110215,0
1762010185729,BTC-PERPETUAL,TICK,0,110236,0
1762010185734,BTC-PERPETUAL,TICK,0,110236,0
1762010185769,BTC-PERPETUAL,TICK,0,110216,0
1762010185774,BTC-PERPETUAL,TICK,0,110216,0
1762010185811,BTC-PERPETUAL,TICK,0,110234,0
1762010185817,BTC-PERPETUAL,TICK,0,110234,0
1762010185849,BTC-PERPETUAL,TICK,0,110217,0
1762010185853,BTC-PERPETUAL,TICK,0,110217,0
1762010185886,ETH-PERPETUAL,TICK,0,3889.25,0
1762010185892,ETH-PERPETUAL,TICK,0,3889.25,0
1762010185926,BTC-PERPETUAL,TICK,0,110232,0
1762010185932,BTC-PERPETUAL,TICK,0,110232,0
1762010185968,ETH-PERPETUAL,TICK,0,3889.25,0
1762010185974,ETH-PERPETUAL,TICK,0,3889.25,0
1762010186014,BTC-PERPETUAL,TICK,0,110218,0
1762010186020,BTC-PERPETUAL,TICK,0,110218,0
1762010186060,BTC-PERPETUAL,TICK,0,110232,0
1762010186066,BTC-PERPETUAL,TICK,0,110232,0
1762010186107,BTC-PERPETUAL,TICK,0,110218,0
1762010186114,BTC-PERPETUAL,TICK,0,110218,0
1762010186153,BTC-PERPETUAL,TICK,0,110231,0
1762010186159,BTC-PERPETUAL,TICK,0,110231,0
1762010186195,BTC-PERPETUAL,TICK,0,110218,0
1762010186201,BTC-PERPETUAL,TICK,0,110218,0
1762010186237,BTC-PERPETUAL,TICK,0,110222,0
1762010186243,BTC-PERPETUAL,TICK,0,110222,0
1762010186280,BTC-PERPETUAL,TICK,0,110219,0
1762010186285,BTC-PERPETUAL,TICK,0,110219,0
1762010186322,BTC-PERPETUAL,TICK,0,110222,0
1762010186327,BTC-PERPETUAL,TICK,0,110222,0
1762010186363,BTC-PERPETUAL,TICK,0,110220,0
1762010186370,BTC-PERPETUAL,TICK,0,110220,0
1762010186406,BTC-PERPETUAL,TICK,0,110220,0
1762010186411,BTC-PERPETUAL,TICK,0,110220,0
1762010186446,BTC-PERPETUAL,TICK,0,110220,0
1762010186451,BTC-PERPETUAL,TICK,0,110220,0
1762010186487,ETH-PERPETUAL,TICK,0,3889.45,0
1762010186492,ETH-PERPETUAL,TICK,0,3889.45,0
1762010187269,ETH-PERPETUAL,TICK,0,3885.1,0
1762010187273,ETH-PERPETUAL,TICK,0,3885.1,0
1762010188377,ETH-PERPETUAL,TICK,0,3895.6,0
1762010188387,ETH-PERPETUAL,TICK,0,3895.6,0
1762010188413,ETH-PERPETUAL,TICK,0,3893.25,0
1762010188417,ETH-PERPETUAL,TICK,0,3893.25,0
1762010188444,ETH-PERPETUAL,TICK,0,3895.45,0
1762010188449,ETH-PERPETUAL,TICK,0,3895.45,0
1762010188473,ETH-PERPETUAL,TICK,0,3892.35,0
1762010188477,ETH-PERPETUAL,TICK,0,3892.35,0
1762010188504,ETH-PERPETUAL,TICK,0,3895.4,0
1762010188508,ETH-PERPETUAL,TICK,0,3895.4,0
1762010188536,ETH-PERPETUAL,TICK,0,3892.4,0
1762010188541,ETH-PERPETUAL,TICK,0,3892.4,0
1762010188571,ETH-PERPETUAL,TICK,0,3895.35,0
1762010188575,ETH-PERPETUAL,TICK,0,3895.35,0
1762010188604,ETH-PERPETUAL,TICK,0,3892.5,0
1762010188608,ETH-PERPETUAL,TICK,0,3892.5,0
1762010188642,ETH-PERPETUAL,TICK,0,3895.15,0
1762010188648,ETH-PERPETUAL,TICK,0,3895.15,0
1762010188682,ETH-PERPETUAL,TICK,0,3892.55,0
1762010188687,ETH-PERPETUAL,TICK,0,3892.55,0
1762010188719,ETH-PERPETUAL,TICK,0,3895.05,0
1762010188724,ETH-PERPETUAL,TICK,0,3895.05,0
1762010188759,ETH-PERPETUAL,TICK,0,3892.6,0
1762010188764,ETH-PERPETUAL,TICK,0,3892.6,0
1762010188797,ETH-PERPETUAL,TICK,0,3895,0
1762010188801,ETH-PERPETUAL,TICK,0,3895,0
1762010188837,ETH-PERPETUAL,TICK,0,3892.65,0
1762010188842,ETH-PERPETUAL,TICK,0,3892.65,0
1762010188877,ETH-PERPETUAL,TICK,0,3894.95,0
1762010188883,ETH-PERPETUAL,TICK,0,3894.95,0
1762010188916,ETH-PERPETUAL,TICK,0,3892.75,0
1762010188921,ETH-PERPETUAL,TICK,0,3892.75,0
1762010188953,ETH-PERPETUAL,TICK,0,3894.9,0
1762010188958,ETH-PERPETUAL,TICK,0,3894.9,0
1762010188991,ETH-PERPETUAL,TICK,0,3892.8,0
1762010188996,ETH-PERPETUAL,TICK,0,3892.8,0
1762010189029,ETH-PERPETUAL,TICK,0,3894.85,0
1762010189035,ETH-PERPETUAL,TICK,0,3894.85,0
1762010189065,ETH-PERPETUAL,TICK,0,3892.85,0
1762010189071,ETH-PERPETUAL,TICK,0,3892.85,0
1762010189104,ETH-PERPETUAL,TICK,0,3894.75,0
1762010189109,ETH-PERPETUAL,TICK,0,3894.75,0
1762010189141,ETH-PERPETUAL,TICK,0,3892.9,0
1762010189146,ETH-PERPETUAL,TICK,0,3892.9,0
1762010189178,ETH-PERPETUAL,TICK,0,3894.7,0
1762010189184,ETH-PERPETUAL,TICK,0,3894.7,0
1762010189215,ETH-PERPETUAL,TICK,0,3893,0
1762010189220,ETH-PERPETUAL,TICK,0,3893,0
1762010189255,ETH-PERPETUAL,TICK,0,3894.65,0
1762010189261,ETH-PERPETUAL,TICK,0,3894.65,0
1762010189292,ETH-PERPETUAL,TICK,0,3893.1,0
1762010189297,ETH-PERPETUAL,TICK,0,3893.1,0
1762010189328,ETH-PERPETUAL,TICK,0,3894.6,0
1762010189333,ETH-PERPETUAL,TICK,0,3894.6,0
1762010189364,ETH-PERPETUAL,TICK,0,3893.15,0
1762010189368,ETH-PERPETUAL,TICK,0,3893.15,0
1762010189400,ETH-PERPETUAL,TICK,0,3894.55,0
1762010189405,ETH-PERPETUAL,TICK,0,3894.55,0
1762010189437,ETH-PERPETUAL,TICK,0,3893.25,0
1762010189442,ETH-PERPETUAL,TICK,0,3893.25,0
1762010189474,ETH-PERPETUAL,TICK,0,3894.5,0
1762010189480,ETH-PERPETUAL,TICK,0,3894.5,0
1762010189511,ETH-PERPETUAL,TICK,0,3893.3,0
1762010189516,ETH-PERPETUAL,TICK,0,3893.3,0
1762010189550,ETH-PERPETUAL,TICK,0,3893.3,0
1762010189555,ETH-PERPETUAL,TICK,0,3893.3,0
1762010189560,ETH-PERPETUAL,TICK,0,3894.45,0
1762010189564,ETH-PERPETUAL,TICK,0,3894.45,0
1762010189590,ETH-PERPETUAL,TICK,0,3893.3,0
1762010189596,ETH-PERPETUAL,TICK,0,3893.3,0
1762010189627,ETH-PERPETUAL,TICK,0,3893.3,0
1762010189632,ETH-PERPETUAL,TICK,0,3893.3,0
1762010189637,ETH-PERPETUAL,TICK,0,3894.15,0
1762010189641,ETH-PERPETUAL,TICK,0,3894.15,0
1762010189666,ETH-PERPETUAL,TICK,0,3893.3,0
1762010189671,ETH-PERPETUAL,TICK,0,3893.3,0
1762010189703,ETH-PERPETUAL,TICK,0,3893.3,0
1762010189709,ETH-PERPETUAL,TICK,0,3893.3,0
1762010189715,ETH-PERPETUAL,TICK,0,3894.05,0
1762010189719,ETH-PERPETUAL,TICK,0,3894.05,0
1762010189744,ETH-PERPETUAL,TICK,0,3893.3,0
1762010189748,ETH-PERPETUAL,TICK,0,3893.3,0
1762010189779,ETH-PERPETUAL,TICK,0,3893.3,0
1762010189784,ETH-PERPETUAL,TICK,0,3893.3,0
1762010189789,ETH-PERPETUAL,TICK,0,3893.75,0
1762010189793,ETH-PERPETUAL,TICK,0,3893.75,0
1762010189818,ETH-PERPETUAL,TICK,0,3893.3,0
1762010189822,ETH-PERPETUAL,TICK,0,3893.3,0
1762010189854,ETH-PERPETUAL,TICK,0,3893.3,0
1762010189859,ETH-PERPETUAL,TICK,0,3893.3,0
1762010189913,BTC-PERPETUAL,TICK,0,110249,0
1762010189918,BTC-PERPETUAL,TICK,0,110249,0
1762010189948,BTC-PERPETUAL,TICK,0,110204,0
1762010189953,BTC-PERPETUAL,TICK,0,110204,0
1762010189984,BTC-PERPETUAL,TICK,0,110248,0
1762010189988,BTC-PERPETUAL,TICK,0,110248,0
1762010190020,BTC-PERPETUAL,TICK,0,110205,0
1762010190025,BTC-PERPETUAL,TICK,0,110205,0
1762010190056,BTC-PERPETUAL,TICK,0,110247,0
1762010190061,BTC-PERPETUAL,TICK,0,110247,0
1762010190093,BTC-PERPETUAL,TICK,0,110208,0
1762010190098,BTC-PERPETUAL,TICK,0,110208,0
1762010190130,BTC-PERPETUAL,TICK,0,110244,0
1762010190135,BTC-PERPETUAL,TICK,0,110244,0
1762010190165,BTC-PERPETUAL,TICK,0,110209,0
1762010190170,BTC-PERPETUAL,TICK,0,110209,0
1762010190201,BTC-PERPETUAL,TICK,0,110243,0
1762010190208,BTC-PERPETUAL,TICK,0,110243,0
1762010190240,BTC-PERPETUAL,TICK,0,110210,0
1762010190246,BTC-PERPETUAL,TICK,0,110210,0
1762010190277,BTC-PERPETUAL,TICK,0,110242,0
1762010190282,BTC-PERPETUAL,TICK,0,110242,0
1762010190314,BTC-PERPETUAL,TICK,0,110212,0
1762010190319,BTC-PERPETUAL,TICK,0,110212,0
1762010190353,BTC-PERPETUAL,TICK,0,110242,0
1762010190359,BTC-PERPETUAL,TICK,0,110242,0
1762010190390,BTC-PERPETUAL,TICK,0,110212,0
1762010190395,BTC-PERPETUAL,TICK,0,110212,0
1762010190428,BTC-PERPETUAL,TICK,0,110241,0
1762010190433,BTC-PERPETUAL,TICK,0,110241,0
1762010190466,BTC-PERPETUAL,TICK,0,110212,0
1762010190471,BTC-PERPETUAL,TICK,0,110212,0
1762010190503,BTC-PERPETUAL,TICK,0,110240,0
1762010190509,BTC-PERPETUAL,TICK,0,110240,0
1762010190543,BTC-PERPETUAL,TICK,0,110213,0
1762010190549,BTC-PERPETUAL,TICK,0,110213,0
1762010190582,BTC-PERPETUAL,TICK,0,110240,0
1762010190586,BTC-PERPETUAL,TICK,0,110240,0
1762010190620,BTC-PERPETUAL,TICK,0,110214,0
1762010190626,BTC-PERPETUAL,TICK,0,110214,0
1762010190658,BTC-PERPETUAL,TICK,0,110239,0
1762010190664,BTC-PERPETUAL,TICK,0,110239,0
1762010190696,BTC-PERPETUAL,TICK,0,110215,0
1762010190700,BTC-PERPETUAL,TICK,0,110215,0
1762010190734,BTC-PERPETUAL,TICK,0,110238,0
1762010190740,BTC-PERPETUAL,TICK,0,110238,0
1762010190773,BTC-PERPETUAL,TICK,0,110216,0
1762010190778,BTC-PERPETUAL,TICK,0,110216,0
1762010190813,BTC-PERPETUAL,TICK,0,110238,0
1762010190818,BTC-PERPETUAL,TICK,0,110238,0
1762010190851,BTC-PERPETUAL,TICK,0,110216,0
1762010190857,BTC-PERPETUAL,TICK,0,110216,0
1762010190890,BTC-PERPETUAL,TICK,0,110238,0
1762010190895,BTC-PERPETUAL,TICK,0,110238,0
1762010190928,BTC-PERPETUAL,TICK,0,110209,0
1762010190933,BTC-PERPETUAL,TICK,0,110209,0
1762010190968,BTC-PERPETUAL,TICK,0,110236,0
1762010190975,BTC-PERPETUAL,TICK,0,110236,0
1762010191007,BTC-PERPETUAL,TICK,0,110218,0
1762010191012,BTC-PERPETUAL,TICK,0,110218,0
1762010191044,BTC-PERPETUAL,TICK,0,110236,0
1762010191048,BTC-PERPETUAL,TICK,0,110236,0
1762010191084,BTC-PERPETUAL,TICK,0,110218,0
1762010191088,BTC-PERPETUAL,TICK,0,110218,0
1762010191125,BTC-PERPETUAL,TICK,0,110234,0
1762010191127,BTC-PERPETUAL,TICK,0,110234,0
1762010191168,BTC-PERPETUAL,TICK,0,110218,0
1762010191173,BTC-PERPETUAL,TICK,0,110218,0
1762010191212,BTC-PERPETUAL,TICK,0,110232,0
1762010191219,BTC-PERPETUAL,TICK,0,110232,0
1762010191258,BTC-PERPETUAL,TICK,0,110219,0
1762010191264,BTC-PERPETUAL,TICK,0,110219,0
1762010191302,BTC-PERPETUAL,TICK,0,110231,0
1762010191308,BTC-PERPETUAL,TICK,0,110231,0
1762010191349,BTC-PERPETUAL,TICK,0,110220,0
1762010191353,BTC-PERPETUAL,TICK,0,110220,0
1762010191391,BTC-PERPETUAL,TICK,0,110220,0
1762010191396,BTC-PERPETUAL,TICK,0,110220,0
1762010191436,BTC-PERPETUAL,TICK,0,110220,0
1762010191442,BTC-PERPETUAL,TICK,0,110220,0
1762010193617,ETH-PERPETUAL,TICK,0,3895.95,0
1762010193622,ETH-PERPETUAL,TICK,0,3895.95,0
1762010193657,ETH-PERPETUAL,TICK,0,3893.25,0
1762010193661,ETH-PERPETUAL,TICK,0,3893.25,0
1762010193690,ETH-PERPETUAL,TICK,0,3895.9,0
1762010193694,ETH-PERPETUAL,TICK,0,3895.9,0
1762010193720,ETH-PERPETUAL,TICK,0,3892.6,0
1762010193724,ETH-PERPETUAL,TICK,0,3892.6,0
1762010193752,ETH-PERPETUAL,TICK,0,3895.85,0
1762010193757,ETH-PERPETUAL,TICK,0,3895.85,0
1762010193784,ETH-PERPETUAL,TICK,0,3892.65,0
1762010193788,ETH-PERPETUAL,TICK,0,3892.65,0
1762010193814,ETH-PERPETUAL,TICK,0,3895.7,0
1762010193817,ETH-PERPETUAL,TICK,0,3895.7,0
1762010193845,ETH-PERPETUAL,TICK,0,3892.75,0
1762010193848,ETH-PERPETUAL,TICK,0,3892.75,0
1762010193877,ETH-PERPETUAL,TICK,0,3895.65,0
1762010193881,ETH-PERPETUAL,TICK,0,3895.65,0
1762010193910,ETH-PERPETUAL,TICK,0,3892.85,0
1762010193913,ETH-PERPETUAL,TICK,0,3892.85,0
1762010193942,ETH-PERPETUAL,TICK,0,3895.45,0
1762010193946,ETH-PERPETUAL,TICK,0,3895.45,0
1762010193978,ETH-PERPETUAL,TICK,0,3892.9,0
1762010193981,ETH-PERPETUAL,TICK,0,3892.9,0
1762010194010,ETH-PERPETUAL,TICK,0,3895.4,0
1762010194014,ETH-PERPETUAL,TICK,0,3895.4,0
1762010194044,ETH-PERPETUAL,TICK,0,3892.95,0
1762010194048,ETH-PERPETUAL,TICK,0,3892.95,0
1762010194079,ETH-PERPETUAL,TICK,0,3895.35,0
1762010194082,ETH-PERPETUAL,TICK,0,3895.35,0
1762010194114,ETH-PERPETUAL,TICK,0,3893,0
1762010194117,ETH-PERPETUAL,TICK,0,3893,0
1762010194148,ETH-PERPETUAL,TICK,0,3895.25,0
1762010194151,ETH-PERPETUAL,TICK,0,3895.25,0
1762010194184,ETH-PERPETUAL,TICK,0,3893.05,0
1762010194187,ETH-PERPETUAL,TICK,0,3893.05,0
1762010194218,ETH-PERPETUAL,TICK,0,3895.15,0
1762010194222,ETH-PERPETUAL,TICK,0,3895.15,0
1762010194257,ETH-PERPETUAL,TICK,0,3893.1,0
1762010194263,ETH-PERPETUAL,TICK,0,3893.1,0
1762010194300,ETH-PERPETUAL,TICK,0,3895.1,0
1762010194304,ETH-PERPETUAL,TICK,0,3895.1,0
1762010194344,ETH-PERPETUAL,TICK,0,3893.15,0
1762010194350,ETH-PERPETUAL,TICK,0,3893.15,0
1762010194385,ETH-PERPETUAL,TICK,0,3895.05,0
1762010194390,ETH-PERPETUAL,TICK,0,3895.05,0
1762010194425,ETH-PERPETUAL,TICK,0,3893.25,0
1762010194428,ETH-PERPETUAL,TICK,0,3893.25,0
1762010194464,ETH-PERPETUAL,TICK,0,3895,0
1762010194470,ETH-PERPETUAL,TICK,0,3895,0
1762010194503,ETH-PERPETUAL,TICK,0,3893.3,0
1762010194508,ETH-PERPETUAL,TICK,0,3893.3,0
1762010194542,ETH-PERPETUAL,TICK,0,3893.3,0
1762010194547,ETH-PERPETUAL,TICK,0,3893.3,0
1762010194552,ETH-PERPETUAL,TICK,0,3894.95,0
1762010194556,ETH-PERPETUAL,TICK,0,3894.95,0
1762010194581,ETH-PERPETUAL,TICK,0,3893.3,0
1762010194585,ETH-PERPETUAL,TICK,0,3893.3,0
1762010194617,ETH-PERPETUAL,TICK,0,3893.3,0
1762010194622,ETH-PERPETUAL,TICK,0,3893.3,0
1762010194627,ETH-PERPETUAL,TICK,0,3894.75,0
1762010194630,ETH-PERPETUAL,TICK,0,3894.75,0
1762010194665,ETH-PERPETUAL,TICK,0,3893.3,0
1762010194670,ETH-PERPETUAL,TICK,0,3893.3,0
1762010194701,ETH-PERPETUAL,TICK,0,3893.3,0
1762010194705,ETH-PERPETUAL,TICK,0,3893.3,0
1762010194709,ETH-PERPETUAL,TICK,0,3894.7,0
1762010194712,ETH-PERPETUAL,TICK,0,3894.7,0
1762010194738,ETH-PERPETUAL,TICK,0,3893.25,0
1762010194741,ETH-PERPETUAL,TICK,0,3893.25,0
1762010194772,ETH-PERPETUAL,TICK,0,3893.3,0
1762010194778,ETH-PERPETUAL,TICK,0,3893.3,0
1762010194809,ETH-PERPETUAL,TICK,0,3893.3,0
1762010194814,ETH-PERPETUAL,TICK,0,3893.3,0
1762010194819,ETH-PERPETUAL,TICK,0,3894.65,0
1762010194822,ETH-PERPETUAL,TICK,0,3894.65,0
1762010194847,ETH-PERPETUAL,TICK,0,3893.3,0
1762010194852,ETH-PERPETUAL,TICK,0,3893.3,0
1762010194884,ETH-PERPETUAL,TICK,0,3893.3,0
1762010194888,ETH-PERPETUAL,TICK,0,3893.3,0
1762010194893,ETH-PERPETUAL,TICK,0,3894.6,0
1762010194897,ETH-PERPETUAL,TICK,0,3894.6,0
1762010194923,ETH-PERPETUAL,TICK,0,3893.3,0
1762010194928,ETH-PERPETUAL,TICK,0,3893.3,0
1762010194959,ETH-PERPETUAL,TICK,0,3893.3,0
1762010194964,ETH-PERPETUAL,TICK,0,3893.3,0
1762010194969,ETH-PERPETUAL,TICK,0,3894.2,0
1762010194973,ETH-PERPETUAL,TICK,0,3894.2,0
1762010194998,ETH-PERPETUAL,TICK,0,3893.3,0
1762010195003,ETH-PERPETUAL,TICK,0,3893.3,0
1762010195035,ETH-PERPETUAL,TICK,0,3893.3,0
1762010195040,ETH-PERPETUAL,TICK,0,3893.3,0
1762010195045,ETH-PERPETUAL,TICK,0,3894,0
1762010195049,ETH-PERPETUAL,TICK,0,3894,0
1762010195073,ETH-PERPETUAL,TICK,0,3893.3,0
1762010195079,ETH-PERPETUAL,TICK,0,3893.3,0
1762010195110,ETH-PERPETUAL,TICK,0,3893.3,0
1762010195115,ETH-PERPETUAL,TICK,0,3893.3,0
1762010195178,BTC-PERPETUAL,TICK,0,110250,0
1762010195183,BTC-PERPETUAL,TICK,0,110250,0
1762010195216,BTC-PERPETUAL,TICK,0,110198,0
1762010195221,BTC-PERPETUAL,TICK,0,110198,0
1762010195254,BTC-PERPETUAL,TICK,0,110249,0
1762010195259,BTC-PERPETUAL,TICK,0,110249,0
1762010195290,BTC-PERPETUAL,TICK,0,110204,0
1762010195294,BTC-PERPETUAL,TICK,0,110204,0
1762010195327,BTC-PERPETUAL,TICK,0,110248,0
1762010195332,BTC-PERPETUAL,TICK,0,110248,0
1762010195365,BTC-PERPETUAL,TICK,0,110208,0
1762010195370,BTC-PERPETUAL,TICK,0,110208,0
1762010195401,BTC-PERPETUAL,TICK,0,110247,0
1762010195406,BTC-PERPETUAL,TICK,0,110247,0
1762010195438,BTC-PERPETUAL,TICK,0,110208,0
1762010195443,BTC-PERPETUAL,TICK,0,110208,0
1762010195474,BTC-PERPETUAL,TICK,0,110246,0
1762010195479,BTC-PERPETUAL,TICK,0,110246,0
1762010195510,BTC-PERPETUAL,TICK,0,110209,0
1762010195515,BTC-PERPETUAL,TICK,0,110209,0
1762010195547,BTC-PERPETUAL,TICK,0,110243,0
1762010195552,BTC-PERPETUAL,TICK,0,110243,0
1762010195584,BTC-PERPETUAL,TICK,0,110210,0
1762010195591,BTC-PERPETUAL,TICK,0,110210,0
1762010195623,BTC-PERPETUAL,TICK,0,110242,0
1762010195628,BTC-PERPETUAL,TICK,0,110242,0
1762010195659,BTC-PERPETUAL,TICK,0,110211,0
1762010195664,BTC-PERPETUAL,TICK,0,110211,0
1762010195695,BTC-PERPETUAL,TICK,0,110242,0
1762010195701,BTC-PERPETUAL,TICK,0,110242,0
1762010195736,BTC-PERPETUAL,TICK,0,110212,0
1762010195741,BTC-PERPETUAL,TICK,0,110212,0
1762010195773,BTC-PERPETUAL,TICK,0,110241,0
1762010195777,BTC-PERPETUAL,TICK,0,110241,0
1762010195809,BTC-PERPETUAL,TICK,0,110212,0
1762010195815,BTC-PERPETUAL,TICK,0,110212,0
1762010195848,BTC-PERPETUAL,TICK,0,110238,0
1762010195853,BTC-PERPETUAL,TICK,0,110238,0
1762010195887,BTC-PERPETUAL,TICK,0,110212,0
1762010195892,BTC-PERPETUAL,TICK,0,110212,0
1762010195924,ETH-PERPETUAL,TICK,0,3893.25,0
1762010195930,ETH-PERPETUAL,TICK,0,3893.25,0
1762010195962,BTC-PERPETUAL,TICK,0,110238,0
1762010195968,BTC-PERPETUAL,TICK,0,110238,0
1762010195999,BTC-PERPETUAL,TICK,0,110214,0
1762010196004,BTC-PERPETUAL,TICK,0,110214,0
1762010196040,BTC-PERPETUAL,TICK,0,110237,0
1762010196047,BTC-PERPETUAL,TICK,0,110237,0
1762010196083,BTC-PERPETUAL,TICK,0,110214,0
1762010196089,BTC-PERPETUAL,TICK,0,110214,0
1762010196126,BTC-PERPETUAL,TICK,0,110236,0
1762010196131,BTC-PERPETUAL,TICK,0,110236,0
1762010196169,BTC-PERPETUAL,TICK,0,110216,0
1762010196175,BTC-PERPETUAL,TICK,0,110216,0
1762010196210,BTC-PERPETUAL,TICK,0,110236,0
1762010196217,BTC-PERPETUAL,TICK,0,110236,0
1762010196256,BTC-PERPETUAL,TICK,0,110217,0
1762010196260,BTC-PERPETUAL,TICK,0,110217,0
1762010196300,BTC-PERPETUAL,TICK,0,110234,0
1762010196307,BTC-PERPETUAL,TICK,0,110234,0
1762010196349,BTC-PERPETUAL,TICK,0,110218,0
1762010196353,BTC-PERPETUAL,TICK,0,110218,0
1762010196399,BTC-PERPETUAL,TICK,0,110234,0
1762010196406,BTC-PERPETUAL,TICK,0,110234,0
1762010196452,BTC-PERPETUAL,TICK,0,110218,0
1762010196458,BTC-PERPETUAL,TICK,0,110218,0
1762010196499,BTC-PERPETUAL,TICK,0,110233,0
1762010196504,BTC-PERPETUAL,TICK,0,110233,0
1762010196546,BTC-PERPETUAL,TICK,0,110218,0
1762010196552,BTC-PERPETUAL,TICK,0,110218,0
1762010196592,BTC-PERPETUAL,TICK,0,110232,0
1762010196599,BTC-PERPETUAL,TICK,0,110232,0
1762010196636,BTC-PERPETUAL,TICK,0,110219,0
1762010196643,BTC-PERPETUAL,TICK,0,110219,0
1762010196679,BTC-PERPETUAL,TICK,0,110232,0
1762010196685,BTC-PERPETUAL,TICK,0,110232,0
1762010196721,BTC-PERPETUAL,TICK,0,110220,0
1762010196725,BTC-PERPETUAL,TICK,0,110220,0
1762010196763,BTC-PERPETUAL,TICK,0,110220,0
1762010196769,BTC-PERPETUAL,TICK,0,110220,0
1762010196807,BTC-PERPETUAL,TICK,0,110220,0
1762010196813,BTC-PERPETUAL,TICK,0,110220,0
1762010197256,ETH-PERPETUAL,TICK,0,3895.95,0
1762010197264,ETH-PERPETUAL,TICK,0,3895.95,0
1762010197302,ETH-PERPETUAL,TICK,0,3893.25,0
1762010197309,ETH-PERPETUAL,TICK,0,3893.25,0
1762010197346,ETH-PERPETUAL,TICK,0,3895.9,0
1762010197350,ETH-PERPETUAL,TICK,0,3895.9,0
1762010197382,ETH-PERPETUAL,TICK,0,3892.6,0
1762010197387,ETH-PERPETUAL,TICK,0,3892.6,0
1762010197415,ETH-PERPETUAL,TICK,0,3895.85,0
1762010197419,ETH-PERPETUAL,TICK,0,3895.85,0
1762010197447,ETH-PERPETUAL,TICK,0,3892.65,0
1762010197452,ETH-PERPETUAL,TICK,0,3892.65,0
1762010197480,ETH-PERPETUAL,TICK,0,3895.7,0
1762010197484,ETH-PERPETUAL,TICK,0,3895.7,0
1762010197512,ETH-PERPETUAL,TICK,0,3892.75,0
1762010197515,ETH-PERPETUAL,TICK,0,3892.75,0
1762010197545,ETH-PERPETUAL,TICK,0,3895.65,0
1762010197550,ETH-PERPETUAL,TICK,0,3895.65,0
1762010197580,ETH-PERPETUAL,TICK,0,3892.8,0
1762010197586,ETH-PERPETUAL,TICK,0,3892.8,0
1762010197615,ETH-PERPETUAL,TICK,0,3895.45,0
1762010197619,ETH-PERPETUAL,TICK,0,3895.45,0
1762010197647,ETH-PERPETUAL,TICK,0,3892.85,0
1762010197652,ETH-PERPETUAL,TICK,0,3892.85,0
1762010197682,ETH-PERPETUAL,TICK,0,3895.4,0
1762010197687,ETH-PERPETUAL,TICK,0,3895.4,0
1762010197716,ETH-PERPETUAL,TICK,0,3892.9,0
1762010197721,ETH-PERPETUAL,TICK,0,3892.9,0
1762010197751,ETH-PERPETUAL,TICK,0,3895.3,0
1762010197756,ETH-PERPETUAL,TICK,0,3895.3,0
1762010197785,ETH-PERPETUAL,TICK,0,3893,0
1762010197790,ETH-PERPETUAL,TICK,0,3893,0
1762010197816,ETH-PERPETUAL,TICK,0,3895.25,0
1762010197821,ETH-PERPETUAL,TICK,0,3895.25,0
1762010197854,ETH-PERPETUAL,TICK,0,3893.05,0
1762010197858,ETH-PERPETUAL,TICK,0,3893.05,0
1762010197891,ETH-PERPETUAL,TICK,0,3895.2,0
1762010197895,ETH-PERPETUAL,TICK,0,3895.2,0
1762010197925,ETH-PERPETUAL,TICK,0,3893.1,0
1762010197929,ETH-PERPETUAL,TICK,0,3893.1,0
1762010197960,ETH-PERPETUAL,TICK,0,3893.15,0
1762010197965,ETH-PERPETUAL,TICK,0,3893.15,0
1762010197994,ETH-PERPETUAL,TICK,0,3895.1,0
1762010198000,ETH-PERPETUAL,TICK,0,3895.1,0
1762010198031,ETH-PERPETUAL,TICK,0,3893.25,0
1762010198036,ETH-PERPETUAL,TICK,0,3893.25,0
1762010198067,ETH-PERPETUAL,TICK,0,3895.05,0
1762010198072,ETH-PERPETUAL,TICK,0,3895.05,0
1762010198104,ETH-PERPETUAL,TICK,0,3893.3,0
1762010198110,ETH-PERPETUAL,TICK,0,3893.3,0
1762010198141,ETH-PERPETUAL,TICK,0,3893.3,0
1762010198146,ETH-PERPETUAL,TICK,0,3893.3,0
1762010198153,ETH-PERPETUAL,TICK,0,3895,0
1762010198158,ETH-PERPETUAL,TICK,0,3895,0
1762010198186,ETH-PERPETUAL,TICK,0,3893.3,0
1762010198192,ETH-PERPETUAL,TICK,0,3893.3,0
1762010198229,ETH-PERPETUAL,TICK,0,3893.3,0
1762010198235,ETH-PERPETUAL,TICK,0,3893.3,0
1762010198240,ETH-PERPETUAL,TICK,0,3894.95,0
1762010198245,ETH-PERPETUAL,TICK,0,3894.95,0
1762010198273,ETH-PERPETUAL,TICK,0,3893.3,0
1762010198279,ETH-PERPETUAL,TICK,0,3893.3,0
1762010198315,ETH-PERPETUAL,TICK,0,3893.3,0
1762010198323,ETH-PERPETUAL,TICK,0,3893.3,0
1762010198329,ETH-PERPETUAL,TICK,0,3894.75,0
1762010198333,ETH-PERPETUAL,TICK,0,3894.75,0
1762010198361,ETH-PERPETUAL,TICK,0,3893.3,0
1762010198367,ETH-PERPETUAL,TICK,0,3893.3,0
1762010198404,ETH-PERPETUAL,TICK,0,3893.3,0
1762010198409,ETH-PERPETUAL,TICK,0,3893.3,0
1762010198415,ETH-PERPETUAL,TICK,0,3894.7,0
1762010198419,ETH-PERPETUAL,TICK,0,3894.7,0
1762010198447,ETH-PERPETUAL,TICK,0,3893.3,0
1762010198452,ETH-PERPETUAL,TICK,0,3893.3,0
1762010198486,ETH-PERPETUAL,TICK,0,3893.3,0
1762010198491,ETH-PERPETUAL,TICK,0,3893.3,0
1762010198496,ETH-PERPETUAL,TICK,0,3894.65,0
1762010198500,ETH-PERPETUAL,TICK,0,3894.65,0
1762010198526,ETH-PERPETUAL,TICK,0,3893.3,0
1762010198531,ETH-PERPETUAL,TICK,0,3893.3,0
1762010198563,ETH-PERPETUAL,TICK,0,3893.3,0
1762010198568,ETH-PERPETUAL,TICK,0,3893.3,0
1762010198573,ETH-PERPETUAL,TICK,0,3894.6,0
1762010198577,ETH-PERPETUAL,TICK,0,3894.6,0
1762010198604,ETH-PERPETUAL,TICK,0,3893.3,0
1762010198609,ETH-PERPETUAL,TICK,0,3893.3,0
1762010198644,ETH-PERPETUAL,TICK,0,3893.3,0
1762010198649,ETH-PERPETUAL,TICK,0,3893.3,0
1762010198655,ETH-PERPETUAL,TICK,0,3894,0
1762010198659,ETH-PERPETUAL,TICK,0,3894,0
1762010198685,ETH-PERPETUAL,TICK,0,3893.3,0
1762010198690,ETH-PERPETUAL,TICK,0,3893.3,0
1762010198719,ETH-PERPETUAL,TICK,0,3893.3,0
1762010198724,ETH-PERPETUAL,TICK,0,3893.3,0
1762010198729,BTC-PERPETUAL,TICK,0,110220,0
1762010198733,BTC-PERPETUAL,TICK,0,110220,0
1762010198819,BTC-PERPETUAL,TICK,0,110250,0
1762010198824,BTC-PERPETUAL,TICK,0,110250,0
1762010198856,BTC-PERPETUAL,TICK,0,110220,0
1762010198861,BTC-PERPETUAL,TICK,0,110220,0
1762010198895,BTC-PERPETUAL,TICK,0,110250,0
1762010198901,BTC-PERPETUAL,TICK,0,110250,0
1762010198933,BTC-PERPETUAL,TICK,0,110208,0
1762010198939,BTC-PERPETUAL,TICK,0,110208,0
1762010198969,BTC-PERPETUAL,TICK,0,110249,0
1762010198974,BTC-PERPETUAL,TICK,0,110249,0
1762010199007,BTC-PERPETUAL,TICK,0,110209,0
1762010199013,BTC-PERPETUAL,TICK,0,110209,0
1762010199046,BTC-PERPETUAL,TICK,0,110248,0
1762010199051,BTC-PERPETUAL,TICK,0,110248,0
1762010199084,BTC-PERPETUAL,TICK,0,110210,0
1762010199087,BTC-PERPETUAL,TICK,0,110210,0
1762010199120,BTC-PERPETUAL,TICK,0,110247,0
1762010199124,BTC-PERPETUAL,TICK,0,110247,0
1762010199155,BTC-PERPETUAL,TICK,0,110210,0
1762010199161,BTC-PERPETUAL,TICK,0,110210,0
1762010199191,BTC-PERPETUAL,TICK,0,110243,0
1762010199196,BTC-PERPETUAL,TICK,0,110243,0
1762010199227,BTC-PERPETUAL,TICK,0,110210,0
1762010199232,BTC-PERPETUAL,TICK,0,110210,0
1762010199264,BTC-PERPETUAL,TICK,0,110242,0
1762010199269,BTC-PERPETUAL,TICK,0,110242,0
1762010199300,BTC-PERPETUAL,TICK,0,110211,0
1762010199305,BTC-PERPETUAL,TICK,0,110211,0
1762010199339,BTC-PERPETUAL,TICK,0,110242,0
1762010199344,BTC-PERPETUAL,TICK,0,110242,0
1762010199375,BTC-PERPETUAL,TICK,0,110212,0
1762010199380,BTC-PERPETUAL,TICK,0,110212,0
1762010199411,BTC-PERPETUAL,TICK,0,110241,0
1762010199416,BTC-PERPETUAL,TICK,0,110241,0
1762010199447,BTC-PERPETUAL,TICK,0,110212,0
1762010199453,BTC-PERPETUAL,TICK,0,110212,0
1762010199490,BTC-PERPETUAL,TICK,0,110238,0
1762010199495,BTC-PERPETUAL,TICK,0,110238,0
1762010199526,BTC-PERPETUAL,TICK,0,110214,0
1762010199530,BTC-PERPETUAL,TICK,0,110214,0
1762010199565,BTC-PERPETUAL,TICK,0,110236,0
1762010199569,BTC-PERPETUAL,TICK,0,110236,0
1762010199603,BTC-PERPETUAL,TICK,0,110216,0
1762010199608,BTC-PERPETUAL,TICK,0,110216,0
1762010199639,BTC-PERPETUAL,TICK,0,110236,0
1762010199643,BTC-PERPETUAL,TICK,0,110236,0
1762010199680,BTC-PERPETUAL,TICK,0,110216,0
1762010199685,BTC-PERPETUAL,TICK,0,110216,0
1762010199716,BTC-PERPETUAL,TICK,0,110235,0
1762010199723,BTC-PERPETUAL,TICK,0,110235,0
1762010199756,BTC-PERPETUAL,TICK,0,110216,0
1762010199760,BTC-PERPETUAL,TICK,0,110216,0
1762010199797,BTC-PERPETUAL,TICK,0,110234,0
1762010199804,BTC-PERPETUAL,TICK,0,110234,0
1762010199838,BTC-PERPETUAL,TICK,0,110217,0
1762010199841,BTC-PERPETUAL,TICK,0,110217,0
1762010199884,BTC-PERPETUAL,TICK,0,110232,0
1762010199888,BTC-PERPETUAL,TICK,0,110232,0
1762010199927,BTC-PERPETUAL,TICK,0,110218,0
1762010199933,BTC-PERPETUAL,TICK,0,110218,0
1762010199975,BTC-PERPETUAL,TICK,0,110232,0
1762010199982,BTC-PERPETUAL,TICK,0,110232,0
1762010200021,BTC-PERPETUAL,TICK,0,110218,0
1762010200027,BTC-PERPETUAL,TICK,0,110218,0
1762010200066,BTC-PERPETUAL,TICK,0,110231,0
1762010200072,BTC-PERPETUAL,TICK,0,110231,0
1762010200109,BTC-PERPETUAL,TICK,0,110218,0
1762010200116,BTC-PERPETUAL,TICK,0,110218,0
1762010200152,BTC-PERPETUAL,TICK,0,110230,0
1762010200158,BTC-PERPETUAL,TICK,0,110230,0
1762010200196,BTC-PERPETUAL,TICK,0,110219,0
1762010200202,BTC-PERPETUAL,TICK,0,110219,0
1762010200236,BTC-PERPETUAL,TICK,0,110221,0
1762010200240,BTC-PERPETUAL,TICK,0,110221,0
1762010200275,BTC-PERPETUAL,TICK,0,110220,0
1762010200280,BTC-PERPETUAL,TICK,0,110220,0
1762010200318,BTC-PERPETUAL,TICK,0,110220,0
1762010200324,BTC-PERPETUAL,TICK,0,110220,0
1762010200358,BTC-PERPETUAL,TICK,0,110220,0
1762010200362,BTC-PERPETUAL,TICK,0,110220,0
1762010202521,ETH-PERPETUAL,TICK,0,3895.1,0
1762010202524,ETH-PERPETUAL,TICK,0,3895.1,0
1762010202562,ETH-PERPETUAL,TICK,0,3893.25,0
1762010202567,ETH-PERPETUAL,TICK,0,3893.25,0
1762010202596,ETH-PERPETUAL,TICK,0,3895.05,0
1762010202600,ETH-PERPETUAL,TICK,0,3895.05,0
1762010202631,ETH-PERPETUAL,TICK,0,3892.25,0
1762010202636,ETH-PERPETUAL,TICK,0,3892.25,0
1762010202666,ETH-PERPETUAL,TICK,0,3895,0
1762010202669,ETH-PERPETUAL,TICK,0,3895,0
1762010202702,ETH-PERPETUAL,TICK,0,3892.3,0
1762010202707,ETH-PERPETUAL,TICK,0,3892.3,0
1762010202736,ETH-PERPETUAL,TICK,0,3894.95,0
1762010202741,ETH-PERPETUAL,TICK,0,3894.95,0
1762010202770,ETH-PERPETUAL,TICK,0,3892.35,0
1762010202775,ETH-PERPETUAL,TICK,0,3892.35,0
1762010202803,ETH-PERPETUAL,TICK,0,3894.9,0
1762010202807,ETH-PERPETUAL,TICK,0,3894.9,0
1762010202837,ETH-PERPETUAL,TICK,0,3892.4,0
1762010202842,ETH-PERPETUAL,TICK,0,3892.4,0
1762010202872,ETH-PERPETUAL,TICK,0,3894.85,0
1762010202875,ETH-PERPETUAL,TICK,0,3894.85,0
1762010202906,ETH-PERPETUAL,TICK,0,3892.45,0
1762010202911,ETH-PERPETUAL,TICK,0,3892.45,0
1762010202940,ETH-PERPETUAL,TICK,0,3894.8,0
1762010202945,ETH-PERPETUAL,TICK,0,3894.8,0
1762010202975,ETH-PERPETUAL,TICK,0,3892.5,0
1762010202979,ETH-PERPETUAL,TICK,0,3892.5,0
1762010203010,ETH-PERPETUAL,TICK,0,3894.75,0
1762010203015,ETH-PERPETUAL,TICK,0,3894.75,0
1762010203044,ETH-PERPETUAL,TICK,0,3892.55,0
1762010203049,ETH-PERPETUAL,TICK,0,3892.55,0
1762010203079,ETH-PERPETUAL,TICK,0,3894.65,0
1762010203085,ETH-PERPETUAL,TICK,0,3894.65,0
1762010203116,ETH-PERPETUAL,TICK,0,3892.6,0
1762010203121,ETH-PERPETUAL,TICK,0,3892.6,0
1762010203156,ETH-PERPETUAL,TICK,0,3894.6,0
1762010203160,ETH-PERPETUAL,TICK,0,3894.6,0
1762010203190,ETH-PERPETUAL,TICK,0,3892.65,0
1762010203196,ETH-PERPETUAL,TICK,0,3892.65,0
1762010203228,ETH-PERPETUAL,TICK,0,3894.55,0
1762010203233,ETH-PERPETUAL,TICK,0,3894.55,0
1762010203266,ETH-PERPETUAL,TICK,0,3892.75,0
1762010203271,ETH-PERPETUAL,TICK,0,3892.75,0
1762010203301,ETH-PERPETUAL,TICK,0,3894.5,0
1762010203306,ETH-PERPETUAL,TICK,0,3894.5,0
1762010203339,ETH-PERPETUAL,TICK,0,3892.85,0
1762010203344,ETH-PERPETUAL,TICK,0,3892.85,0
1762010203375,ETH-PERPETUAL,TICK,0,3894.45,0
1762010203379,ETH-PERPETUAL,TICK,0,3894.45,0
1762010203415,ETH-PERPETUAL,TICK,0,3892.9,0
1762010203420,ETH-PERPETUAL,TICK,0,3892.9,0
1762010203453,ETH-PERPETUAL,TICK,0,3894.4,0
1762010203459,ETH-PERPETUAL,TICK,0,3894.4,0
1762010203490,ETH-PERPETUAL,TICK,0,3893,0
1762010203494,ETH-PERPETUAL,TICK,0,3893,0
1762010203527,ETH-PERPETUAL,TICK,0,3894.15,0
1762010203532,ETH-PERPETUAL,TICK,0,3894.15,0
1762010203563,ETH-PERPETUAL,TICK,0,3893.15,0
1762010203567,ETH-PERPETUAL,TICK,0,3893.15,0
1762010203598,ETH-PERPETUAL,TICK,0,3894.05,0
1762010203603,ETH-PERPETUAL,TICK,0,3894.05,0
1762010203633,ETH-PERPETUAL,TICK,0,3893.25,0
1762010203639,ETH-PERPETUAL,TICK,0,3893.25,0
1762010203670,ETH-PERPETUAL,TICK,0,3894,0
1762010203676,ETH-PERPETUAL,TICK,0,3894,0
1762010203707,ETH-PERPETUAL,TICK,0,3893.3,0
1762010203712,ETH-PERPETUAL,TICK,0,3893.3,0
1762010203746,ETH-PERPETUAL,TICK,0,3893.3,0
1762010203751,ETH-PERPETUAL,TICK,0,3893.3,0
1762010203757,ETH-PERPETUAL,TICK,0,3893.85,0
1762010203760,ETH-PERPETUAL,TICK,0,3893.85,0
1762010203786,ETH-PERPETUAL,TICK,0,3893.3,0
1762010203790,ETH-PERPETUAL,TICK,0,3893.3,0
1762010203821,ETH-PERPETUAL,TICK,0,3893.3,0
1762010203825,ETH-PERPETUAL,TICK,0,3893.3,0
1762010203830,ETH-PERPETUAL,TICK,0,3893.8,0
1762010203833,ETH-PERPETUAL,TICK,0,3893.8,0
1762010203859,ETH-PERPETUAL,TICK,0,3893.3,0
1762010203864,ETH-PERPETUAL,TICK,0,3893.3,0
1762010203897,ETH-PERPETUAL,TICK,0,3893.3,0
1762010203902,ETH-PERPETUAL,TICK,0,3893.3,0
1762010203907,ETH-PERPETUAL,TICK,0,3893.75,0
1762010203911,ETH-PERPETUAL,TICK,0,3893.75,0
1762010203937,ETH-PERPETUAL,TICK,0,3893.3,0
1762010203941,ETH-PERPETUAL,TICK,0,3893.3,0
1762010203974,ETH-PERPETUAL,TICK,0,3893.3,0
1762010203978,ETH-PERPETUAL,TICK,0,3893.3,0
1762010204082,BTC-PERPETUAL,TICK,0,110250,0
1762010204087,BTC-PERPETUAL,TICK,0,110250,0
1762010204121,BTC-PERPETUAL,TICK,0,110220,0
1762010204125,BTC-PERPETUAL,TICK,0,110220,0
1762010204160,BTC-PERPETUAL,TICK,0,110249,0
1762010204164,BTC-PERPETUAL,TICK,0,110249,0
1762010204199,BTC-PERPETUAL,TICK,0,110194,0
1762010204203,BTC-PERPETUAL,TICK,0,110194,0
1762010204236,BTC-PERPETUAL,TICK,0,110247,0
1762010204242,BTC-PERPETUAL,TICK,0,110247,0
1762010204275,BTC-PERPETUAL,TICK,0,110197,0
1762010204280,BTC-PERPETUAL,TICK,0,110197,0
1762010204315,BTC-PERPETUAL,TICK,0,110244,0
1762010204319,BTC-PERPETUAL,TICK,0,110244,0
1762010204354,BTC-PERPETUAL,TICK,0,110198,0
1762010204359,BTC-PERPETUAL,TICK,0,110198,0
1762010204392,BTC-PERPETUAL,TICK,0,110243,0
1762010204396,BTC-PERPETUAL,TICK,0,110243,0
1762010204431,BTC-PERPETUAL,TICK,0,110198,0
1762010204437,BTC-PERPETUAL,TICK,0,110198,0
1762010204471,BTC-PERPETUAL,TICK,0,110242,0
1762010204476,BTC-PERPETUAL,TICK,0,110242,0
1762010204508,BTC-PERPETUAL,TICK,0,110198,0
1762010204513,BTC-PERPETUAL,TICK,0,110198,0
1762010204545,BTC-PERPETUAL,TICK,0,110242,0
1762010204550,BTC-PERPETUAL,TICK,0,110242,0
1762010204582,BTC-PERPETUAL,TICK,0,110199,0
1762010204587,BTC-PERPETUAL,TICK,0,110199,0
1762010204620,BTC-PERPETUAL,TICK,0,110242,0
1762010204625,BTC-PERPETUAL,TICK,0,110242,0
1762010204659,BTC-PERPETUAL,TICK,0,110200,0
1762010204664,BTC-PERPETUAL,TICK,0,110200,0
1762010204696,BTC-PERPETUAL,TICK,0,110241,0
1762010204701,BTC-PERPETUAL,TICK,0,110241,0
1762010204736,BTC-PERPETUAL,TICK,0,110204,0
1762010204741,BTC-PERPETUAL,TICK,0,110204,0
1762010204773,BTC-PERPETUAL,TICK,0,110238,0
1762010204779,BTC-PERPETUAL,TICK,0,110238,0
1762010204810,BTC-PERPETUAL,TICK,0,110205,0
1762010204815,BTC-PERPETUAL,TICK,0,110205,0
1762010204849,BTC-PERPETUAL,TICK,0,110237,0
1762010204855,BTC-PERPETUAL,TICK,0,110237,0
1762010204886,BTC-PERPETUAL,TICK,0,110208,0
1762010204892,BTC-PERPETUAL,TICK,0,110208,0
1762010204927,BTC-PERPETUAL,TICK,0,110236,0
1762010204953,BTC-PERPETUAL,TICK,0,110236,0
1762010204969,BTC-PERPETUAL,TICK,0,110208,0
1762010204977,BTC-PERPETUAL,TICK,0,110208,0
1762010205010,BTC-PERPETUAL,TICK,0,110236,0
1762010205016,BTC-PERPETUAL,TICK,0,110236,0
1762010205060,BTC-PERPETUAL,TICK,0,110209,0
1762010205064,BTC-PERPETUAL,TICK,0,110209,0
1762010205102,BTC-PERPETUAL,TICK,0,110234,0
1762010205108,BTC-PERPETUAL,TICK,0,110234,0
1762010205141,BTC-PERPETUAL,TICK,0,110210,0
1762010205146,BTC-PERPETUAL,TICK,0,110210,0
1762010205178,BTC-PERPETUAL,TICK,0,110232,0
1762010205183,BTC-PERPETUAL,TICK,0,110232,0
1762010205215,BTC-PERPETUAL,TICK,0,110210,0
1762010205221,BTC-PERPETUAL,TICK,0,110210,0
1762010205253,BTC-PERPETUAL,TICK,0,110232,0
1762010205259,BTC-PERPETUAL,TICK,0,110232,0
1762010205294,BTC-PERPETUAL,TICK,0,110214,0
1762010205299,BTC-PERPETUAL,TICK,0,110214,0
1762010205335,BTC-PERPETUAL,TICK,0,110231,0
1762010205341,BTC-PERPETUAL,TICK,0,110231,0
1762010205373,BTC-PERPETUAL,TICK,0,110214,0
1762010205378,BTC-PERPETUAL,TICK,0,110214,0
1762010205415,BTC-PERPETUAL,TICK,0,110230,0
1762010205421,BTC-PERPETUAL,TICK,0,110230,0
1762010205457,BTC-PERPETUAL,TICK,0,110215,0
1762010205463,BTC-PERPETUAL,TICK,0,110215,0
1762010205497,BTC-PERPETUAL,TICK,0,110230,0
1762010205504,BTC-PERPETUAL,TICK,0,110230,0
1762010205542,BTC-PERPETUAL,TICK,0,110216,0
1762010205547,BTC-PERPETUAL,TICK,0,110216,0
1762010205579,BTC-PERPETUAL,TICK,0,110220,0
1762010205585,BTC-PERPETUAL,TICK,0,110220,0
1762010205617,BTC-PERPETUAL,TICK,0,110220,0
1762010205621,BTC-PERPETUAL,TICK,0,110220,0
1762010207787,ETH-PERPETUAL,TICK,0,3895.2,0
1762010207790,ETH-PERPETUAL,TICK,0,3895.2,0
1762010207821,ETH-PERPETUAL,TICK,0,3893.25,0
1762010207826,ETH-PERPETUAL,TICK,0,3893.25,0
1762010207851,ETH-PERPETUAL,TICK,0,3895.15,0
1762010207856,ETH-PERPETUAL,TICK,0,3895.15,0
1762010207884,ETH-PERPETUAL,TICK,0,3892.25,0
1762010207887,ETH-PERPETUAL,TICK,0,3892.25,0
1762010207915,ETH-PERPETUAL,TICK,0,3895.05,0
1762010207919,ETH-PERPETUAL,TICK,0,3895.05,0
1762010207946,ETH-PERPETUAL,TICK,0,3892.35,0
1762010207950,ETH-PERPETUAL,TICK,0,3892.35,0
1762010207977,ETH-PERPETUAL,TICK,0,3895,0
1762010207982,ETH-PERPETUAL,TICK,0,3895,0
1762010208009,ETH-PERPETUAL,TICK,0,3892.4,0
1762010208013,ETH-PERPETUAL,TICK,0,3892.4,0
1762010208043,ETH-PERPETUAL,TICK,0,3894.95,0
1762010208047,ETH-PERPETUAL,TICK,0,3894.95,0
1762010208079,ETH-PERPETUAL,TICK,0,3892.5,0
1762010208084,ETH-PERPETUAL,TICK,0,3892.5,0
1762010208112,ETH-PERPETUAL,TICK,0,3894.9,0
1762010208118,ETH-PERPETUAL,TICK,0,3894.9,0
1762010208153,ETH-PERPETUAL,TICK,0,3892.55,0
1762010208158,ETH-PERPETUAL,TICK,0,3892.55,0
1762010208192,ETH-PERPETUAL,TICK,0,3894.85,0
1762010208198,ETH-PERPETUAL,TICK,0,3894.85,0
1762010208232,ETH-PERPETUAL,TICK,0,3892.6,0
1762010208236,ETH-PERPETUAL,TICK,0,3892.6,0
1762010208271,ETH-PERPETUAL,TICK,0,3894.8,0
1762010208277,ETH-PERPETUAL,TICK,0,3894.8,0
1762010208311,ETH-PERPETUAL,TICK,0,3892.65,0
1762010208316,ETH-PERPETUAL,TICK,0,3892.65,0
1762010208352,ETH-PERPETUAL,TICK,0,3894.75,0
1762010208358,ETH-PERPETUAL,TICK,0,3894.75,0
1762010208391,ETH-PERPETUAL,TICK,0,3892.75,0
1762010208395,ETH-PERPETUAL,TICK,0,3892.75,0
1762010208429,ETH-PERPETUAL,TICK,0,3894.65,0
1762010208435,ETH-PERPETUAL,TICK,0,3894.65,0
1762010208470,ETH-PERPETUAL,TICK,0,3892.85,0
1762010208476,ETH-PERPETUAL,TICK,0,3892.85,0
1762010208509,ETH-PERPETUAL,TICK,0,3892.9,0
1762010208514,ETH-PERPETUAL,TICK,0,3892.9,0
1762010208547,ETH-PERPETUAL,TICK,0,3894.55,0
1762010208553,ETH-PERPETUAL,TICK,0,3894.55,0
1762010208586,ETH-PERPETUAL,TICK,0,3893,0
1762010208592,ETH-PERPETUAL,TICK,0,3893,0
1762010208625,ETH-PERPETUAL,TICK,0,3894.5,0
1762010208631,ETH-PERPETUAL,TICK,0,3894.5,0
1762010208663,ETH-PERPETUAL,TICK,0,3893.25,0
1762010208669,ETH-PERPETUAL,TICK,0,3893.25,0
1762010208703,ETH-PERPETUAL,TICK,0,3894.45,0
1762010208709,ETH-PERPETUAL,TICK,0,3894.45,0
1762010208741,ETH-PERPETUAL,TICK,0,3893.3,0
1762010208746,ETH-PERPETUAL,TICK,0,3893.3,0
1762010208779,ETH-PERPETUAL,TICK,0,3893.3,0
1762010208785,ETH-PERPETUAL,TICK,0,3893.3,0
1762010208790,ETH-PERPETUAL,TICK,0,3894.4,0
1762010208794,ETH-PERPETUAL,TICK,0,3894.4,0
1762010208821,ETH-PERPETUAL,TICK,0,3892.25,0
1762010208826,ETH-PERPETUAL,TICK,0,3892.25,0
1762010208859,ETH-PERPETUAL,TICK,0,3893.3,0
1762010208865,ETH-PERPETUAL,TICK,0,3893.3,0
1762010208870,ETH-PERPETUAL,TICK,0,3894.35,0
1762010208874,ETH-PERPETUAL,TICK,0,3894.35,0
1762010208900,ETH-PERPETUAL,TICK,0,3893.3,0
1762010208904,ETH-PERPETUAL,TICK,0,3893.3,0
1762010208936,ETH-PERPETUAL,TICK,0,3893.3,0
1762010208942,ETH-PERPETUAL,TICK,0,3893.3,0
1762010208946,ETH-PERPETUAL,TICK,0,3894.05,0
1762010208950,ETH-PERPETUAL,TICK,0,3894.05,0
1762010208974,ETH-PERPETUAL,TICK,0,3893.3,0
1762010208978,ETH-PERPETUAL,TICK,0,3893.3,0
1762010209010,ETH-PERPETUAL,TICK,0,3893.3,0
1762010209014,ETH-PERPETUAL,TICK,0,3893.3,0
1762010209019,ETH-PERPETUAL,TICK,0,3894,0
1762010209022,ETH-PERPETUAL,TICK,0,3894,0
1762010209046,ETH-PERPETUAL,TICK,0,3893.3,0
1762010209051,ETH-PERPETUAL,TICK,0,3893.3,0
1762010209081,ETH-PERPETUAL,TICK,0,3893.3,0
1762010209086,ETH-PERPETUAL,TICK,0,3893.3,0
1762010209090,ETH-PERPETUAL,TICK,0,3893.85,0
1762010209094,ETH-PERPETUAL,TICK,0,3893.85,0
1762010209120,ETH-PERPETUAL,TICK,0,3893.3,0
1762010209125,ETH-PERPETUAL,TICK,0,3893.3,0
1762010209156,ETH-PERPETUAL,TICK,0,3893.3,0
1762010209162,ETH-PERPETUAL,TICK,0,3893.3,0
1762010209167,ETH-PERPETUAL,TICK,0,3893.75,0
1762010209171,ETH-PERPETUAL,TICK,0,3893.75,0
1762010209196,ETH-PERPETUAL,TICK,0,3893.3,0
1762010209201,ETH-PERPETUAL,TICK,0,3893.3,0
1762010209232,ETH-PERPETUAL,TICK,0,3893.3,0
1762010209236,ETH-PERPETUAL,TICK,0,3893.3,0
1762010209350,BTC-PERPETUAL,TICK,0,110248,0
1762010209354,BTC-PERPETUAL,TICK,0,110248,0
1762010209385,BTC-PERPETUAL,TICK,0,110220,0
1762010209390,BTC-PERPETUAL,TICK,0,110220,0
1762010209419,BTC-PERPETUAL,TICK,0,110247,0
1762010209423,BTC-PERPETUAL,TICK,0,110247,0
1762010209456,BTC-PERPETUAL,TICK,0,110205,0
1762010209461,BTC-PERPETUAL,TICK,0,110205,0
1762010209494,BTC-PERPETUAL,TICK,0,110246,0
1762010209498,BTC-PERPETUAL,TICK,0,110246,0
1762010209530,BTC-PERPETUAL,TICK,0,110206,0
1762010209535,BTC-PERPETUAL,TICK,0,110206,0
1762010209567,BTC-PERPETUAL,TICK,0,110243,0
1762010209572,BTC-PERPETUAL,TICK,0,110243,0
1762010209603,BTC-PERPETUAL,TICK,0,110207,0
1762010209608,BTC-PERPETUAL,TICK,0,110207,0
1762010209639,BTC-PERPETUAL,TICK,0,110242,0
1762010209644,BTC-PERPETUAL,TICK,0,110242,0
1762010209676,BTC-PERPETUAL,TICK,0,110208,0
1762010209681,BTC-PERPETUAL,TICK,0,110208,0
1762010209713,BTC-PERPETUAL,TICK,0,110242,0
1762010209718,BTC-PERPETUAL,TICK,0,110242,0
1762010209750,BTC-PERPETUAL,TICK,0,110208,0
1762010209755,BTC-PERPETUAL,TICK,0,110208,0
1762010209788,BTC-PERPETUAL,TICK,0,110242,0
1762010209792,BTC-PERPETUAL,TICK,0,110242,0
1762010209826,BTC-PERPETUAL,TICK,0,110209,0
1762010209832,BTC-PERPETUAL,TICK,0,110209,0
1762010209870,BTC-PERPETUAL,TICK,0,110238,0
1762010209877,BTC-PERPETUAL,TICK,0,110238,0
1762010209913,BTC-PERPETUAL,TICK,0,110210,0
1762010209920,BTC-PERPETUAL,TICK,0,110210,0
1762010209958,BTC-PERPETUAL,TICK,0,110238,0
1762010209962,BTC-PERPETUAL,TICK,0,110238,0
1762010209999,BTC-PERPETUAL,TICK,0,110210,0
1762010210004,BTC-PERPETUAL,TICK,0,110210,0
1762010210041,BTC-PERPETUAL,TICK,0,110237,0
1762010210047,BTC-PERPETUAL,TICK,0,110237,0
1762010210082,BTC-PERPETUAL,TICK,0,110214,0
1762010210088,BTC-PERPETUAL,TICK,0,110214,0
1762010210124,BTC-PERPETUAL,TICK,0,110236,0
1762010210130,BTC-PERPETUAL,TICK,0,110236,0
1762010210170,BTC-PERPETUAL,TICK,0,110214,0
1762010210174,BTC-PERPETUAL,TICK,0,110214,0
1762010210218,BTC-PERPETUAL,TICK,0,110236,0
1762010210223,BTC-PERPETUAL,TICK,0,110236,0
1762010210265,BTC-PERPETUAL,TICK,0,110216,0
1762010210272,BTC-PERPETUAL,TICK,0,110216,0
1762010210310,BTC-PERPETUAL,TICK,0,110236,0
1762010210317,BTC-PERPETUAL,TICK,0,110236,0
1762010210352,BTC-PERPETUAL,TICK,0,110216,0
1762010210356,BTC-PERPETUAL,TICK,0,110216,0
1762010210395,BTC-PERPETUAL,TICK,0,110232,0
1762010210400,BTC-PERPETUAL,TICK,0,110232,0
1762010210439,BTC-PERPETUAL,TICK,0,110217,0
1762010210444,BTC-PERPETUAL,TICK,0,110217,0
1762010210479,BTC-PERPETUAL,TICK,0,110232,0
1762010210484,BTC-PERPETUAL,TICK,0,110232,0
1762010210519,BTC-PERPETUAL,TICK,0,110218,0
1762010210524,BTC-PERPETUAL,TICK,0,110218,0
1762010210560,BTC-PERPETUAL,TICK,0,110231,0
1762010210565,BTC-PERPETUAL,TICK,0,110231,0
1762010210601,BTC-PERPETUAL,TICK,0,110218,0
1762010210607,BTC-PERPETUAL,TICK,0,110218,0
1762010210641,BTC-PERPETUAL,TICK,0,110230,0
1762010210646,BTC-PERPETUAL,TICK,0,110230,0
1762010210678,BTC-PERPETUAL,TICK,0,110218,0
1762010210682,BTC-PERPETUAL,TICK,0,110218,0
1762010210717,BTC-PERPETUAL,TICK,0,110230,0
1762010210721,BTC-PERPETUAL,TICK,0,110230,0
1762010210754,BTC-PERPETUAL,TICK,0,110219,0
1762010210758,BTC-PERPETUAL,TICK,0,110219,0
1762010210791,BTC-PERPETUAL,TICK,0,110226,0
1762010210797,BTC-PERPETUAL,TICK,0,110226,0
1762010210830,BTC-PERPETUAL,TICK,0,110220,0
1762010210835,BTC-PERPETUAL,TICK,0,110220,0
1762010210867,BTC-PERPETUAL,TICK,0,110220,0
1762010210871,BTC-PERPETUAL,TICK,0,110220,0
1762010210903,BTC-PERPETUAL,TICK,0,110220,0
1762010210909,BTC-PERPETUAL,TICK,0,110220,0
1762010213057,ETH-PERPETUAL,TICK,0,3895.2,0
1762010213063,ETH-PERPETUAL,TICK,0,3895.2,0
1762010213111,ETH-PERPETUAL,TICK,0,3893.25,0
1762010213115,ETH-PERPETUAL,TICK,0,3893.25,0
1762010213144,ETH-PERPETUAL,TICK,0,3895.15,0
1762010213147,ETH-PERPETUAL,TICK,0,3895.15,0
1762010213176,ETH-PERPETUAL,TICK,0,3892.25,0
1762010213180,ETH-PERPETUAL,TICK,0,3892.25,0
1762010213207,ETH-PERPETUAL,TICK,0,3895.05,0
1762010213210,ETH-PERPETUAL,TICK,0,3895.05,0
1762010213238,ETH-PERPETUAL,TICK,0,3892.35,0
1762010213242,ETH-PERPETUAL,TICK,0,3892.35,0
1762010213269,ETH-PERPETUAL,TICK,0,3895,0
1762010213273,ETH-PERPETUAL,TICK,0,3895,0
1762010213305,ETH-PERPETUAL,TICK,0,3892.4,0
1762010213310,ETH-PERPETUAL,TICK,0,3892.4,0
1762010213337,ETH-PERPETUAL,TICK,0,3894.95,0
1762010213342,ETH-PERPETUAL,TICK,0,3894.95,0
1762010213371,ETH-PERPETUAL,TICK,0,3892.55,0
1762010213374,ETH-PERPETUAL,TICK,0,3892.55,0
1762010213404,ETH-PERPETUAL,TICK,0,3894.9,0
1762010213409,ETH-PERPETUAL,TICK,0,3894.9,0
1762010213436,ETH-PERPETUAL,TICK,0,3892.6,0
1762010213441,ETH-PERPETUAL,TICK,0,3892.6,0
1762010213470,ETH-PERPETUAL,TICK,0,3894.8,0
1762010213474,ETH-PERPETUAL,TICK,0,3894.8,0
1762010213506,ETH-PERPETUAL,TICK,0,3892.65,0
1762010213510,ETH-PERPETUAL,TICK,0,3892.65,0
1762010213540,ETH-PERPETUAL,TICK,0,3894.75,0
1762010213544,ETH-PERPETUAL,TICK,0,3894.75,0
1762010213576,ETH-PERPETUAL,TICK,0,3892.75,0
1762010213580,ETH-PERPETUAL,TICK,0,3892.75,0
1762010213610,ETH-PERPETUAL,TICK,0,3894.65,0
1762010213614,ETH-PERPETUAL,TICK,0,3894.65,0
1762010213643,ETH-PERPETUAL,TICK,0,3892.8,0
1762010213648,ETH-PERPETUAL,TICK,0,3892.8,0
1762010213680,ETH-PERPETUAL,TICK,0,3894.6,0
1762010213685,ETH-PERPETUAL,TICK,0,3894.6,0
1762010213715,ETH-PERPETUAL,TICK,0,3892.85,0
1762010213719,ETH-PERPETUAL,TICK,0,3892.85,0
1762010213749,ETH-PERPETUAL,TICK,0,3894.55,0
1762010213754,ETH-PERPETUAL,TICK,0,3894.55,0
1762010213784,ETH-PERPETUAL,TICK,0,3892.9,0
1762010213789,ETH-PERPETUAL,TICK,0,3892.9,0
1762010213819,ETH-PERPETUAL,TICK,0,3894.5,0
1762010213824,ETH-PERPETUAL,TICK,0,3894.5,0
1762010213858,ETH-PERPETUAL,TICK,0,3893,0
1762010213862,ETH-PERPETUAL,TICK,0,3893,0
1762010213895,ETH-PERPETUAL,TICK,0,3894.45,0
1762010213900,ETH-PERPETUAL,TICK,0,3894.45,0
1762010213929,ETH-PERPETUAL,TICK,0,3893.25,0
1762010213934,ETH-PERPETUAL,TICK,0,3893.25,0
1762010213965,ETH-PERPETUAL,TICK,0,3894.4,0
1762010213970,ETH-PERPETUAL,TICK,0,3894.4,0
1762010213999,ETH-PERPETUAL,TICK,0,3893.3,0
1762010214003,ETH-PERPETUAL,TICK,0,3893.3,0
1762010214036,ETH-PERPETUAL,TICK,0,3893.3,0
1762010214040,ETH-PERPETUAL,TICK,0,3893.3,0
1762010214044,ETH-PERPETUAL,TICK,0,3894.35,0
1762010214048,ETH-PERPETUAL,TICK,0,3894.35,0
1762010214073,ETH-PERPETUAL,TICK,0,3893.3,0
1762010214078,ETH-PERPETUAL,TICK,0,3893.3,0
1762010214110,ETH-PERPETUAL,TICK,0,3893.3,0
1762010214115,ETH-PERPETUAL,TICK,0,3893.3,0
1762010214120,ETH-PERPETUAL,TICK,0,3894.15,0
1762010214125,ETH-PERPETUAL,TICK,0,3894.15,0
1762010214147,ETH-PERPETUAL,TICK,0,3893.3,0
1762010214153,ETH-PERPETUAL,TICK,0,3893.3,0
1762010214184,ETH-PERPETUAL,TICK,0,3893.3,0
1762010214189,ETH-PERPETUAL,TICK,0,3893.3,0
1762010214193,ETH-PERPETUAL,TICK,0,3894.05,0
1762010214197,ETH-PERPETUAL,TICK,0,3894.05,0
1762010214221,ETH-PERPETUAL,TICK,0,3893.3,0
1762010214226,ETH-PERPETUAL,TICK,0,3893.3,0
1762010214257,ETH-PERPETUAL,TICK,0,3893.3,0
1762010214262,ETH-PERPETUAL,TICK,0,3893.3,0
1762010214268,ETH-PERPETUAL,TICK,0,3894,0
1762010214272,ETH-PERPETUAL,TICK,0,3894,0
1762010214300,ETH-PERPETUAL,TICK,0,3893.3,0
1762010214306,ETH-PERPETUAL,TICK,0,3893.3,0
1762010214343,ETH-PERPETUAL,TICK,0,3893.3,0
1762010214349,ETH-PERPETUAL,TICK,0,3893.3,0
1762010214354,ETH-PERPETUAL,TICK,0,3893.85,0
1762010214359,ETH-PERPETUAL,TICK,0,3893.85,0
1762010214387,ETH-PERPETUAL,TICK,0,3893.3,0
1762010214393,ETH-PERPETUAL,TICK,0,3893.3,0
1762010214431,ETH-PERPETUAL,TICK,0,3893.3,0
1762010214437,ETH-PERPETUAL,TICK,0,3893.3,0
1762010214442,ETH-PERPETUAL,TICK,0,3893.75,0
1762010214447,ETH-PERPETUAL,TICK,0,3893.75,0
1762010214474,ETH-PERPETUAL,TICK,0,3893.3,0
1762010214479,ETH-PERPETUAL,TICK,0,3893.3,0
1762010214516,ETH-PERPETUAL,TICK,0,3893.3,0
1762010214521,ETH-PERPETUAL,TICK,0,3893.3,0
1762010214625,BTC-PERPETUAL,TICK,0,110246,0
1762010214632,BTC-PERPETUAL,TICK,0,110246,0
1762010214667,BTC-PERPETUAL,TICK,0,110220,0
1762010214672,BTC-PERPETUAL,TICK,0,110220,0
1762010214704,BTC-PERPETUAL,TICK,0,110246,0
1762010214710,BTC-PERPETUAL,TICK,0,110246,0
1762010214741,BTC-PERPETUAL,TICK,0,110204,0
1762010214745,BTC-PERPETUAL,TICK,0,110204,0
1762010214776,BTC-PERPETUAL,TICK,0,110244,0
1762010214782,BTC-PERPETUAL,TICK,0,110244,0
1762010214813,BTC-PERPETUAL,TICK,0,110205,0
1762010214818,BTC-PERPETUAL,TICK,0,110205,0
1762010214851,BTC-PERPETUAL,TICK,0,110243,0
1762010214855,BTC-PERPETUAL,TICK,0,110243,0
1762010214888,BTC-PERPETUAL,TICK,0,110206,0
1762010214893,BTC-PERPETUAL,TICK,0,110206,0
1762010214925,BTC-PERPETUAL,TICK,0,110242,0
1762010214929,BTC-PERPETUAL,TICK,0,110242,0
1762010214963,BTC-PERPETUAL,TICK,0,110208,0
1762010214968,BTC-PERPETUAL,TICK,0,110208,0
1762010214999,BTC-PERPETUAL,TICK,0,110242,0
1762010215005,BTC-PERPETUAL,TICK,0,110242,0
1762010215037,BTC-PERPETUAL,TICK,0,110208,0
1762010215041,BTC-PERPETUAL,TICK,0,110208,0
1762010215074,BTC-PERPETUAL,TICK,0,110242,0
1762010215079,BTC-PERPETUAL,TICK,0,110242,0
1762010215111,BTC-PERPETUAL,TICK,0,110209,0
1762010215115,BTC-PERPETUAL,TICK,0,110209,0
1762010215149,BTC-PERPETUAL,TICK,0,110239,0
1762010215152,BTC-PERPETUAL,TICK,0,110239,0
1762010215187,BTC-PERPETUAL,TICK,0,110210,0
1762010215192,BTC-PERPETUAL,TICK,0,110210,0
1762010215226,BTC-PERPETUAL,TICK,0,110238,0
1762010215232,BTC-PERPETUAL,TICK,0,110238,0
1762010215265,BTC-PERPETUAL,TICK,0,110210,0
1762010215270,BTC-PERPETUAL,TICK,0,110210,0
1762010215308,BTC-PERPETUAL,TICK,0,110238,0
1762010215313,BTC-PERPETUAL,TICK,0,110238,0
1762010215352,BTC-PERPETUAL,TICK,0,110214,0
1762010215354,BTC-PERPETUAL,TICK,0,110214,0
1762010215396,BTC-PERPETUAL,TICK,0,110236,0
1762010215400,BTC-PERPETUAL,TICK,0,110236,0
1762010215439,BTC-PERPETUAL,TICK,0,110214,0
1762010215445,BTC-PERPETUAL,TICK,0,110214,0
1762010215479,BTC-PERPETUAL,TICK,0,110236,0
1762010215483,BTC-PERPETUAL,TICK,0,110236,0
1762010215519,BTC-PERPETUAL,TICK,0,110216,0
1762010215525,BTC-PERPETUAL,TICK,0,110216,0
1762010215566,BTC-PERPETUAL,TICK,0,110236,0
1762010215572,BTC-PERPETUAL,TICK,0,110236,0
1762010215606,BTC-PERPETUAL,TICK,0,110216,0
1762010215612,BTC-PERPETUAL,TICK,0,110216,0
1762010215645,BTC-PERPETUAL,TICK,0,110232,0
1762010215650,BTC-PERPETUAL,TICK,0,110232,0
1762010215685,BTC-PERPETUAL,TICK,0,110217,0
1762010215691,BTC-PERPETUAL,TICK,0,110217,0
1762010215725,BTC-PERPETUAL,TICK,0,110232,0
1762010215729,BTC-PERPETUAL,TICK,0,110232,0
1762010215763,BTC-PERPETUAL,TICK,0,110218,0
1762010215767,BTC-PERPETUAL,TICK,0,110218,0
1762010215800,BTC-PERPETUAL,TICK,0,110231,0
1762010215806,BTC-PERPETUAL,TICK,0,110231,0
1762010215838,BTC-PERPETUAL,TICK,0,110218,0
1762010215842,BTC-PERPETUAL,TICK,0,110218,0
1762010215878,BTC-PERPETUAL,TICK,0,110230,0
1762010215883,BTC-PERPETUAL,TICK,0,110230,0
1762010215915,BTC-PERPETUAL,TICK,0,110218,0
1762010215920,BTC-PERPETUAL,TICK,0,110218,0
1762010215954,BTC-PERPETUAL,TICK,0,110230,0
1762010215959,BTC-PERPETUAL,TICK,0,110230,0
1762010215991,BTC-PERPETUAL,TICK,0,110219,0
1762010215996,BTC-PERPETUAL,TICK,0,110219,0
1762010216029,BTC-PERPETUAL,TICK,0,110226,0
1762010216033,BTC-PERPETUAL,TICK,0,110226,0
1762010216069,BTC-PERPETUAL,TICK,0,110220,0
1762010216075,BTC-PERPETUAL,TICK,0,110220,0
1762010216108,BTC-PERPETUAL,TICK,0,110220,0
1762010216113,BTC-PERPETUAL,TICK,0,110220,0
1762010216148,BTC-PERPETUAL,TICK,0,110220,0
1762010216154,BTC-PERPETUAL,TICK,0,110220,0
1762010216400,ETH-PERPETUAL,TICK,0,3878.25,0
1762010216406,ETH-PERPETUAL,TICK,0,3878.25,0
1762010216438,ETH-PERPETUAL,TICK,0,3871,0
1762010216442,ETH-PERPETUAL,TICK,0,3871,0
1762010217672,BTC-PERPETUAL,TICK,0,0,0
1762010217677,BTC-PERPETUAL,TICK,0,0,0
1762010217719,ETH-PERPETUAL,TICK,0,0,0
1762010217722,ETH-PERPETUAL,TICK,0,0,0
1762010217821,BTC-PERPETUAL,TICK,0,110118,0
1762010217825,BTC-PERPETUAL,TICK,0,110118,0
1762010217854,BTC-PERPETUAL,TICK,0,110118,0
1762010217856,BTC-PERPETUAL,TICK,0,110118,0
1762010217943,ETH-PERPETUAL,TICK,0,3864.95,0
1762010217948,ETH-PERPETUAL,TICK,0,3864.95,0
1762010217977,ETH-PERPETUAL,TICK,0,3870.6,0
1762010217982,ETH-PERPETUAL,TICK,0,3870.6,0
1762010218009,ETH-PERPETUAL,TICK,0,3871.95,0
1762010218012,ETH-PERPETUAL,TICK,0,3871.95,0
1762010218041,ETH-PERPETUAL,TICK,0,3872.2,0
1762010218046,ETH-PERPETUAL,TICK,0,3872.2,0
1762010218076,ETH-PERPETUAL,TICK,0,3912.35,0
1762010218081,ETH-PERPETUAL,TICK,0,3912.35,0
1762010218108,BTC-PERPETUAL,TICK,0,110122,0
1762010218113,BTC-PERPETUAL,TICK,0,110122,0
1762010218223,ETH-PERPETUAL,TICK,0,3905.7,0
1762010218228,ETH-PERPETUAL,TICK,0,3905.7,0
1762010218339,ETH-PERPETUAL,TICK,0,3893.45,0
1762010218343,ETH-PERPETUAL,TICK,0,3893.45,0
1762010218376,ETH-PERPETUAL,TICK,0,3893.25,0
1762010218380,ETH-PERPETUAL,TICK,0,3893.25,0
1762010218410,BTC-PERPETUAL,TICK,0,110442,0
1762010218415,BTC-PERPETUAL,TICK,0,110442,0
1762010218443,ETH-PERPETUAL,TICK,0,3893.4,0
1762010218447,ETH-PERPETUAL,TICK,0,3893.4,0
1762010218475,ETH-PERPETUAL,TICK,0,3890,0
1762010218479,ETH-PERPETUAL,TICK,0,3890,0
1762010218508,ETH-PERPETUAL,TICK,0,3893.15,0
1762010218513,ETH-PERPETUAL,TICK,0,3893.15,0
1762010218542,ETH-PERPETUAL,TICK,0,3893.25,0
1762010218547,ETH-PERPETUAL,TICK,0,3893.25,0
1762010218553,ETH-PERPETUAL,TICK,0,3890.05,0
1762010218558,ETH-PERPETUAL,TICK,0,3890.05,0
1762010218587,ETH-PERPETUAL,TICK,0,3893.1,0
1762010218591,ETH-PERPETUAL,TICK,0,3893.1,0
1762010218627,ETH-PERPETUAL,TICK,0,3890.1,0
1762010218634,ETH-PERPETUAL,TICK,0,3890.1,0
1762010218668,ETH-PERPETUAL,TICK,0,3892.95,0
1762010218673,ETH-PERPETUAL,TICK,0,3892.95,0
1762010218710,ETH-PERPETUAL,TICK,0,3890.15,0
1762010218716,ETH-PERPETUAL,TICK,0,3890.15,0
1762010218752,ETH-PERPETUAL,TICK,0,3892.85,0
1762010218758,ETH-PERPETUAL,TICK,0,3892.85,0
1762010218792,ETH-PERPETUAL,TICK,0,3890.25,0
1762010218795,ETH-PERPETUAL,TICK,0,3890.25,0
1762010218830,ETH-PERPETUAL,TICK,0,3892.8,0
1762010218835,ETH-PERPETUAL,TICK,0,3892.8,0
1762010218868,ETH-PERPETUAL,TICK,0,3890.3,0
1762010218874,ETH-PERPETUAL,TICK,0,3890.3,0
1762010218909,BTC-PERPETUAL,TICK,0,109980,0
1762010218913,BTC-PERPETUAL,TICK,0,109980,0
1762010218949,BTC-PERPETUAL,TICK,0,110365,0
1762010218954,BTC-PERPETUAL,TICK,0,110365,0
1762010218987,ETH-PERPETUAL,TICK,0,3892.75,0
1762010218992,ETH-PERPETUAL,TICK,0,3892.75,0
1762010219028,ETH-PERPETUAL,TICK,0,3890.35,0
1762010219034,ETH-PERPETUAL,TICK,0,3890.35,0
1762010219067,ETH-PERPETUAL,TICK,0,3892.7,0
1762010219073,ETH-PERPETUAL,TICK,0,3892.7,0
1762010219104,ETH-PERPETUAL,TICK,0,3890.4,0
1762010219109,ETH-PERPETUAL,TICK,0,3890.4,0
1762010219141,ETH-PERPETUAL,TICK,0,3892.65,0
1762010219146,ETH-PERPETUAL,TICK,0,3892.65,0
1762010219179,ETH-PERPETUAL,TICK,0,3890.5,0
1762010219183,ETH-PERPETUAL,TICK,0,3890.5,0
1762010219216,ETH-PERPETUAL,TICK,0,3892.6,0
1762010219223,ETH-PERPETUAL,TICK,0,3892.6,0
1762010219255,ETH-PERPETUAL,TICK,0,3890.55,0
1762010219260,ETH-PERPETUAL,TICK,0,3890.55,0
1762010219292,ETH-PERPETUAL,TICK,0,3892.5,0
1762010219297,ETH-PERPETUAL,TICK,0,3892.5,0
1762010219330,ETH-PERPETUAL,TICK,0,3890.6,0
1762010219336,ETH-PERPETUAL,TICK,0,3890.6,0
1762010219371,BTC-PERPETUAL,TICK,0,110338,0
1762010219376,BTC-PERPETUAL,TICK,0,110338,0
1762010219407,ETH-PERPETUAL,TICK,0,3903.8,0
1762010219412,ETH-PERPETUAL,TICK,0,3903.8,0
1762010219444,ETH-PERPETUAL,TICK,0,3892.45,0
1762010219448,ETH-PERPETUAL,TICK,0,3892.45,0
1762010219480,ETH-PERPETUAL,TICK,0,3890.65,0
1762010219486,ETH-PERPETUAL,TICK,0,3890.65,0
1762010219517,ETH-PERPETUAL,TICK,0,3892.3,0
1762010219522,ETH-PERPETUAL,TICK,0,3892.3,0
1762010219554,ETH-PERPETUAL,TICK,0,3890.75,0
1762010219559,ETH-PERPETUAL,TICK,0,3890.75,0
1762010219592,ETH-PERPETUAL,TICK,0,3892.2,0
1762010219597,ETH-PERPETUAL,TICK,0,3892.2,0
1762010219629,ETH-PERPETUAL,TICK,0,3890.8,0
1762010219634,ETH-PERPETUAL,TICK,0,3890.8,0
1762010219669,ETH-PERPETUAL,TICK,0,3892.15,0
1762010219674,ETH-PERPETUAL,TICK,0,3892.15,0
1762010219707,ETH-PERPETUAL,TICK,0,3890.85,0
1762010219713,ETH-PERPETUAL,TICK,0,3890.85,0
1762010219745,ETH-PERPETUAL,TICK,0,3892.05,0
1762010219750,ETH-PERPETUAL,TICK,0,3892.05,0
1762010219781,ETH-PERPETUAL,TICK,0,3891,0
1762010219785,ETH-PERPETUAL,TICK,0,3891,0
1762010219819,ETH-PERPETUAL,TICK,0,3892,0
1762010219823,ETH-PERPETUAL,TICK,0,3892,0
1762010219857,ETH-PERPETUAL,TICK,0,3891.1,0
1762010219863,ETH-PERPETUAL,TICK,0,3891.1,0
1762010219893,ETH-PERPETUAL,TICK,0,3891.65,0
1762010219898,ETH-PERPETUAL,TICK,0,3891.65,0
1762010219930,ETH-PERPETUAL,TICK,0,3891.15,0
1762010219935,ETH-PERPETUAL,TICK,0,3891.15,0
1762010219968,ETH-PERPETUAL,TICK,0,3891.3,0
1762010219973,ETH-PERPETUAL,TICK,0,3891.3,0
1762010220007,ETH-PERPETUAL,TICK,0,3891.25,0
1762010220012,ETH-PERPETUAL,TICK,0,3891.25,0
1762010220045,BTC-PERPETUAL,TICK,0,110330,0
1762010220050,BTC-PERPETUAL,TICK,0,110330,0
1762010220081,BTC-PERPETUAL,TICK,0,110212,0
1762010220085,BTC-PERPETUAL,TICK,0,110212,0
1762010220120,BTC-PERPETUAL,TICK,0,110246,0
1762010220125,BTC-PERPETUAL,TICK,0,110246,0
1762010220158,BTC-PERPETUAL,TICK,0,110220,0
1762010220163,BTC-PERPETUAL,TICK,0,110220,0
1762010220196,ETH-PERPETUAL,TICK,0,3898.6,0
1762010220201,ETH-PERPETUAL,TICK,0,3898.6,0
1762010220234,BTC-PERPETUAL,TICK,0,110243,0
1762010220240,BTC-PERPETUAL,TICK,0,110243,0
1762010220272,BTC-PERPETUAL,TICK,0,110205,0
1762010220277,BTC-PERPETUAL,TICK,0,110205,0
1762010220321,BTC-PERPETUAL,TICK,0,110242,0
1762010220325,BTC-PERPETUAL,TICK,0,110242,0
1762010220363,BTC-PERPETUAL,TICK,0,110206,0
1762010220368,BTC-PERPETUAL,TICK,0,110206,0
1762010220411,BTC-PERPETUAL,TICK,0,110242,0
1762010220417,BTC-PERPETUAL,TICK,0,110242,0
1762010220452,BTC-PERPETUAL,TICK,0,110207,0
1762010220458,BTC-PERPETUAL,TICK,0,110207,0
1762010220494,BTC-PERPETUAL,TICK,0,110242,0
1762010220497,BTC-PERPETUAL,TICK,0,110242,0
1762010220551,BTC-PERPETUAL,TICK,0,110208,0
1762010220557,BTC-PERPETUAL,TICK,0,110208,0
1762010220614,BTC-PERPETUAL,TICK,0,110241,0
1762010220619,BTC-PERPETUAL,TICK,0,110241,0
1762010220674,BTC-PERPETUAL,TICK,0,110208,0
1762010220681,BTC-PERPETUAL,TICK,0,110208,0
1762010220722,BTC-PERPETUAL,TICK,0,110238,0
1762010220730,BTC-PERPETUAL,TICK,0,110238,0
1762010220775,BTC-PERPETUAL,TICK,0,110208,0
1762010220780,BTC-PERPETUAL,TICK,0,110208,0
1762010220825,BTC-PERPETUAL,TICK,0,110237,0
1762010220833,BTC-PERPETUAL,TICK,0,110237,0
1762010220871,BTC-PERPETUAL,TICK,0,110209,0
1762010220877,BTC-PERPETUAL,TICK,0,110209,0
1762010220915,BTC-PERPETUAL,TICK,0,110236,0
1762010220920,BTC-PERPETUAL,TICK,0,110236,0
1762010220962,BTC-PERPETUAL,TICK,0,110210,0
1762010220966,BTC-PERPETUAL,TICK,0,110210,0
1762010221005,BTC-PERPETUAL,TICK,0,110236,0
1762010221010,BTC-PERPETUAL,TICK,0,110236,0
1762010221046,BTC-PERPETUAL,TICK,0,110210,0
1762010221050,BTC-PERPETUAL,TICK,0,110210,0
1762010221090,BTC-PERPETUAL,TICK,0,110232,0
1762010221094,BTC-PERPETUAL,TICK,0,110232,0
1762010221131,BTC-PERPETUAL,TICK,0,110214,0
1762010221137,BTC-PERPETUAL,TICK,0,110214,0
1762010221173,BTC-PERPETUAL,TICK,0,110232,0
1762010221180,BTC-PERPETUAL,TICK,0,110232,0
1762010221216,BTC-PERPETUAL,TICK,0,110216,0
1762010221220,BTC-PERPETUAL,TICK,0,110216,0
1762010221257,BTC-PERPETUAL,TICK,0,110231,0
1762010221262,BTC-PERPETUAL,TICK,0,110231,0
1762010221299,BTC-PERPETUAL,TICK,0,110216,0
1762010221305,BTC-PERPETUAL,TICK,0,110216,0
1762010221338,BTC-PERPETUAL,TICK,0,110230,0
1762010221344,BTC-PERPETUAL,TICK,0,110230,0
1762010221377,BTC-PERPETUAL,TICK,0,110217,0
1762010221382,BTC-PERPETUAL,TICK,0,110217,0
1762010221415,BTC-PERPETUAL,TICK,0,110228,0
1762010221420,BTC-PERPETUAL,TICK,0,110228,0
1762010221455,BTC-PERPETUAL,TICK,0,110218,0
1762010221461,BTC-PERPETUAL,TICK,0,110218,0
1762010221495,BTC-PERPETUAL,TICK,0,110226,0
1762010221501,BTC-PERPETUAL,TICK,0,110226,0
1762010221532,BTC-PERPETUAL,TICK,0,110218,0
1762010221537,BTC-PERPETUAL,TICK,0,110218,0
1762010221568,BTC-PERPETUAL,TICK,0,110226,0
1762010221574,BTC-PERPETUAL,TICK,0,110226,0
1762010221606,BTC-PERPETUAL,TICK,0,110218,0
1762010221610,BTC-PERPETUAL,TICK,0,110218,0
1762010221646,BTC-PERPETUAL,TICK,0,110225,0
1762010221652,BTC-PERPETUAL,TICK,0,110225,0
1762010221689,BTC-PERPETUAL,TICK,0,110219,0
1762010221693,BTC-PERPETUAL,TICK,0,110219,0
1762010221727,BTC-PERPETUAL,TICK,0,110221,0
1762010221732,BTC-PERPETUAL,TICK,0,110221,0
1762010221764,BTC-PERPETUAL,TICK,0,110220,0
1762010221769,BTC-PERPETUAL,TICK,0,110220,0
1762010221804,BTC-PERPETUAL,TICK,0,110220,0
1762010221809,BTC-PERPETUAL,TICK,0,110220,0
1762010221840,BTC-PERPETUAL,TICK,0,110220,0
1762010221844,BTC-PERPETUAL,TICK,0,110220,0
1762010222278,BTC-PERPETUAL,TICK,0,110212,0
1762010222283,BTC-PERPETUAL,TICK,0,110212,0
1762010223614,ETH-PERPETUAL,TICK,0,3893.15,0
1762010223618,ETH-PERPETUAL,TICK,0,3893.15,0
1762010223655,ETH-PERPETUAL,TICK,0,3889.75,0
1762010223658,ETH-PERPETUAL,TICK,0,3889.75,0
1762010223686,ETH-PERPETUAL,TICK,0,3893.1,0
1762010223691,ETH-PERPETUAL,TICK,0,3893.1,0
1762010223720,ETH-PERPETUAL,TICK,0,3890,0
1762010223723,ETH-PERPETUAL,TICK,0,3890,0
1762010223754,ETH-PERPETUAL,TICK,0,3893.05,0
1762010223759,ETH-PERPETUAL,TICK,0,3893.05,0
1762010223786,ETH-PERPETUAL,TICK,0,3890.05,0
1762010223790,ETH-PERPETUAL,TICK,0,3890.05,0
1762010223821,ETH-PERPETUAL,TICK,0,3893,0
1762010223826,ETH-PERPETUAL,TICK,0,3893,0
1762010223862,ETH-PERPETUAL,TICK,0,3890.15,0
1762010223867,ETH-PERPETUAL,TICK,0,3890.15,0
1762010223896,ETH-PERPETUAL,TICK,0,3892.85,0
1762010223901,ETH-PERPETUAL,TICK,0,3892.85,0
1762010223933,ETH-PERPETUAL,TICK,0,3890.25,0
1762010223937,ETH-PERPETUAL,TICK,0,3890.25,0
1762010223972,ETH-PERPETUAL,TICK,0,3892.8,0
1762010223977,ETH-PERPETUAL,TICK,0,3892.8,0
1762010224011,ETH-PERPETUAL,TICK,0,3890.3,0
1762010224015,ETH-PERPETUAL,TICK,0,3890.3,0
1762010224048,ETH-PERPETUAL,TICK,0,3892.75,0
1762010224054,ETH-PERPETUAL,TICK,0,3892.75,0
1762010224086,ETH-PERPETUAL,TICK,0,3890.4,0
1762010224089,ETH-PERPETUAL,TICK,0,3890.4,0
1762010224125,ETH-PERPETUAL,TICK,0,3892.7,0
1762010224130,ETH-PERPETUAL,TICK,0,3892.7,0
1762010224163,ETH-PERPETUAL,TICK,0,3890.45,0
1762010224168,ETH-PERPETUAL,TICK,0,3890.45,0
1762010224208,ETH-PERPETUAL,TICK,0,3892.65,0
1762010224211,ETH-PERPETUAL,TICK,0,3892.65,0
1762010224245,ETH-PERPETUAL,TICK,0,3890.5,0
1762010224252,ETH-PERPETUAL,TICK,0,3890.5,0
1762010224283,ETH-PERPETUAL,TICK,0,3892.6,0
1762010224288,ETH-PERPETUAL,TICK,0,3892.6,0
1762010224323,ETH-PERPETUAL,TICK,0,3890.55,0
1762010224329,ETH-PERPETUAL,TICK,0,3890.55,0
1762010224360,ETH-PERPETUAL,TICK,0,3892.5,0
1762010224365,ETH-PERPETUAL,TICK,0,3892.5,0
1762010224395,ETH-PERPETUAL,TICK,0,3890.6,0
1762010224400,ETH-PERPETUAL,TICK,0,3890.6,0
1762010224432,ETH-PERPETUAL,TICK,0,3892.45,0
1762010224436,ETH-PERPETUAL,TICK,0,3892.45,0
1762010224467,ETH-PERPETUAL,TICK,0,3890.65,0
1762010224473,ETH-PERPETUAL,TICK,0,3890.65,0
1762010224506,ETH-PERPETUAL,TICK,0,3892.35,0
1762010224510,ETH-PERPETUAL,TICK,0,3892.35,0
1762010224546,ETH-PERPETUAL,TICK,0,3890.75,0
1762010224550,ETH-PERPETUAL,TICK,0,3890.75,0
1762010224583,ETH-PERPETUAL,TICK,0,3892.3,0
1762010224588,ETH-PERPETUAL,TICK,0,3892.3,0
1762010224621,ETH-PERPETUAL,TICK,0,3890.8,0
1762010224626,ETH-PERPETUAL,TICK,0,3890.8,0
1762010224658,ETH-PERPETUAL,TICK,0,3892.2,0
1762010224662,ETH-PERPETUAL,TICK,0,3892.2,0
1762010224696,ETH-PERPETUAL,TICK,0,3890.9,0
1762010224702,ETH-PERPETUAL,TICK,0,3890.9,0
1762010224735,ETH-PERPETUAL,TICK,0,3892.05,0
1762010224740,ETH-PERPETUAL,TICK,0,3892.05,0
1762010224773,ETH-PERPETUAL,TICK,0,3891,0
1762010224777,ETH-PERPETUAL,TICK,0,3891,0
1762010224810,ETH-PERPETUAL,TICK,0,3892,0
1762010224814,ETH-PERPETUAL,TICK,0,3892,0
1762010224845,ETH-PERPETUAL,TICK,0,3891.05,0
1762010224850,ETH-PERPETUAL,TICK,0,3891.05,0
1762010224884,ETH-PERPETUAL,TICK,0,3891.6,0
1762010224890,ETH-PERPETUAL,TICK,0,3891.6,0
1762010224922,ETH-PERPETUAL,TICK,0,3891.1,0
1762010224927,ETH-PERPETUAL,TICK,0,3891.1,0
1762010224958,ETH-PERPETUAL,TICK,0,3891.5,0
1762010224963,ETH-PERPETUAL,TICK,0,3891.5,0
1762010224992,ETH-PERPETUAL,TICK,0,3891.15,0
1762010224997,ETH-PERPETUAL,TICK,0,3891.15,0
1762010225027,ETH-PERPETUAL,TICK,0,3891.3,0
1762010225032,ETH-PERPETUAL,TICK,0,3891.3,0
1762010225063,ETH-PERPETUAL,TICK,0,3891.25,0
1762010225068,ETH-PERPETUAL,TICK,0,3891.25,0
1762010225178,BTC-PERPETUAL,TICK,0,110242,0
1762010225183,BTC-PERPETUAL,TICK,0,110242,0
1762010225216,BTC-PERPETUAL,TICK,0,110220,0
1762010225222,BTC-PERPETUAL,TICK,0,110220,0
1762010225254,BTC-PERPETUAL,TICK,0,110242,0
1762010225259,BTC-PERPETUAL,TICK,0,110242,0
1762010225290,BTC-PERPETUAL,TICK,0,110207,0
1762010225295,BTC-PERPETUAL,TICK,0,110207,0
1762010225326,BTC-PERPETUAL,TICK,0,110241,0
1762010225333,BTC-PERPETUAL,TICK,0,110241,0
1762010225367,BTC-PERPETUAL,TICK,0,110208,0
1762010225372,BTC-PERPETUAL,TICK,0,110208,0
1762010225404,BTC-PERPETUAL,TICK,0,110238,0
1762010225409,BTC-PERPETUAL,TICK,0,110238,0
1762010225439,BTC-PERPETUAL,TICK,0,110208,0
1762010225444,BTC-PERPETUAL,TICK,0,110208,0
1762010225478,BTC-PERPETUAL,TICK,0,110236,0
1762010225483,BTC-PERPETUAL,TICK,0,110236,0
1762010225516,BTC-PERPETUAL,TICK,0,110209,0
1762010225521,BTC-PERPETUAL,TICK,0,110209,0
1762010225556,BTC-PERPETUAL,TICK,0,110236,0
1762010225562,BTC-PERPETUAL,TICK,0,110236,0
1762010225601,BTC-PERPETUAL,TICK,0,110210,0
1762010225605,BTC-PERPETUAL,TICK,0,110210,0
1762010225641,BTC-PERPETUAL,TICK,0,110236,0
1762010225646,BTC-PERPETUAL,TICK,0,110236,0
1762010225683,BTC-PERPETUAL,TICK,0,110210,0
1762010225688,BTC-PERPETUAL,TICK,0,110210,0
1762010225726,BTC-PERPETUAL,TICK,0,110235,0
1762010225729,BTC-PERPETUAL,TICK,0,110235,0
1762010225773,BTC-PERPETUAL,TICK,0,110213,0
1762010225778,BTC-PERPETUAL,TICK,0,110213,0
1762010225819,BTC-PERPETUAL,TICK,0,110234,0
1762010225825,BTC-PERPETUAL,TICK,0,110234,0
1762010225861,BTC-PERPETUAL,TICK,0,110214,0
1762010225866,BTC-PERPETUAL,TICK,0,110214,0
1762010225901,BTC-PERPETUAL,TICK,0,110234,0
1762010225906,BTC-PERPETUAL,TICK,0,110234,0
1762010225941,BTC-PERPETUAL,TICK,0,110214,0
1762010225946,BTC-PERPETUAL,TICK,0,110214,0
1762010225984,BTC-PERPETUAL,TICK,0,110232,0
1762010225988,BTC-PERPETUAL,TICK,0,110232,0
1762010226024,BTC-PERPETUAL,TICK,0,110214,0
1762010226029,BTC-PERPETUAL,TICK,0,110214,0
1762010226065,BTC-PERPETUAL,TICK,0,110232,0
1762010226069,BTC-PERPETUAL,TICK,0,110232,0
1762010226104,BTC-PERPETUAL,TICK,0,110216,0
1762010226110,BTC-PERPETUAL,TICK,0,110216,0
1762010226146,BTC-PERPETUAL,TICK,0,110231,0
1762010226152,BTC-PERPETUAL,TICK,0,110231,0
1762010226185,BTC-PERPETUAL,TICK,0,110216,0
1762010226190,BTC-PERPETUAL,TICK,0,110216,0
1762010226221,BTC-PERPETUAL,TICK,0,110230,0
1762010226226,BTC-PERPETUAL,TICK,0,110230,0
1762010226259,BTC-PERPETUAL,TICK,0,110217,0
1762010226263,BTC-PERPETUAL,TICK,0,110217,0
1762010226297,BTC-PERPETUAL,TICK,0,110230,0
1762010226303,BTC-PERPETUAL,TICK,0,110230,0
1762010226339,BTC-PERPETUAL,TICK,0,110218,0
1762010226345,BTC-PERPETUAL,TICK,0,110218,0
1762010226377,BTC-PERPETUAL,TICK,0,110227,0
1762010226381,BTC-PERPETUAL,TICK,0,110227,0
1762010226416,BTC-PERPETUAL,TICK,0,110218,0
1762010226421,BTC-PERPETUAL,TICK,0,110218,0
1762010226455,BTC-PERPETUAL,TICK,0,110224,0
1762010226460,BTC-PERPETUAL,TICK,0,110224,0
1762010226494,BTC-PERPETUAL,TICK,0,110218,0
1762010226499,BTC-PERPETUAL,TICK,0,110218,0
1762010226532,BTC-PERPETUAL,TICK,0,110223,0
1762010226536,BTC-PERPETUAL,TICK,0,110223,0
1762010226571,BTC-PERPETUAL,TICK,0,110219,0
1762010226575,BTC-PERPETUAL,TICK,0,110219,0
1762010226609,BTC-PERPETUAL,TICK,0,110221,0
1762010226614,BTC-PERPETUAL,TICK,0,110221,0
1762010226651,BTC-PERPETUAL,TICK,0,110220,0
1762010226655,BTC-PERPETUAL,TICK,0,110220,0
1762010226688,BTC-PERPETUAL,TICK,0,110220,0
1762010226692,BTC-PERPETUAL,TICK,0,110220,0
1762010226727,BTC-PERPETUAL,TICK,0,110220,0
1762010226733,BTC-PERPETUAL,TICK,0,110220,0
1762010226766,BTC-PERPETUAL,TICK,0,110220,0
1762010226771,BTC-PERPETUAL,TICK,0,110221,0
1762010226776,BTC-PERPETUAL,TICK,0,110223,0
1762010226780,BTC-PERPETUAL,TICK,0,110220,0
1762010226783,BTC-PERPETUAL,TICK,0,110221,0
1762010226787,BTC-PERPETUAL,TICK,0,110224,0
1762010226792,BTC-PERPETUAL,TICK,0,110223,0
1762010226796,BTC-PERPETUAL,TICK,0,110224,0
1762010226800,BTC-PERPETUAL,TICK,0,110225,0
1762010226804,BTC-PERPETUAL,TICK,0,110225,0
1762010227919,BTC-PERPETUAL,TICK,0,0,0
1762010227925,BTC-PERPETUAL,TICK,0,0,0
1762010227960,ETH-PERPETUAL,TICK,0,0,0
1762010227964,ETH-PERPETUAL,TICK,0,0,0
1762010226552,BTC-PERPETUAL,TICK,0,110118,0
1762010226557,BTC-PERPETUAL,TICK,0,110118,0
1762010226593,BTC-PERPETUAL,TICK,0,110124,0
1762010226597,BTC-PERPETUAL,TICK,0,110124,0
1762010226744,ETH-PERPETUAL,TICK,0,3872.6,0
1762010226747,ETH-PERPETUAL,TICK,0,3872.6,0
1762010226781,ETH-PERPETUAL,TICK,0,3879.9,0
1762010226786,ETH-PERPETUAL,TICK,0,3879.9,0
1762010226817,ETH-PERPETUAL,TICK,0,3881.9,0
1762010226821,ETH-PERPETUAL,TICK,0,3881.9,0
1762010226853,ETH-PERPETUAL,TICK,0,3882.45,0
1762010226858,ETH-PERPETUAL,TICK,0,3882.45,0
1762010226889,ETH-PERPETUAL,TICK,0,3908.35,0
1762010226894,ETH-PERPETUAL,TICK,0,3908.35,0
1762010226927,BTC-PERPETUAL,TICK,0,110138,0
1762010226932,BTC-PERPETUAL,TICK,0,110138,0
1762010227058,BTC-PERPETUAL,TICK,0,0,0
1762010227063,BTC-PERPETUAL,TICK,0,0,0
1762010227095,ETH-PERPETUAL,TICK,0,0,0
1762010227100,ETH-PERPETUAL,TICK,0,0,0
1762010227192,BTC-PERPETUAL,TICK,0,110442,0
1762010227198,BTC-PERPETUAL,TICK,0,110442,0
1762010227235,ETH-PERPETUAL,TICK,0,3894.6,0
1762010227240,ETH-PERPETUAL,TICK,0,3894.6,0
1762010227275,ETH-PERPETUAL,TICK,0,3891.1,0
1762010227282,ETH-PERPETUAL,TICK,0,3891.1,0
1762010227318,ETH-PERPETUAL,TICK,0,3894.55,0
1762010227323,ETH-PERPETUAL,TICK,0,3894.55,0
1762010227359,ETH-PERPETUAL,TICK,0,3891.15,0
1762010227365,ETH-PERPETUAL,TICK,0,3891.15,0
1762010227401,ETH-PERPETUAL,TICK,0,3894.5,0
1762010227407,ETH-PERPETUAL,TICK,0,3894.5,0
1762010227440,ETH-PERPETUAL,TICK,0,3891.25,0
1762010227445,ETH-PERPETUAL,TICK,0,3891.25,0
1762010227478,ETH-PERPETUAL,TICK,0,3894.4,0
1762010227483,ETH-PERPETUAL,TICK,0,3894.4,0
1762010227519,ETH-PERPETUAL,TICK,0,3891.3,0
1762010227523,ETH-PERPETUAL,TICK,0,3891.3,0
1762010227558,ETH-PERPETUAL,TICK,0,3894.2,0
1762010227564,ETH-PERPETUAL,TICK,0,3894.2,0
1762010227599,ETH-PERPETUAL,TICK,0,3891.4,0
1762010227603,ETH-PERPETUAL,TICK,0,3891.4,0
1762010227638,ETH-PERPETUAL,TICK,0,3894.15,0
1762010227641,ETH-PERPETUAL,TICK,0,3894.15,0
1762010227677,ETH-PERPETUAL,TICK,0,3891.5,0
1762010227682,ETH-PERPETUAL,TICK,0,3891.5,0
1762010227717,ETH-PERPETUAL,TICK,0,3894.1,0
1762010227721,ETH-PERPETUAL,TICK,0,3894.1,0
1762010227754,ETH-PERPETUAL,TICK,0,3891.55,0
1762010227759,ETH-PERPETUAL,TICK,0,3891.55,0
1762010227792,ETH-PERPETUAL,TICK,0,3894,0
1762010227796,ETH-PERPETUAL,TICK,0,3894,0
1762010227831,ETH-PERPETUAL,TICK,0,3891.6,0
1762010227835,ETH-PERPETUAL,TICK,0,3891.6,0
1762010227870,BTC-PERPETUAL,TICK,0,110118,0
1762010227876,BTC-PERPETUAL,TICK,0,110118,0
1762010227908,ETH-PERPETUAL,TICK,0,3873.2,0
1762010227913,ETH-PERPETUAL,TICK,0,3873.2,0
1762010227946,ETH-PERPETUAL,TICK,0,3879.7,0
1762010227950,ETH-PERPETUAL,TICK,0,3879.7,0
1762010227985,BTC-PERPETUAL,TICK,0,110130,0
1762010227989,BTC-PERPETUAL,TICK,0,110130,0
1762010228022,ETH-PERPETUAL,TICK,0,3881.65,0
1762010228026,ETH-PERPETUAL,TICK,0,3881.65,0
1762010228062,ETH-PERPETUAL,TICK,0,3882.2,0
1762010228066,ETH-PERPETUAL,TICK,0,3882.2,0
1762010228102,ETH-PERPETUAL,TICK,0,3908.3,0
1762010228107,ETH-PERPETUAL,TICK,0,3908.3,0
1762010228143,ETH-PERPETUAL,TICK,0,3893.85,0
1762010228147,ETH-PERPETUAL,TICK,0,3893.85,0
1762010228181,ETH-PERPETUAL,TICK,0,3891.65,0
1762010228187,ETH-PERPETUAL,TICK,0,3891.65,0
1762010228221,ETH-PERPETUAL,TICK,0,3893.8,0
1762010228228,ETH-PERPETUAL,TICK,0,3893.8,0
1762010228266,ETH-PERPETUAL,TICK,0,3891.7,0
1762010228272,ETH-PERPETUAL,TICK,0,3891.7,0
1762010228307,ETH-PERPETUAL,TICK,0,3893.7,0
1762010228312,ETH-PERPETUAL,TICK,0,3893.7,0
1762010228348,ETH-PERPETUAL,TICK,0,3891.75,0
1762010228353,ETH-PERPETUAL,TICK,0,3891.75,0
1762010228389,ETH-PERPETUAL,TICK,0,3893.6,0
1762010228395,ETH-PERPETUAL,TICK,0,3893.6,0
1762010228426,ETH-PERPETUAL,TICK,0,3891.8,0
1762010228432,ETH-PERPETUAL,TICK,0,3891.8,0
1762010228466,ETH-PERPETUAL,TICK,0,3893.55,0
1762010228471,ETH-PERPETUAL,TICK,0,3893.55,0
1762010228507,ETH-PERPETUAL,TICK,0,3891.85,0
1762010228511,ETH-PERPETUAL,TICK,0,3891.85,0
1762010228544,ETH-PERPETUAL,TICK,0,3893.5,0
1762010228549,ETH-PERPETUAL,TICK,0,3893.5,0
1762010228583,ETH-PERPETUAL,TICK,0,3891.9,0
1762010228589,ETH-PERPETUAL,TICK,0,3891.9,0
1762010228621,ETH-PERPETUAL,TICK,0,3901.5,0
1762010228625,ETH-PERPETUAL,TICK,0,3901.5,0
1762010228658,ETH-PERPETUAL,TICK,0,3893.4,0
1762010228664,ETH-PERPETUAL,TICK,0,3893.4,0
1762010228696,ETH-PERPETUAL,TICK,0,3892,0
1762010228701,ETH-PERPETUAL,TICK,0,3892,0
1762010228732,ETH-PERPETUAL,TICK,0,3893.35,0
1762010228736,ETH-PERPETUAL,TICK,0,3893.35,0
1762010228768,ETH-PERPETUAL,TICK,0,3892.15,0
1762010228774,ETH-PERPETUAL,TICK,0,3892.15,0
1762010228805,ETH-PERPETUAL,TICK,0,3893.3,0
1762010228810,ETH-PERPETUAL,TICK,0,3893.3,0
1762010228840,ETH-PERPETUAL,TICK,0,3892.25,0
1762010228845,ETH-PERPETUAL,TICK,0,3892.25,0
1762010228876,ETH-PERPETUAL,TICK,0,3893,0
1762010228881,ETH-PERPETUAL,TICK,0,3893,0
1762010228911,ETH-PERPETUAL,TICK,0,3892.4,0
1762010228916,ETH-PERPETUAL,TICK,0,3892.4,0
1762010228947,ETH-PERPETUAL,TICK,0,3892.85,0
1762010228951,ETH-PERPETUAL,TICK,0,3892.85,0
1762010228985,ETH-PERPETUAL,TICK,0,3892.5,0
1762010228989,ETH-PERPETUAL,TICK,0,3892.5,0
1762010229019,ETH-PERPETUAL,TICK,0,3892.65,0
1762010229024,ETH-PERPETUAL,TICK,0,3892.65,0
1762010229056,ETH-PERPETUAL,TICK,0,3892.6,0
1762010229062,ETH-PERPETUAL,TICK,0,3892.6,0
1762010229094,BTC-PERPETUAL,TICK,0,110138,0
1762010229098,BTC-PERPETUAL,TICK,0,110138,0
1762010229131,BTC-PERPETUAL,TICK,0,110375,0
1762010229136,BTC-PERPETUAL,TICK,0,110375,0
1762010229167,BTC-PERPETUAL,TICK,0,109992,0
1762010229172,BTC-PERPETUAL,TICK,0,109992,0
1762010229210,ETH-PERPETUAL,TICK,0,3900.95,0
1762010229217,ETH-PERPETUAL,TICK,0,3900.95,0
1762010229252,ETH-PERPETUAL,TICK,0,3900.4,0
1762010229255,ETH-PERPETUAL,TICK,0,3900.4,0
1762010229302,BTC-PERPETUAL,TICK,0,110243,0
1762010229310,BTC-PERPETUAL,TICK,0,110243,0
1762010229356,BTC-PERPETUAL,TICK,0,110220,0
1762010229364,BTC-PERPETUAL,TICK,0,110220,0
1762010229408,BTC-PERPETUAL,TICK,0,110242,0
1762010229415,BTC-PERPETUAL,TICK,0,110242,0
1762010229458,BTC-PERPETUAL,TICK,0,110206,0
1762010229465,BTC-PERPETUAL,TICK,0,110206,0
1762010229507,BTC-PERPETUAL,TICK,0,110242,0
1762010229514,BTC-PERPETUAL,TICK,0,110242,0
1762010229555,BTC-PERPETUAL,TICK,0,110208,0
1762010229562,BTC-PERPETUAL,TICK,0,110208,0
1762010229603,BTC-PERPETUAL,TICK,0,110347,0
1762010229608,BTC-PERPETUAL,TICK,0,110347,0
1762010229654,BTC-PERPETUAL,TICK,0,110242,0
1762010229659,BTC-PERPETUAL,TICK,0,110242,0
1762010229705,BTC-PERPETUAL,TICK,0,110208,0
1762010229712,BTC-PERPETUAL,TICK,0,110208,0
1762010229753,BTC-PERPETUAL,TICK,0,110240,0
1762010229760,BTC-PERPETUAL,TICK,0,110240,0
1762010229801,BTC-PERPETUAL,TICK,0,110209,0
1762010229806,BTC-PERPETUAL,TICK,0,110209,0
1762010229846,BTC-PERPETUAL,TICK,0,110240,0
1762010229853,BTC-PERPETUAL,TICK,0,110240,0
1762010229893,BTC-PERPETUAL,TICK,0,110210,0
1762010229900,BTC-PERPETUAL,TICK,0,110210,0
1762010229939,BTC-PERPETUAL,TICK,0,110238,0
1762010229947,BTC-PERPETUAL,TICK,0,110238,0
1762010229987,BTC-PERPETUAL,TICK,0,110210,0
1762010229994,BTC-PERPETUAL,TICK,0,110210,0
1762010230038,BTC-PERPETUAL,TICK,0,110236,0
1762010230046,BTC-PERPETUAL,TICK,0,110236,0
1762010230087,BTC-PERPETUAL,TICK,0,110214,0
1762010230094,BTC-PERPETUAL,TICK,0,110214,0
1762010230136,BTC-PERPETUAL,TICK,0,110236,0
1762010230142,BTC-PERPETUAL,TICK,0,110236,0
1762010230183,BTC-PERPETUAL,TICK,0,110214,0
1762010230187,BTC-PERPETUAL,TICK,0,110214,0
1762010230229,BTC-PERPETUAL,TICK,0,110234,0
1762010230234,BTC-PERPETUAL,TICK,0,110234,0
1762010230276,BTC-PERPETUAL,TICK,0,110234,0
1762010230282,BTC-PERPETUAL,TICK,0,110234,0
1762010230325,BTC-PERPETUAL,TICK,0,110215,0
1762010230333,BTC-PERPETUAL,TICK,0,110215,0
1762010230378,BTC-PERPETUAL,TICK,0,110234,0
1762010230385,BTC-PERPETUAL,TICK,0,110234,0
1762010230433,BTC-PERPETUAL,TICK,0,110216,0
1762010230440,BTC-PERPETUAL,TICK,0,110216,0
1762010230482,BTC-PERPETUAL,TICK,0,110232,0
1762010230488,BTC-PERPETUAL,TICK,0,110232,0
1762010230536,BTC-PERPETUAL,TICK,0,110216,0
1762010230542,BTC-PERPETUAL,TICK,0,110216,0
1762010230583,BTC-PERPETUAL,TICK,0,110232,0
1762010230589,BTC-PERPETUAL,TICK,0,110232,0
1762010230630,BTC-PERPETUAL,TICK,0,110217,0
1762010230637,BTC-PERPETUAL,TICK,0,110217,0
1762010230677,BTC-PERPETUAL,TICK,0,110231,0
1762010230684,BTC-PERPETUAL,TICK,0,110231,0
1762010230728,BTC-PERPETUAL,TICK,0,110218,0
1762010230735,BTC-PERPETUAL,TICK,0,110218,0
1762010230778,BTC-PERPETUAL,TICK,0,110230,0
1762010230783,BTC-PERPETUAL,TICK,0,110230,0
1762010230830,BTC-PERPETUAL,TICK,0,110218,0
1762010230837,BTC-PERPETUAL,TICK,0,110218,0
1762010230879,BTC-PERPETUAL,TICK,0,110225,0
1762010230885,BTC-PERPETUAL,TICK,0,110225,0
1762010230892,BTC-PERPETUAL,TICK,0,110225,0
1762010230897,BTC-PERPETUAL,TICK,0,110225,0
1762010230930,BTC-PERPETUAL,TICK,0,110218,0
1762010230937,BTC-PERPETUAL,TICK,0,110218,0
1762010230979,BTC-PERPETUAL,TICK,0,110225,0
1762010230985,BTC-PERPETUAL,TICK,0,110225,0
1762010230992,BTC-PERPETUAL,TICK,0,110225,0
1762010230997,BTC-PERPETUAL,TICK,0,110225,0
1762010231034,BTC-PERPETUAL,TICK,0,110219,0
1762010231039,BTC-PERPETUAL,TICK,0,110219,0
1762010231085,BTC-PERPETUAL,TICK,0,110225,0
1762010231091,BTC-PERPETUAL,TICK,0,110225,0
1762010231134,BTC-PERPETUAL,TICK,0,110225,0
1762010231140,BTC-PERPETUAL,TICK,0,110225,0
1762010231147,BTC-PERPETUAL,TICK,0,110225,0
1762010231153,BTC-PERPETUAL,TICK,0,110225,0
1762010231158,BTC-PERPETUAL,TICK,0,110220,0
1762010231164,BTC-PERPETUAL,TICK,0,110220,0
1762010231188,BTC-PERPETUAL,TICK,0,110220,0
1762010231195,BTC-PERPETUAL,TICK,0,110220,0
1762010231242,BTC-PERPETUAL,TICK,0,110225,0
1762010231248,BTC-PERPETUAL,TICK,0,110225,0
1762010231255,BTC-PERPETUAL,TICK,0,110225,0
1762010231262,BTC-PERPETUAL,TICK,0,110225,0
1762010231267,BTC-PERPETUAL,TICK,0,110225,0
1762010231273,BTC-PERPETUAL,TICK,0,110225,0
1762010231278,BTC-PERPETUAL,TICK,0,110225,0
1762010231308,BTC-PERPETUAL,TICK,0,110225,0
1762010231316,BTC-PERPETUAL,TICK,0,110225,0
1762010231324,BTC-PERPETUAL,TICK,0,110225,0
1762010231329,BTC-PERPETUAL,TICK,0,110225,0
1762010231334,BTC-PERPETUAL,TICK,0,110225,0
1762010231339,BTC-PERPETUAL,TICK,0,110225,0
1762010231344,BTC-PERPETUAL,TICK,0,110225,0
1762010231349,BTC-PERPETUAL,TICK,0,110225,0
1762010231355,BTC-PERPETUAL,TICK,0,110225,0
1762010231359,BTC-PERPETUAL,TICK,0,110225,0
1762010231364,BTC-PERPETUAL,TICK,0,110225,0
1762010231369,BTC-PERPETUAL,TICK,0,110225,0
1762010231374,BTC-PERPETUAL,TICK,0,110225,0
1762010231380,BTC-PERPETUAL,TICK,0,110225,0
1762010231385,BTC-PERPETUAL,TICK,0,110225,0
1762010231391,BTC-PERPETUAL,TICK,0,110225,0
1762010231397,BTC-PERPETUAL,TICK,0,110225,0
1762010231402,BTC-PERPETUAL,TICK,0,110225,0
1762010231407,BTC-PERPETUAL,TICK,0,110225,0
1762010231412,BTC-PERPETUAL,TICK,0,110225,0
1762010231417,BTC-PERPETUAL,TICK,0,110225,0
1762010231421,BTC-PERPETUAL,TICK,0,110225,0
1762010231426,BTC-PERPETUAL,TICK,0,110225,0
1762010231430,BTC-PERPETUAL,TICK,0,110225,0
1762010231435,BTC-PERPETUAL,TICK,0,110225,0
1762010231439,BTC-PERPETUAL,TICK,0,110225,0
1762010231444,BTC-PERPETUAL,TICK,0,110225,0
1762010231449,BTC-PERPETUAL,TICK,0,110220,0
1762010231454,BTC-PERPETUAL,TICK,0,110220,0
1762010231459,BTC-PERPETUAL,TICK,0,110336,0
1762010231463,BTC-PERPETUAL,TICK,0,110336,0
1762010232155,BTC-PERPETUAL,TICK,0,110212,0
1762010232162,BTC-PERPETUAL,TICK,0,110212,0
1762010232498,ETH-PERPETUAL,TICK,0,3894.6,0
1762010232505,ETH-PERPETUAL,TICK,0,3894.6,0
1762010232558,ETH-PERPETUAL,TICK,0,3890.55,0
1762010232565,ETH-PERPETUAL,TICK,0,3890.55,0
1762010232604,ETH-PERPETUAL,TICK,0,3894.55,0
1762010232611,ETH-PERPETUAL,TICK,0,3894.55,0
1762010232653,ETH-PERPETUAL,TICK,0,3890.6,0
1762010232660,ETH-PERPETUAL,TICK,0,3890.6,0
1762010232699,ETH-PERPETUAL,TICK,0,3894.5,0
1762010232706,ETH-PERPETUAL,TICK,0,3894.5,0
1762010232748,ETH-PERPETUAL,TICK,0,3890.65,0
1762010232755,ETH-PERPETUAL,TICK,0,3890.65,0
1762010232794,ETH-PERPETUAL,TICK,0,3893.3,0
1762010232801,ETH-PERPETUAL,TICK,0,3893.3,0
1762010232844,ETH-PERPETUAL,TICK,0,3890.85,0
1762010232851,ETH-PERPETUAL,TICK,0,3890.85,0
1762010232892,ETH-PERPETUAL,TICK,0,3894.3,0
1762010232898,ETH-PERPETUAL,TICK,0,3894.3,0
1762010232941,ETH-PERPETUAL,TICK,0,3891,0
1762010232948,ETH-PERPETUAL,TICK,0,3891,0
1762010232991,ETH-PERPETUAL,TICK,0,3894.25,0
1762010233000,ETH-PERPETUAL,TICK,0,3894.25,0
1762010233046,ETH-PERPETUAL,TICK,0,3891.15,0
1762010233053,ETH-PERPETUAL,TICK,0,3891.15,0
1762010233097,ETH-PERPETUAL,TICK,0,3894.2,0
1762010233104,ETH-PERPETUAL,TICK,0,3894.2,0
1762010233148,ETH-PERPETUAL,TICK,0,3891.25,0
1762010233154,ETH-PERPETUAL,TICK,0,3891.25,0
1762010233204,ETH-PERPETUAL,TICK,0,3894.15,0
1762010233212,ETH-PERPETUAL,TICK,0,3894.15,0
1762010233259,ETH-PERPETUAL,TICK,0,3891.45,0
1762010233266,ETH-PERPETUAL,TICK,0,3891.45,0
1762010233314,ETH-PERPETUAL,TICK,0,3894.1,0
1762010233321,ETH-PERPETUAL,TICK,0,3894.1,0
1762010233367,ETH-PERPETUAL,TICK,0,3891.5,0
1762010233373,ETH-PERPETUAL,TICK,0,3891.5,0
1762010233421,ETH-PERPETUAL,TICK,0,3894,0
1762010233426,ETH-PERPETUAL,TICK,0,3894,0
1762010233472,ETH-PERPETUAL,TICK,0,3891.55,0
1762010233480,ETH-PERPETUAL,TICK,0,3891.55,0
1762010233523,ETH-PERPETUAL,TICK,0,3893.9,0
1762010233531,ETH-PERPETUAL,TICK,0,3893.9,0
1762010233574,ETH-PERPETUAL,TICK,0,3891.6,0
1762010233581,ETH-PERPETUAL,TICK,0,3891.6,0
1762010233627,ETH-PERPETUAL,TICK,0,3893.85,0
1762010233635,ETH-PERPETUAL,TICK,0,3893.85,0
1762010233684,ETH-PERPETUAL,TICK,0,3893.8,0
1762010233723,ETH-PERPETUAL,TICK,0,3893.8,0
1762010233775,ETH-PERPETUAL,TICK,0,3891.75,0
1762010233784,ETH-PERPETUAL,TICK,0,3891.75,0
1762010233851,ETH-PERPETUAL,TICK,0,3893.7,0
1762010233858,ETH-PERPETUAL,TICK,0,3893.7,0
1762010233933,ETH-PERPETUAL,TICK,0,3891.8,0
1762010233943,ETH-PERPETUAL,TICK,0,3891.8,0
1762010234044,ETH-PERPETUAL,TICK,0,3893.6,0
1762010234054,ETH-PERPETUAL,TICK,0,3893.6,0
1762010234134,ETH-PERPETUAL,TICK,0,3891.85,0
1762010234145,ETH-PERPETUAL,TICK,0,3891.85,0
1762010234224,ETH-PERPETUAL,TICK,0,3893.5,0
1762010234241,ETH-PERPETUAL,TICK,0,3893.5,0
1762010234333,ETH-PERPETUAL,TICK,0,3891.9,0
1762010234343,ETH-PERPETUAL,TICK,0,3891.9,0
1762010234401,ETH-PERPETUAL,TICK,0,3893.4,0
1762010234410,ETH-PERPETUAL,TICK,0,3893.4,0
1762010234467,ETH-PERPETUAL,TICK,0,3892,0
1762010234476,ETH-PERPETUAL,TICK,0,3892,0
1762010234527,ETH-PERPETUAL,TICK,0,3893.35,0
1762010234531,ETH-PERPETUAL,TICK,0,3893.35,0
1762010234590,ETH-PERPETUAL,TICK,0,3892.4,0
1762010234596,ETH-PERPETUAL,TICK,0,3892.4,0
1762010234653,ETH-PERPETUAL,TICK,0,3893.25,0
1762010234663,ETH-PERPETUAL,TICK,0,3893.25,0
1762010234723,ETH-PERPETUAL,TICK,0,3892.5,0
1762010234735,ETH-PERPETUAL,TICK,0,3892.5,0
1762010234793,ETH-PERPETUAL,TICK,0,3892.85,0
1762010234801,ETH-PERPETUAL,TICK,0,3892.85,0
1762010234853,ETH-PERPETUAL,TICK,0,3892.8,0
1762010234863,ETH-PERPETUAL,TICK,0,3892.8,0
1762010234917,BTC-PERPETUAL,TICK,0,0,0
1762010234925,BTC-PERPETUAL,TICK,0,0,0
1762010234977,BTC-PERPETUAL,TICK,0,0,0
1762010234984,BTC-PERPETUAL,TICK,0,0,0
1762010235034,BTC-PERPETUAL,TICK,0,110220,0
1762010235042,BTC-PERPETUAL,TICK,0,110220,0
1762010235092,BTC-PERPETUAL,TICK,0,110243,0
1762010235102,BTC-PERPETUAL,TICK,0,110243,0
1762010235157,BTC-PERPETUAL,TICK,0,110204,0
1762010235165,BTC-PERPETUAL,TICK,0,110204,0
1762010235215,BTC-PERPETUAL,TICK,0,110242,0
1762010235223,BTC-PERPETUAL,TICK,0,110242,0
1762010235270,BTC-PERPETUAL,TICK,0,110205,0
1762010235277,BTC-PERPETUAL,TICK,0,110205,0
1762010235322,BTC-PERPETUAL,TICK,0,110242,0
1762010235329,BTC-PERPETUAL,TICK,0,110242,0
1762010235375,BTC-PERPETUAL,TICK,0,110208,0
1762010235383,BTC-PERPETUAL,TICK,0,110208,0
1762010235428,BTC-PERPETUAL,TICK,0,110242,0
1762010235435,BTC-PERPETUAL,TICK,0,110242,0
1762010235480,BTC-PERPETUAL,TICK,0,110209,0
1762010235487,BTC-PERPETUAL,TICK,0,110209,0
1762010235532,BTC-PERPETUAL,TICK,0,110240,0
1762010235539,BTC-PERPETUAL,TICK,0,110240,0
1762010235587,BTC-PERPETUAL,TICK,0,110210,0
1762010235595,BTC-PERPETUAL,TICK,0,110210,0
1762010235638,BTC-PERPETUAL,TICK,0,110238,0
1762010235646,BTC-PERPETUAL,TICK,0,110238,0
1762010235694,BTC-PERPETUAL,TICK,0,110210,0
1762010235702,BTC-PERPETUAL,TICK,0,110210,0
1762010235743,BTC-PERPETUAL,TICK,0,110236,0
1762010235750,BTC-PERPETUAL,TICK,0,110236,0
1762010235795,BTC-PERPETUAL,TICK,0,110211,0
1762010235802,BTC-PERPETUAL,TICK,0,110211,0
1762010235845,BTC-PERPETUAL,TICK,0,110212,0
1762010235851,BTC-PERPETUAL,TICK,0,110212,0
1762010235900,BTC-PERPETUAL,TICK,0,110232,0
1762010235905,BTC-PERPETUAL,TICK,0,110232,0
1762010235953,BTC-PERPETUAL,TICK,0,110214,0
1762010235961,BTC-PERPETUAL,TICK,0,110214,0
1762010236004,BTC-PERPETUAL,TICK,0,110232,0
1762010236011,BTC-PERPETUAL,TICK,0,110232,0
1762010236057,BTC-PERPETUAL,TICK,0,110214,0
1762010236065,BTC-PERPETUAL,TICK,0,110214,0
1762010236110,BTC-PERPETUAL,TICK,0,110231,0
1762010236116,BTC-PERPETUAL,TICK,0,110231,0
1762010236162,BTC-PERPETUAL,TICK,0,110216,0
1762010236169,BTC-PERPETUAL,TICK,0,110216,0
1762010236212,BTC-PERPETUAL,TICK,0,110230,0
1762010236219,BTC-PERPETUAL,TICK,0,110230,0
1762010236263,BTC-PERPETUAL,TICK,0,110216,0
1762010236271,BTC-PERPETUAL,TICK,0,110216,0
1762010236317,BTC-PERPETUAL,TICK,0,110230,0
1762010236325,BTC-PERPETUAL,TICK,0,110230,0
1762010236370,BTC-PERPETUAL,TICK,0,110217,0
1762010236377,BTC-PERPETUAL,TICK,0,110217,0
1762010236421,BTC-PERPETUAL,TICK,0,110230,0
1762010236430,BTC-PERPETUAL,TICK,0,110230,0
1762010236475,BTC-PERPETUAL,TICK,0,110218,0
1762010236483,BTC-PERPETUAL,TICK,0,110218,0
1762010236527,BTC-PERPETUAL,TICK,0,110226,0
1762010236535,BTC-PERPETUAL,TICK,0,110226,0
1762010236583,BTC-PERPETUAL,TICK,0,110218,0
1762010236589,BTC-PERPETUAL,TICK,0,110218,0
1762010236634,BTC-PERPETUAL,TICK,0,110224,0
1762010236641,BTC-PERPETUAL,TICK,0,110224,0
1762010236687,BTC-PERPETUAL,TICK,0,110218,0
1762010236695,BTC-PERPETUAL,TICK,0,110218,0
1762010236741,BTC-PERPETUAL,TICK,0,110223,0
1762010236749,BTC-PERPETUAL,TICK,0,110223,0
1762010236794,BTC-PERPETUAL,TICK,0,110219,0
1762010236801,BTC-PERPETUAL,TICK,0,110219,0
1762010236846,BTC-PERPETUAL,TICK,0,110221,0
1762010236851,BTC-PERPETUAL,TICK,0,110221,0
1762010236898,BTC-PERPETUAL,TICK,0,110220,0
1762010236907,BTC-PERPETUAL,TICK,0,110220,0
1762010236952,BTC-PERPETUAL,TICK,0,110220,0
1762010236959,BTC-PERPETUAL,TICK,0,110220,0
1762010237008,BTC-PERPETUAL,TICK,0,110220,0
1762010237015,BTC-PERPETUAL,TICK,0,110220,0
1762010237756,ETH-PERPETUAL,TICK,0,3894.15,0
1762010237768,ETH-PERPETUAL,TICK,0,3894.15,0
1762010237829,ETH-PERPETUAL,TICK,0,3890.6,0
1762010237843,ETH-PERPETUAL,TICK,0,3890.6,0
1762010237903,ETH-PERPETUAL,TICK,0,3894.1,0
1762010237910,ETH-PERPETUAL,TICK,0,3894.1,0
1762010237979,ETH-PERPETUAL,TICK,0,3890.65,0
1762010237987,ETH-PERPETUAL,TICK,0,3890.65,0
1762010238050,ETH-PERPETUAL,TICK,0,3894,0
1762010238057,ETH-PERPETUAL,TICK,0,3894,0
1762010238134,ETH-PERPETUAL,TICK,0,3890.8,0
1762010238144,ETH-PERPETUAL,TICK,0,3890.8,0
1762010238211,ETH-PERPETUAL,TICK,0,3893.95,0
1762010238220,ETH-PERPETUAL,TICK,0,3893.95,0
1762010238278,ETH-PERPETUAL,TICK,0,3890.85,0
1762010238287,ETH-PERPETUAL,TICK,0,3890.85,0
1762010238345,ETH-PERPETUAL,TICK,0,3893.8,0
1762010238355,ETH-PERPETUAL,TICK,0,3893.8,0
1762010238408,ETH-PERPETUAL,TICK,0,3891,0
1762010238417,ETH-PERPETUAL,TICK,0,3891,0
1762010238465,ETH-PERPETUAL,TICK,0,3893.7,0
1762010238473,ETH-PERPETUAL,TICK,0,3893.7,0
1762010238528,ETH-PERPETUAL,TICK,0,3891.1,0
1762010238535,ETH-PERPETUAL,TICK,0,3891.1,0
1762010238589,ETH-PERPETUAL,TICK,0,3893.6,0
1762010238598,ETH-PERPETUAL,TICK,0,3893.6,0
1762010238651,ETH-PERPETUAL,TICK,0,3891.15,0
1762010238659,ETH-PERPETUAL,TICK,0,3891.15,0
1762010238708,ETH-PERPETUAL,TICK,0,3893.5,0
1762010238717,ETH-PERPETUAL,TICK,0,3893.5,0
1762010238762,ETH-PERPETUAL,TICK,0,3891.25,0
1762010238770,ETH-PERPETUAL,TICK,0,3891.25,0
1762010238817,ETH-PERPETUAL,TICK,0,3893.4,0
1762010238823,ETH-PERPETUAL,TICK,0,3893.4,0
1762010238872,ETH-PERPETUAL,TICK,0,3891.35,0
1762010238880,ETH-PERPETUAL,TICK,0,3891.35,0
1762010238930,ETH-PERPETUAL,TICK,0,3893.3,0
1762010238936,ETH-PERPETUAL,TICK,0,3893.3,0
1762010238984,ETH-PERPETUAL,TICK,0,3891.4,0
1762010238992,ETH-PERPETUAL,TICK,0,3891.4,0
1762010239036,ETH-PERPETUAL,TICK,0,3893.25,0
1762010239044,ETH-PERPETUAL,TICK,0,3893.25,0
1762010239089,ETH-PERPETUAL,TICK,0,3891.5,0
1762010239096,ETH-PERPETUAL,TICK,0,3891.5,0
1762010239139,ETH-PERPETUAL,TICK,0,3893.2,0
1762010239148,ETH-PERPETUAL,TICK,0,3893.2,0
1762010239192,ETH-PERPETUAL,TICK,0,3891.6,0
1762010239199,ETH-PERPETUAL,TICK,0,3891.6,0
1762010239244,ETH-PERPETUAL,TICK,0,3893.1,0
1762010239252,ETH-PERPETUAL,TICK,0,3893.1,0
1762010239296,ETH-PERPETUAL,TICK,0,3891.65,0
1762010239303,ETH-PERPETUAL,TICK,0,3891.65,0
1762010239348,ETH-PERPETUAL,TICK,0,3893.05,0
1762010239356,ETH-PERPETUAL,TICK,0,3893.05,0
1762010239400,ETH-PERPETUAL,TICK,0,3891.75,0
1762010239407,ETH-PERPETUAL,TICK,0,3891.75,0
1762010239454,ETH-PERPETUAL,TICK,0,3892.9,0
1762010239460,ETH-PERPETUAL,TICK,0,3892.9,0
1762010239507,ETH-PERPETUAL,TICK,0,3891.8,0
1762010239515,ETH-PERPETUAL,TICK,0,3891.8,0
1762010239558,ETH-PERPETUAL,TICK,0,3892.85,0
1762010239564,ETH-PERPETUAL,TICK,0,3892.85,0
1762010239615,ETH-PERPETUAL,TICK,0,3891.85,0
1762010239623,ETH-PERPETUAL,TICK,0,3891.85,0
1762010239671,ETH-PERPETUAL,TICK,0,3892.8,0
1762010239679,ETH-PERPETUAL,TICK,0,3892.8,0
1762010239726,ETH-PERPETUAL,TICK,0,3891.9,0
1762010239730,ETH-PERPETUAL,TICK,0,3891.9,0
1762010239779,ETH-PERPETUAL,TICK,0,3892.75,0
1762010239786,ETH-PERPETUAL,TICK,0,3892.75,0
1762010239833,ETH-PERPETUAL,TICK,0,3892.05,0
1762010239839,ETH-PERPETUAL,TICK,0,3892.05,0
1762010239894,ETH-PERPETUAL,TICK,0,3892.65,0
1762010239901,ETH-PERPETUAL,TICK,0,3892.65,0
1762010239954,ETH-PERPETUAL,TICK,0,3892.1,0
1762010239961,ETH-PERPETUAL,TICK,0,3892.1,0
1762010240008,ETH-PERPETUAL,TICK,0,3892.5,0
1762010240013,ETH-PERPETUAL,TICK,0,3892.5,0
1762010240064,ETH-PERPETUAL,TICK,0,3892.4,0
1762010240070,ETH-PERPETUAL,TICK,0,3892.4,0
1762010240119,BTC-PERPETUAL,TICK,0,110242,0
1762010240126,BTC-PERPETUAL,TICK,0,110242,0
1762010240172,BTC-PERPETUAL,TICK,0,110220,0
1762010240178,BTC-PERPETUAL,TICK,0,110220,0
1762010240225,BTC-PERPETUAL,TICK,0,110238,0
1762010240233,BTC-PERPETUAL,TICK,0,110238,0
1762010240282,BTC-PERPETUAL,TICK,0,110181,0
1762010240289,BTC-PERPETUAL,TICK,0,110181,0
1762010240336,BTC-PERPETUAL,TICK,0,110236,0
1762010240344,BTC-PERPETUAL,TICK,0,110236,0
1762010240389,BTC-PERPETUAL,TICK,0,110182,0
1762010240397,BTC-PERPETUAL,TICK,0,110182,0
1762010240441,BTC-PERPETUAL,TICK,0,110236,0
1762010240446,BTC-PERPETUAL,TICK,0,110236,0
1762010240494,BTC-PERPETUAL,TICK,0,110182,0
1762010240501,BTC-PERPETUAL,TICK,0,110182,0
1762010240543,BTC-PERPETUAL,TICK,0,110232,0
1762010240550,BTC-PERPETUAL,TICK,0,110232,0
1762010240592,BTC-PERPETUAL,TICK,0,110183,0
1762010240599,BTC-PERPETUAL,TICK,0,110183,0
1762010240649,BTC-PERPETUAL,TICK,0,110232,0
1762010240656,BTC-PERPETUAL,TICK,0,110232,0
1762010240698,BTC-PERPETUAL,TICK,0,110186,0
1762010240706,BTC-PERPETUAL,TICK,0,110186,0
1762010240750,BTC-PERPETUAL,TICK,0,110231,0
1762010240755,BTC-PERPETUAL,TICK,0,110231,0
1762010240802,BTC-PERPETUAL,TICK,0,110187,0
1762010240810,BTC-PERPETUAL,TICK,0,110187,0
1762010240862,BTC-PERPETUAL,TICK,0,110230,0
1762010240869,BTC-PERPETUAL,TICK,0,110230,0
1762010240914,BTC-PERPETUAL,TICK,0,110191,0
1762010240920,BTC-PERPETUAL,TICK,0,110191,0
1762010240958,BTC-PERPETUAL,TICK,0,110230,0
1762010240964,BTC-PERPETUAL,TICK,0,110230,0
1762010241006,BTC-PERPETUAL,TICK,0,110192,0
1762010241014,BTC-PERPETUAL,TICK,0,110192,0
1762010241055,BTC-PERPETUAL,TICK,0,110229,0
1762010241060,BTC-PERPETUAL,TICK,0,110229,0
1762010241100,BTC-PERPETUAL,TICK,0,110192,0
1762010241105,BTC-PERPETUAL,TICK,0,110192,0
1762010241145,BTC-PERPETUAL,TICK,0,110228,0
1762010241151,BTC-PERPETUAL,TICK,0,110228,0
1762010241187,BTC-PERPETUAL,TICK,0,110194,0
1762010241193,BTC-PERPETUAL,TICK,0,110194,0
1762010241229,BTC-PERPETUAL,TICK,0,110228,0
1762010241235,BTC-PERPETUAL,TICK,0,110228,0
1762010241274,BTC-PERPETUAL,TICK,0,110196,0
1762010241279,BTC-PERPETUAL,TICK,0,110196,0
1762010241318,BTC-PERPETUAL,TICK,0,110225,0
1762010241325,BTC-PERPETUAL,TICK,0,110225,0
1762010241358,BTC-PERPETUAL,TICK,0,110197,0
1762010241362,BTC-PERPETUAL,TICK,0,110197,0
1762010241399,BTC-PERPETUAL,TICK,0,110224,0
1762010241406,BTC-PERPETUAL,TICK,0,110224,0
1762010241440,BTC-PERPETUAL,TICK,0,110198,0
1762010241445,BTC-PERPETUAL,TICK,0,110198,0
1762010241481,BTC-PERPETUAL,TICK,0,110224,0
1762010241486,BTC-PERPETUAL,TICK,0,110224,0
1762010241520,BTC-PERPETUAL,TICK,0,110198,0
1762010241525,BTC-PERPETUAL,TICK,0,110198,0
1762010241562,BTC-PERPETUAL,TICK,0,110223,0
1762010241567,BTC-PERPETUAL,TICK,0,110223,0
1762010241603,BTC-PERPETUAL,TICK,0,110201,0
1762010241609,BTC-PERPETUAL,TICK,0,110201,0
1762010241642,BTC-PERPETUAL,TICK,0,110222,0
1762010241648,BTC-PERPETUAL,TICK,0,110222,0
1762010241683,BTC-PERPETUAL,TICK,0,110204,0
1762010241688,BTC-PERPETUAL,TICK,0,110204,0
1762010241721,BTC-PERPETUAL,TICK,0,110222,0
1762010241727,BTC-PERPETUAL,TICK,0,110222,0
1762010241759,BTC-PERPETUAL,TICK,0,110221,0
1762010241764,BTC-PERPETUAL,TICK,0,110221,0
1762010241799,BTC-PERPETUAL,TICK,0,110209,0
1762010241803,BTC-PERPETUAL,TICK,0,110209,0
1762010241838,BTC-PERPETUAL,TICK,0,110220,0
1762010241842,BTC-PERPETUAL,TICK,0,110220,0
1762010241879,BTC-PERPETUAL,TICK,0,110220,0
1762010241885,BTC-PERPETUAL,TICK,0,110220,0
1762010243050,ETH-PERPETUAL,TICK,0,3893.45,0
1762010243053,ETH-PERPETUAL,TICK,0,3893.45,0
1762010243089,ETH-PERPETUAL,TICK,0,3890.1,0
1762010243092,ETH-PERPETUAL,TICK,0,3890.1,0
1762010243120,ETH-PERPETUAL,TICK,0,3893.4,0
1762010243124,ETH-PERPETUAL,TICK,0,3893.4,0
1762010243150,ETH-PERPETUAL,TICK,0,3890.15,0
1762010243152,ETH-PERPETUAL,TICK,0,3890.15,0
1762010243181,ETH-PERPETUAL,TICK,0,3893.25,0
1762010243184,ETH-PERPETUAL,TICK,0,3893.25,0
1762010243212,ETH-PERPETUAL,TICK,0,3890.25,0
1762010243215,ETH-PERPETUAL,TICK,0,3890.25,0
1762010243246,ETH-PERPETUAL,TICK,0,3893.2,0
1762010243249,ETH-PERPETUAL,TICK,0,3893.2,0
1762010243284,ETH-PERPETUAL,TICK,0,3890.3,0
1762010243287,ETH-PERPETUAL,TICK,0,3890.3,0
1762010243320,ETH-PERPETUAL,TICK,0,3893.15,0
1762010243324,ETH-PERPETUAL,TICK,0,3893.15,0
1762010243357,ETH-PERPETUAL,TICK,0,3890.35,0
1762010243361,ETH-PERPETUAL,TICK,0,3890.35,0
1762010243394,ETH-PERPETUAL,TICK,0,3892.95,0
1762010243398,ETH-PERPETUAL,TICK,0,3892.95,0
1762010243432,ETH-PERPETUAL,TICK,0,3890.45,0
1762010243435,ETH-PERPETUAL,TICK,0,3890.45,0
1762010243470,ETH-PERPETUAL,TICK,0,3892.9,0
1762010243475,ETH-PERPETUAL,TICK,0,3892.9,0
1762010243506,ETH-PERPETUAL,TICK,0,3890.5,0
1762010243511,ETH-PERPETUAL,TICK,0,3890.5,0
1762010243544,ETH-PERPETUAL,TICK,0,3892.85,0
1762010243549,ETH-PERPETUAL,TICK,0,3892.85,0
1762010243583,ETH-PERPETUAL,TICK,0,3890.55,0
1762010243588,ETH-PERPETUAL,TICK,0,3890.55,0
1762010243621,ETH-PERPETUAL,TICK,0,3892.8,0
1762010243625,ETH-PERPETUAL,TICK,0,3892.8,0
1762010243657,ETH-PERPETUAL,TICK,0,3890.6,0
1762010243661,ETH-PERPETUAL,TICK,0,3890.6,0
1762010243696,ETH-PERPETUAL,TICK,0,3892.75,0
1762010243699,ETH-PERPETUAL,TICK,0,3892.75,0
1762010243732,ETH-PERPETUAL,TICK,0,3890.65,0
1762010243736,ETH-PERPETUAL,TICK,0,3890.65,0
1762010243768,ETH-PERPETUAL,TICK,0,3892.7,0
1762010243772,ETH-PERPETUAL,TICK,0,3892.7,0
1762010243806,ETH-PERPETUAL,TICK,0,3890.9,0
1762010243810,ETH-PERPETUAL,TICK,0,3890.9,0
1762010243842,ETH-PERPETUAL,TICK,0,3892.65,0
1762010243846,ETH-PERPETUAL,TICK,0,3892.65,0
1762010243882,ETH-PERPETUAL,TICK,0,3891,0
1762010243888,ETH-PERPETUAL,TICK,0,3891,0
1762010243920,ETH-PERPETUAL,TICK,0,3892.55,0
1762010243925,ETH-PERPETUAL,TICK,0,3892.55,0
1762010243956,ETH-PERPETUAL,TICK,0,3891.05,0
1762010243962,ETH-PERPETUAL,TICK,0,3891.05,0
1762010243994,ETH-PERPETUAL,TICK,0,3892.5,0
1762010243999,ETH-PERPETUAL,TICK,0,3892.5,0
1762010244031,ETH-PERPETUAL,TICK,0,3891.1,0
1762010244035,ETH-PERPETUAL,TICK,0,3891.1,0
1762010244074,ETH-PERPETUAL,TICK,0,3892.45,0
1762010244078,ETH-PERPETUAL,TICK,0,3892.45,0
1762010244110,ETH-PERPETUAL,TICK,0,3891.15,0
1762010244113,ETH-PERPETUAL,TICK,0,3891.15,0
1762010244148,ETH-PERPETUAL,TICK,0,3892.2,0
1762010244151,ETH-PERPETUAL,TICK,0,3892.2,0
1762010244187,ETH-PERPETUAL,TICK,0,3891.25,0
1762010244191,ETH-PERPETUAL,TICK,0,3891.25,0
1762010244223,ETH-PERPETUAL,TICK,0,3892.05,0
1762010244228,ETH-PERPETUAL,TICK,0,3892.05,0
1762010244260,ETH-PERPETUAL,TICK,0,3891.3,0
1762010244265,ETH-PERPETUAL,TICK,0,3891.3,0
1762010244297,ETH-PERPETUAL,TICK,0,3892,0
1762010244301,ETH-PERPETUAL,TICK,0,3892,0
1762010244334,ETH-PERPETUAL,TICK,0,3891.5,0
1762010244337,ETH-PERPETUAL,TICK,0,3891.5,0
1762010244371,ETH-PERPETUAL,TICK,0,3891.95,0
1762010244374,ETH-PERPETUAL,TICK,0,3891.95,0
1762010244408,ETH-PERPETUAL,TICK,0,3891.6,0
1762010244412,ETH-PERPETUAL,TICK,0,3891.6,0
1762010244445,ETH-PERPETUAL,TICK,0,3891.8,0
1762010244449,ETH-PERPETUAL,TICK,0,3891.8,0
1762010244482,ETH-PERPETUAL,TICK,0,3891.75,0
1762010244486,ETH-PERPETUAL,TICK,0,3891.75,0
1762010244622,BTC-PERPETUAL,TICK,0,110238,0
1762010244625,BTC-PERPETUAL,TICK,0,110238,0
1762010244663,BTC-PERPETUAL,TICK,0,110220,0
1762010244666,BTC-PERPETUAL,TICK,0,110220,0
1762010244703,BTC-PERPETUAL,TICK,0,110236,0
1762010244707,BTC-PERPETUAL,TICK,0,110236,0
1762010244739,BTC-PERPETUAL,TICK,0,110193,0
1762010244745,BTC-PERPETUAL,TICK,0,110193,0
1762010244778,BTC-PERPETUAL,TICK,0,110236,0
1762010244782,BTC-PERPETUAL,TICK,0,110236,0
1762010244817,BTC-PERPETUAL,TICK,0,110194,0
1762010244820,BTC-PERPETUAL,TICK,0,110194,0
1762010244853,BTC-PERPETUAL,TICK,0,110236,0
1762010244857,BTC-PERPETUAL,TICK,0,110236,0
1762010244891,BTC-PERPETUAL,TICK,0,110197,0
1762010244896,BTC-PERPETUAL,TICK,0,110197,0
1762010244934,BTC-PERPETUAL,TICK,0,110234,0
1762010244936,BTC-PERPETUAL,TICK,0,110234,0
1762010244975,BTC-PERPETUAL,TICK,0,110198,0
1762010244979,BTC-PERPETUAL,TICK,0,110198,0
1762010245020,BTC-PERPETUAL,TICK,0,110234,0
1762010245024,BTC-PERPETUAL,TICK,0,110234,0
1762010245068,BTC-PERPETUAL,TICK,0,110198,0
1762010245072,BTC-PERPETUAL,TICK,0,110198,0
1762010245109,BTC-PERPETUAL,TICK,0,110232,0
1762010245113,BTC-PERPETUAL,TICK,0,110232,0
1762010245151,BTC-PERPETUAL,TICK,0,110199,0
1762010245157,BTC-PERPETUAL,TICK,0,110199,0
1762010245190,BTC-PERPETUAL,TICK,0,110232,0
1762010245195,BTC-PERPETUAL,TICK,0,110232,0
1762010245230,BTC-PERPETUAL,TICK,0,110204,0
1762010245236,BTC-PERPETUAL,TICK,0,110204,0
1762010245269,BTC-PERPETUAL,TICK,0,110231,0
1762010245276,BTC-PERPETUAL,TICK,0,110231,0
1762010245312,BTC-PERPETUAL,TICK,0,110204,0
1762010245317,BTC-PERPETUAL,TICK,0,110204,0
1762010245349,BTC-PERPETUAL,TICK,0,110230,0
1762010245355,BTC-PERPETUAL,TICK,0,110230,0
1762010245388,BTC-PERPETUAL,TICK,0,110205,0
1762010245394,BTC-PERPETUAL,TICK,0,110205,0
1762010245427,BTC-PERPETUAL,TICK,0,110229,0
1762010245432,BTC-PERPETUAL,TICK,0,110229,0
1762010245466,BTC-PERPETUAL,TICK,0,110206,0
1762010245472,BTC-PERPETUAL,TICK,0,110206,0
1762010245504,BTC-PERPETUAL,TICK,0,110228,0
1762010245511,BTC-PERPETUAL,TICK,0,110228,0
1762010245541,BTC-PERPETUAL,TICK,0,110206,0
1762010245545,BTC-PERPETUAL,TICK,0,110206,0
1762010245580,BTC-PERPETUAL,TICK,0,110228,0
1762010245583,BTC-PERPETUAL,TICK,0,110228,0
1762010245616,BTC-PERPETUAL,TICK,0,110207,0
1762010245619,BTC-PERPETUAL,TICK,0,110207,0
1762010245654,BTC-PERPETUAL,TICK,0,110226,0
1762010245657,BTC-PERPETUAL,TICK,0,110226,0
1762010245691,BTC-PERPETUAL,TICK,0,110208,0
1762010245695,BTC-PERPETUAL,TICK,0,110208,0
1762010245728,BTC-PERPETUAL,TICK,0,110226,0
1762010245733,BTC-PERPETUAL,TICK,0,110226,0
1762010245764,BTC-PERPETUAL,TICK,0,110208,0
1762010245770,BTC-PERPETUAL,TICK,0,110208,0
1762010245802,BTC-PERPETUAL,TICK,0,110225,0
1762010245808,BTC-PERPETUAL,TICK,0,110225,0
1762010245840,BTC-PERPETUAL,TICK,0,110208,0
1762010245846,BTC-PERPETUAL,TICK,0,110208,0
1762010245880,BTC-PERPETUAL,TICK,0,110223,0
1762010245885,BTC-PERPETUAL,TICK,0,110223,0
1762010245916,BTC-PERPETUAL,TICK,0,110209,0
1762010245921,BTC-PERPETUAL,TICK,0,110209,0
1762010245951,BTC-PERPETUAL,TICK,0,110222,0
1762010245956,BTC-PERPETUAL,TICK,0,110222,0
1762010245989,BTC-PERPETUAL,TICK,0,110210,0
1762010245995,BTC-PERPETUAL,TICK,0,110210,0
1762010246027,BTC-PERPETUAL,TICK,0,110221,0
1762010246033,BTC-PERPETUAL,TICK,0,110221,0
1762010246064,BTC-PERPETUAL,TICK,0,110212,0
1762010246069,BTC-PERPETUAL,TICK,0,110212,0
1762010246104,BTC-PERPETUAL,TICK,0,110220,0
1762010246109,BTC-PERPETUAL,TICK,0,110220,0
1762010246141,BTC-PERPETUAL,TICK,0,110220,0
1762010246147,BTC-PERPETUAL,TICK,0,110220,0
1762010248347,ETH-PERPETUAL,TICK,0,3893.05,0
1762010248351,ETH-PERPETUAL,TICK,0,3893.05,0
1762010248393,ETH-PERPETUAL,TICK,0,3889.9,0
1762010248397,ETH-PERPETUAL,TICK,0,3889.9,0
1762010248426,ETH-PERPETUAL,TICK,0,3893,0
1762010248431,ETH-PERPETUAL,TICK,0,3893,0
1762010248460,ETH-PERPETUAL,TICK,0,3890,0
1762010248464,ETH-PERPETUAL,TICK,0,3890,0
1762010248491,ETH-PERPETUAL,TICK,0,3892.95,0
1762010248495,ETH-PERPETUAL,TICK,0,3892.95,0
1762010248524,ETH-PERPETUAL,TICK,0,3890.05,0
1762010248528,ETH-PERPETUAL,TICK,0,3890.05,0
1762010248559,ETH-PERPETUAL,TICK,0,3892.9,0
1762010248562,ETH-PERPETUAL,TICK,0,3892.9,0
1762010248592,ETH-PERPETUAL,TICK,0,3890.15,0
1762010248597,ETH-PERPETUAL,TICK,0,3890.15,0
1762010248626,ETH-PERPETUAL,TICK,0,3892.8,0
1762010248629,ETH-PERPETUAL,TICK,0,3892.8,0
1762010248660,ETH-PERPETUAL,TICK,0,3890.25,0
1762010248663,ETH-PERPETUAL,TICK,0,3890.25,0
1762010248695,ETH-PERPETUAL,TICK,0,3892.75,0
1762010248699,ETH-PERPETUAL,TICK,0,3892.75,0
1762010248729,ETH-PERPETUAL,TICK,0,3890.3,0
1762010248732,ETH-PERPETUAL,TICK,0,3890.3,0
1762010248763,ETH-PERPETUAL,TICK,0,3892.7,0
1762010248766,ETH-PERPETUAL,TICK,0,3892.7,0
1762010248799,ETH-PERPETUAL,TICK,0,3890.35,0
1762010248802,ETH-PERPETUAL,TICK,0,3890.35,0
1762010248834,ETH-PERPETUAL,TICK,0,3892.6,0
1762010248839,ETH-PERPETUAL,TICK,0,3892.6,0
1762010248869,ETH-PERPETUAL,TICK,0,3890.4,0
1762010248874,ETH-PERPETUAL,TICK,0,3890.4,0
1762010248905,ETH-PERPETUAL,TICK,0,3892.55,0
1762010248909,ETH-PERPETUAL,TICK,0,3892.55,0
1762010248940,ETH-PERPETUAL,TICK,0,3890.5,0
1762010248944,ETH-PERPETUAL,TICK,0,3890.5,0
1762010248975,ETH-PERPETUAL,TICK,0,3892.5,0
1762010248980,ETH-PERPETUAL,TICK,0,3892.5,0
1762010249012,ETH-PERPETUAL,TICK,0,3890.55,0
1762010249016,ETH-PERPETUAL,TICK,0,3890.55,0
1762010249048,ETH-PERPETUAL,TICK,0,3892.45,0
1762010249054,ETH-PERPETUAL,TICK,0,3892.45,0
1762010249084,ETH-PERPETUAL,TICK,0,3890.6,0
1762010249089,ETH-PERPETUAL,TICK,0,3890.6,0
1762010249120,ETH-PERPETUAL,TICK,0,3892.35,0
1762010249125,ETH-PERPETUAL,TICK,0,3892.35,0
1762010249155,ETH-PERPETUAL,TICK,0,3890.65,0
1762010249159,ETH-PERPETUAL,TICK,0,3890.65,0
1762010249191,ETH-PERPETUAL,TICK,0,3892.3,0
1762010249196,ETH-PERPETUAL,TICK,0,3892.3,0
1762010249228,ETH-PERPETUAL,TICK,0,3890.75,0
1762010249232,ETH-PERPETUAL,TICK,0,3890.75,0
1762010249267,ETH-PERPETUAL,TICK,0,3892.25,0
1762010249271,ETH-PERPETUAL,TICK,0,3892.25,0
1762010249302,ETH-PERPETUAL,TICK,0,3891,0
1762010249306,ETH-PERPETUAL,TICK,0,3891,0
1762010249341,ETH-PERPETUAL,TICK,0,3892.2,0
1762010249346,ETH-PERPETUAL,TICK,0,3892.2,0
1762010249377,ETH-PERPETUAL,TICK,0,3891.1,0
1762010249383,ETH-PERPETUAL,TICK,0,3891.1,0
1762010249414,ETH-PERPETUAL,TICK,0,3892.05,0
1762010249418,ETH-PERPETUAL,TICK,0,3892.05,0
1762010249453,ETH-PERPETUAL,TICK,0,3891.15,0
1762010249456,ETH-PERPETUAL,TICK,0,3891.15,0
1762010249492,ETH-PERPETUAL,TICK,0,3892,0
1762010249496,ETH-PERPETUAL,TICK,0,3892,0
1762010249529,ETH-PERPETUAL,TICK,0,3891.25,0
1762010249532,ETH-PERPETUAL,TICK,0,3891.25,0
1762010249565,ETH-PERPETUAL,TICK,0,3891.8,0
1762010249571,ETH-PERPETUAL,TICK,0,3891.8,0
1762010249602,ETH-PERPETUAL,TICK,0,3891.3,0
1762010249606,ETH-PERPETUAL,TICK,0,3891.3,0
1762010249641,ETH-PERPETUAL,TICK,0,3891.75,0
1762010249644,ETH-PERPETUAL,TICK,0,3891.75,0
1762010249677,ETH-PERPETUAL,TICK,0,3891.5,0
1762010249681,ETH-PERPETUAL,TICK,0,3891.5,0
1762010249715,ETH-PERPETUAL,TICK,0,3891.65,0
1762010249719,ETH-PERPETUAL,TICK,0,3891.65,0
1762010249751,ETH-PERPETUAL,TICK,0,3891.6,0
1762010249754,ETH-PERPETUAL,TICK,0,3891.6,0
1762010249918,BTC-PERPETUAL,TICK,0,110242,0
1762010249921,BTC-PERPETUAL,TICK,0,110242,0
1762010249957,BTC-PERPETUAL,TICK,0,110220,0
1762010249961,BTC-PERPETUAL,TICK,0,110220,0
1762010249992,BTC-PERPETUAL,TICK,0,110240,0
1762010249996,BTC-PERPETUAL,TICK,0,110240,0
1762010250028,BTC-PERPETUAL,TICK,0,110199,0
1762010250031,BTC-PERPETUAL,TICK,0,110199,0
1762010250065,BTC-PERPETUAL,TICK,0,110238,0
1762010250070,BTC-PERPETUAL,TICK,0,110238,0
1762010250102,BTC-PERPETUAL,TICK,0,110204,0
1762010250108,BTC-PERPETUAL,TICK,0,110204,0
1762010250142,BTC-PERPETUAL,TICK,0,110236,0
1762010250144,BTC-PERPETUAL,TICK,0,110236,0
1762010250180,BTC-PERPETUAL,TICK,0,110205,0
1762010250184,BTC-PERPETUAL,TICK,0,110205,0
1762010250222,BTC-PERPETUAL,TICK,0,110236,0
1762010250227,BTC-PERPETUAL,TICK,0,110236,0
1762010250264,BTC-PERPETUAL,TICK,0,110206,0
1762010250269,BTC-PERPETUAL,TICK,0,110206,0
1762010250302,BTC-PERPETUAL,TICK,0,110235,0
1762010250307,BTC-PERPETUAL,TICK,0,110235,0
1762010250340,BTC-PERPETUAL,TICK,0,110208,0
1762010250345,BTC-PERPETUAL,TICK,0,110208,0
1762010250377,BTC-PERPETUAL,TICK,0,110233,0
1762010250383,BTC-PERPETUAL,TICK,0,110233,0
1762010250416,BTC-PERPETUAL,TICK,0,110208,0
1762010250422,BTC-PERPETUAL,TICK,0,110208,0
1762010250456,BTC-PERPETUAL,TICK,0,110228,0
1762010250460,BTC-PERPETUAL,TICK,0,110228,0
1762010250494,BTC-PERPETUAL,TICK,0,110209,0
1762010250499,BTC-PERPETUAL,TICK,0,110209,0
1762010250532,BTC-PERPETUAL,TICK,0,110232,0
1762010250536,BTC-PERPETUAL,TICK,0,110232,0
1762010250571,BTC-PERPETUAL,TICK,0,110210,0
1762010250575,BTC-PERPETUAL,TICK,0,110210,0
1762010250609,BTC-PERPETUAL,TICK,0,110231,0
1762010250615,BTC-PERPETUAL,TICK,0,110231,0
1762010250646,BTC-PERPETUAL,TICK,0,110210,0
1762010250650,BTC-PERPETUAL,TICK,0,110210,0
1762010250683,BTC-PERPETUAL,TICK,0,110230,0
1762010250687,BTC-PERPETUAL,TICK,0,110230,0
1762010250722,BTC-PERPETUAL,TICK,0,110213,0
1762010250728,BTC-PERPETUAL,TICK,0,110213,0
1762010250762,BTC-PERPETUAL,TICK,0,110230,0
1762010250766,BTC-PERPETUAL,TICK,0,110230,0
1762010250798,BTC-PERPETUAL,TICK,0,110214,0
1762010250801,BTC-PERPETUAL,TICK,0,110214,0
1762010250838,BTC-PERPETUAL,TICK,0,110230,0
1762010250842,BTC-PERPETUAL,TICK,0,110230,0
1762010250875,BTC-PERPETUAL,TICK,0,110214,0
1762010250879,BTC-PERPETUAL,TICK,0,110214,0
1762010250915,BTC-PERPETUAL,TICK,0,110226,0
1762010250919,BTC-PERPETUAL,TICK,0,110226,0
1762010250955,BTC-PERPETUAL,TICK,0,110214,0
1762010250959,BTC-PERPETUAL,TICK,0,110214,0
1762010250995,BTC-PERPETUAL,TICK,0,110225,0
1762010250998,BTC-PERPETUAL,TICK,0,110225,0
1762010251032,BTC-PERPETUAL,TICK,0,110215,0
1762010251035,BTC-PERPETUAL,TICK,0,110215,0
1762010251071,BTC-PERPETUAL,TICK,0,110223,0
1762010251075,BTC-PERPETUAL,TICK,0,110223,0
1762010251110,BTC-PERPETUAL,TICK,0,110216,0
1762010251114,BTC-PERPETUAL,TICK,0,110216,0
1762010251151,BTC-PERPETUAL,TICK,0,110222,0
1762010251156,BTC-PERPETUAL,TICK,0,110222,0
1762010251188,BTC-PERPETUAL,TICK,0,110216,0
1762010251192,BTC-PERPETUAL,TICK,0,110216,0
1762010251228,BTC-PERPETUAL,TICK,0,110222,0
1762010251233,BTC-PERPETUAL,TICK,0,110222,0
1762010251270,BTC-PERPETUAL,TICK,0,110216,0
1762010251273,BTC-PERPETUAL,TICK,0,110216,0
1762010251308,BTC-PERPETUAL,TICK,0,110221,0
1762010251312,BTC-PERPETUAL,TICK,0,110221,0
1762010251347,BTC-PERPETUAL,TICK,0,110217,0
1762010251353,BTC-PERPETUAL,TICK,0,110217,0
1762010251389,BTC-PERPETUAL,TICK,0,110220,0
1762010251397,BTC-PERPETUAL,TICK,0,110220,0
1762010251430,BTC-PERPETUAL,TICK,0,110220,0
1762010251434,BTC-PERPETUAL,TICK,0,110220,0
1762010253637,ETH-PERPETUAL,TICK,0,3892.9,0
1762010253643,ETH-PERPETUAL,TICK,0,3892.9,0
1762010253687,ETH-PERPETUAL,TICK,0,3889.8,0
1762010253695,ETH-PERPETUAL,TICK,0,3889.8,0
1762010253723,ETH-PERPETUAL,TICK,0,3892.8,0
1762010253727,ETH-PERPETUAL,TICK,0,3892.8,0
1762010253756,ETH-PERPETUAL,TICK,0,3889.85,0
1762010253759,ETH-PERPETUAL,TICK,0,3889.85,0
1762010253790,ETH-PERPETUAL,TICK,0,3892.75,0
1762010253793,ETH-PERPETUAL,TICK,0,3892.75,0
1762010253821,ETH-PERPETUAL,TICK,0,3890,0
1762010253826,ETH-PERPETUAL,TICK,0,3890,0
1762010253855,ETH-PERPETUAL,TICK,0,3892.7,0
1762010253858,ETH-PERPETUAL,TICK,0,3892.7,0
1762010253889,ETH-PERPETUAL,TICK,0,3890.05,0
1762010253894,ETH-PERPETUAL,TICK,0,3890.05,0
1762010253928,ETH-PERPETUAL,TICK,0,3892.6,0
1762010253932,ETH-PERPETUAL,TICK,0,3892.6,0
1762010253963,ETH-PERPETUAL,TICK,0,3890.1,0
1762010253967,ETH-PERPETUAL,TICK,0,3890.1,0
1762010253995,ETH-PERPETUAL,TICK,0,3892.55,0
1762010254000,ETH-PERPETUAL,TICK,0,3892.55,0
1762010254029,ETH-PERPETUAL,TICK,0,3890.15,0
1762010254034,ETH-PERPETUAL,TICK,0,3890.15,0
1762010254062,ETH-PERPETUAL,TICK,0,3892.5,0
1762010254067,ETH-PERPETUAL,TICK,0,3892.5,0
1762010254096,ETH-PERPETUAL,TICK,0,3890.25,0
1762010254100,ETH-PERPETUAL,TICK,0,3890.25,0
1762010254130,ETH-PERPETUAL,TICK,0,3892.35,0
1762010254135,ETH-PERPETUAL,TICK,0,3892.35,0
1762010254166,ETH-PERPETUAL,TICK,0,3890.35,0
1762010254171,ETH-PERPETUAL,TICK,0,3890.35,0
1762010254203,ETH-PERPETUAL,TICK,0,3892.3,0
1762010254208,ETH-PERPETUAL,TICK,0,3892.3,0
1762010254238,ETH-PERPETUAL,TICK,0,3890.4,0
1762010254242,ETH-PERPETUAL,TICK,0,3890.4,0
1762010254271,ETH-PERPETUAL,TICK,0,3892.25,0
1762010254277,ETH-PERPETUAL,TICK,0,3892.25,0
1762010254308,ETH-PERPETUAL,TICK,0,3890.5,0
1762010254313,ETH-PERPETUAL,TICK,0,3890.5,0
1762010254342,ETH-PERPETUAL,TICK,0,3892.2,0
1762010254346,ETH-PERPETUAL,TICK,0,3892.2,0
1762010254377,ETH-PERPETUAL,TICK,0,3892.05,0
1762010254380,ETH-PERPETUAL,TICK,0,3892.05,0
1762010254418,ETH-PERPETUAL,TICK,0,3890.6,0
1762010254423,ETH-PERPETUAL,TICK,0,3890.6,0
1762010254452,ETH-PERPETUAL,TICK,0,3892,0
1762010254457,ETH-PERPETUAL,TICK,0,3892,0
1762010254488,ETH-PERPETUAL,TICK,0,3890.65,0
1762010254492,ETH-PERPETUAL,TICK,0,3890.65,0
1762010254527,ETH-PERPETUAL,TICK,0,3891.9,0
1762010254533,ETH-PERPETUAL,TICK,0,3891.9,0
1762010254567,ETH-PERPETUAL,TICK,0,3890.7,0
1762010254572,ETH-PERPETUAL,TICK,0,3890.7,0
1762010254602,ETH-PERPETUAL,TICK,0,3891.85,0
1762010254608,ETH-PERPETUAL,TICK,0,3891.85,0
1762010254638,ETH-PERPETUAL,TICK,0,3890.75,0
1762010254643,ETH-PERPETUAL,TICK,0,3890.75,0
1762010254677,ETH-PERPETUAL,TICK,0,3891.7,0
1762010254683,ETH-PERPETUAL,TICK,0,3891.7,0
1762010254720,ETH-PERPETUAL,TICK,0,3890.8,0
1762010254724,ETH-PERPETUAL,TICK,0,3890.8,0
1762010254761,ETH-PERPETUAL,TICK,0,3891.65,0
1762010254766,ETH-PERPETUAL,TICK,0,3891.65,0
1762010254801,ETH-PERPETUAL,TICK,0,3890.85,0
1762010254807,ETH-PERPETUAL,TICK,0,3890.85,0
1762010254844,ETH-PERPETUAL,TICK,0,3891.6,0
1762010254851,ETH-PERPETUAL,TICK,0,3891.6,0
1762010254884,ETH-PERPETUAL,TICK,0,3890.9,0
1762010254889,ETH-PERPETUAL,TICK,0,3890.9,0
1762010254922,ETH-PERPETUAL,TICK,0,3891.55,0
1762010254927,ETH-PERPETUAL,TICK,0,3891.55,0
1762010254960,ETH-PERPETUAL,TICK,0,3891,0
1762010254964,ETH-PERPETUAL,TICK,0,3891,0
1762010254999,ETH-PERPETUAL,TICK,0,3891.3,0
1762010255004,ETH-PERPETUAL,TICK,0,3891.3,0
1762010255036,ETH-PERPETUAL,TICK,0,3891.25,0
1762010255041,ETH-PERPETUAL,TICK,0,3891.25,0
1762010255199,BTC-PERPETUAL,TICK,0,110242,0
1762010255204,BTC-PERPETUAL,TICK,0,110242,0
1762010255237,BTC-PERPETUAL,TICK,0,110220,0
1762010255242,BTC-PERPETUAL,TICK,0,110220,0
1762010255279,BTC-PERPETUAL,TICK,0,110240,0
1762010255284,BTC-PERPETUAL,TICK,0,110240,0
1762010255318,BTC-PERPETUAL,TICK,0,110192,0
1762010255320,BTC-PERPETUAL,TICK,0,110192,0
1762010255360,BTC-PERPETUAL,TICK,0,110238,0
1762010255367,BTC-PERPETUAL,TICK,0,110238,0
1762010255406,BTC-PERPETUAL,TICK,0,110194,0
1762010255412,BTC-PERPETUAL,TICK,0,110194,0
1762010255450,BTC-PERPETUAL,TICK,0,110236,0
1762010255454,BTC-PERPETUAL,TICK,0,110236,0
1762010255492,BTC-PERPETUAL,TICK,0,110194,0
1762010255498,BTC-PERPETUAL,TICK,0,110194,0
1762010255534,BTC-PERPETUAL,TICK,0,110236,0
1762010255540,BTC-PERPETUAL,TICK,0,110236,0
1762010255576,BTC-PERPETUAL,TICK,0,110198,0
1762010255582,BTC-PERPETUAL,TICK,0,110198,0
1762010255616,BTC-PERPETUAL,TICK,0,110235,0
1762010255622,BTC-PERPETUAL,TICK,0,110235,0
1762010255655,BTC-PERPETUAL,TICK,0,110198,0
1762010255661,BTC-PERPETUAL,TICK,0,110198,0
1762010255696,BTC-PERPETUAL,TICK,0,110233,0
1762010255700,BTC-PERPETUAL,TICK,0,110233,0
1762010255735,BTC-PERPETUAL,TICK,0,110200,0
1762010255740,BTC-PERPETUAL,TICK,0,110200,0
1762010255774,BTC-PERPETUAL,TICK,0,110232,0
1762010255780,BTC-PERPETUAL,TICK,0,110232,0
1762010255814,BTC-PERPETUAL,TICK,0,110200,0
1762010255819,BTC-PERPETUAL,TICK,0,110200,0
1762010255854,BTC-PERPETUAL,TICK,0,110232,0
1762010255860,BTC-PERPETUAL,TICK,0,110232,0
1762010255892,BTC-PERPETUAL,TICK,0,110204,0
1762010255897,BTC-PERPETUAL,TICK,0,110204,0
1762010255929,BTC-PERPETUAL,TICK,0,110231,0
1762010255935,BTC-PERPETUAL,TICK,0,110231,0
1762010255968,BTC-PERPETUAL,TICK,0,110205,0
1762010255973,BTC-PERPETUAL,TICK,0,110205,0
1762010256006,BTC-PERPETUAL,TICK,0,110230,0
1762010256012,BTC-PERPETUAL,TICK,0,110230,0
1762010256045,BTC-PERPETUAL,TICK,0,110206,0
1762010256051,BTC-PERPETUAL,TICK,0,110206,0
1762010256084,BTC-PERPETUAL,TICK,0,110230,0
1762010256089,BTC-PERPETUAL,TICK,0,110230,0
1762010256122,BTC-PERPETUAL,TICK,0,110206,0
1762010256126,BTC-PERPETUAL,TICK,0,110206,0
1762010256165,BTC-PERPETUAL,TICK,0,110226,0
1762010256171,BTC-PERPETUAL,TICK,0,110226,0
1762010256204,BTC-PERPETUAL,TICK,0,110206,0
1762010256209,BTC-PERPETUAL,TICK,0,110206,0
1762010256240,BTC-PERPETUAL,TICK,0,110226,0
1762010256245,BTC-PERPETUAL,TICK,0,110226,0
1762010256280,BTC-PERPETUAL,TICK,0,110207,0
1762010256286,BTC-PERPETUAL,TICK,0,110207,0
1762010256317,BTC-PERPETUAL,TICK,0,110225,0
1762010256321,BTC-PERPETUAL,TICK,0,110225,0
1762010256354,BTC-PERPETUAL,TICK,0,110208,0
1762010256359,BTC-PERPETUAL,TICK,0,110208,0
1762010256391,BTC-PERPETUAL,TICK,0,110223,0
1762010256396,BTC-PERPETUAL,TICK,0,110223,0
1762010256432,BTC-PERPETUAL,TICK,0,110208,0
1762010256436,BTC-PERPETUAL,TICK,0,110208,0
1762010256468,BTC-PERPETUAL,TICK,0,110222,0
1762010256474,BTC-PERPETUAL,TICK,0,110222,0
1762010256505,BTC-PERPETUAL,TICK,0,110208,0
1762010256509,BTC-PERPETUAL,TICK,0,110208,0
1762010256545,BTC-PERPETUAL,TICK,0,110222,0
1762010256549,BTC-PERPETUAL,TICK,0,110222,0
1762010256582,BTC-PERPETUAL,TICK,0,110209,0
1762010256586,BTC-PERPETUAL,TICK,0,110209,0
1762010256618,BTC-PERPETUAL,TICK,0,110221,0
1762010256623,BTC-PERPETUAL,TICK,0,110221,0
1762010256654,BTC-PERPETUAL,TICK,0,110210,0
1762010256657,BTC-PERPETUAL,TICK,0,110210,0
1762010256691,BTC-PERPETUAL,TICK,0,110220,0
1762010256695,BTC-PERPETUAL,TICK,0,110220,0
1762010256730,BTC-PERPETUAL,TICK,0,110220,0
1762010256734,BTC-PERPETUAL,TICK,0,110220,0
1762010257201,ETH-PERPETUAL,TICK,0,3892.05,0
1762010257207,ETH-PERPETUAL,TICK,0,3892.05,0
1762010257249,ETH-PERPETUAL,TICK,0,3888.6,0
1762010257253,ETH-PERPETUAL,TICK,0,3888.6,0
1762010257285,ETH-PERPETUAL,TICK,0,3892,0
1762010257289,ETH-PERPETUAL,TICK,0,3892,0
1762010257324,ETH-PERPETUAL,TICK,0,3888.75,0
1762010257328,ETH-PERPETUAL,TICK,0,3888.75,0
1762010257356,ETH-PERPETUAL,TICK,0,3891.9,0
1762010257361,ETH-PERPETUAL,TICK,0,3891.9,0
1762010257389,ETH-PERPETUAL,TICK,0,3888.8,0
1762010257394,ETH-PERPETUAL,TICK,0,3888.8,0
1762010257422,ETH-PERPETUAL,TICK,0,3891.85,0
1762010257425,ETH-PERPETUAL,TICK,0,3891.85,0
1762010257450,ETH-PERPETUAL,TICK,0,3888.85,0
1762010257454,ETH-PERPETUAL,TICK,0,3888.85,0
1762010257483,ETH-PERPETUAL,TICK,0,3891.8,0
1762010257488,ETH-PERPETUAL,TICK,0,3891.8,0
1762010257517,ETH-PERPETUAL,TICK,0,3888.9,0
1762010257521,ETH-PERPETUAL,TICK,0,3888.9,0
1762010257552,ETH-PERPETUAL,TICK,0,3891.75,0
1762010257556,ETH-PERPETUAL,TICK,0,3891.75,0
1762010257587,ETH-PERPETUAL,TICK,0,3889.05,0
1762010257593,ETH-PERPETUAL,TICK,0,3889.05,0
1762010257623,ETH-PERPETUAL,TICK,0,3891.7,0
1762010257628,ETH-PERPETUAL,TICK,0,3891.7,0
1762010257663,ETH-PERPETUAL,TICK,0,3889.1,0
1762010257668,ETH-PERPETUAL,TICK,0,3889.1,0
1762010257700,ETH-PERPETUAL,TICK,0,3891.65,0
1762010257706,ETH-PERPETUAL,TICK,0,3891.65,0
1762010257743,ETH-PERPETUAL,TICK,0,3889.15,0
1762010257749,ETH-PERPETUAL,TICK,0,3889.15,0
1762010257786,ETH-PERPETUAL,TICK,0,3891.45,0
1762010257792,ETH-PERPETUAL,TICK,0,3891.45,0
1762010257827,ETH-PERPETUAL,TICK,0,3889.2,0
1762010257833,ETH-PERPETUAL,TICK,0,3889.2,0
1762010257869,ETH-PERPETUAL,TICK,0,3891.4,0
1762010257875,ETH-PERPETUAL,TICK,0,3891.4,0
1762010257910,ETH-PERPETUAL,TICK,0,3889.25,0
1762010257915,ETH-PERPETUAL,TICK,0,3889.25,0
1762010257954,ETH-PERPETUAL,TICK,0,3891.35,0
1762010257958,ETH-PERPETUAL,TICK,0,3891.35,0
1762010257991,ETH-PERPETUAL,TICK,0,3889.3,0
1762010257997,ETH-PERPETUAL,TICK,0,3889.3,0
1762010258032,ETH-PERPETUAL,TICK,0,3891.3,0
1762010258038,ETH-PERPETUAL,TICK,0,3891.3,0
1762010258070,ETH-PERPETUAL,TICK,0,3889.35,0
1762010258075,ETH-PERPETUAL,TICK,0,3889.35,0
1762010258109,ETH-PERPETUAL,TICK,0,3891.25,0
1762010258115,ETH-PERPETUAL,TICK,0,3891.25,0
1762010258147,ETH-PERPETUAL,TICK,0,3889.4,0
1762010258151,ETH-PERPETUAL,TICK,0,3889.4,0
1762010258186,ETH-PERPETUAL,TICK,0,3891.05,0
1762010258191,ETH-PERPETUAL,TICK,0,3891.05,0
1762010258225,ETH-PERPETUAL,TICK,0,3889.5,0
1762010258230,ETH-PERPETUAL,TICK,0,3889.5,0
1762010258263,ETH-PERPETUAL,TICK,0,3891,0
1762010258268,ETH-PERPETUAL,TICK,0,3891,0
1762010258302,ETH-PERPETUAL,TICK,0,3889.6,0
1762010258307,ETH-PERPETUAL,TICK,0,3889.6,0
1762010258339,ETH-PERPETUAL,TICK,0,3890.9,0
1762010258344,ETH-PERPETUAL,TICK,0,3890.9,0
1762010258378,ETH-PERPETUAL,TICK,0,3889.65,0
1762010258384,ETH-PERPETUAL,TICK,0,3889.65,0
1762010258417,ETH-PERPETUAL,TICK,0,3890.85,0
1762010258423,ETH-PERPETUAL,TICK,0,3890.85,0
1762010258457,ETH-PERPETUAL,TICK,0,3889.75,0
1762010258462,ETH-PERPETUAL,TICK,0,3889.75,0
1762010258495,ETH-PERPETUAL,TICK,0,3890.45,0
1762010258499,ETH-PERPETUAL,TICK,0,3890.45,0
1762010258532,ETH-PERPETUAL,TICK,0,3890,0
1762010258537,ETH-PERPETUAL,TICK,0,3890,0
1762010258569,ETH-PERPETUAL,TICK,0,3890.35,0
1762010258573,ETH-PERPETUAL,TICK,0,3890.35,0
1762010258606,ETH-PERPETUAL,TICK,0,3890.05,0
1762010258610,ETH-PERPETUAL,TICK,0,3890.05,0
1762010258644,ETH-PERPETUAL,TICK,0,3890.3,0
1762010258649,ETH-PERPETUAL,TICK,0,3890.3,0
1762010258682,ETH-PERPETUAL,TICK,0,3890.25,0
1762010258686,ETH-PERPETUAL,TICK,0,3890.25,0
1762010258796,BTC-PERPETUAL,TICK,0,110238,0
1762010258799,BTC-PERPETUAL,TICK,0,110238,0
1762010258841,BTC-PERPETUAL,TICK,0,110220,0
1762010258845,BTC-PERPETUAL,TICK,0,110220,0
1762010258885,BTC-PERPETUAL,TICK,0,110236,0
1762010258892,BTC-PERPETUAL,TICK,0,110236,0
1762010258930,BTC-PERPETUAL,TICK,0,110194,0
1762010258936,BTC-PERPETUAL,TICK,0,110194,0
1762010258972,BTC-PERPETUAL,TICK,0,110236,0
1762010258977,BTC-PERPETUAL,TICK,0,110236,0
1762010259017,BTC-PERPETUAL,TICK,0,110194,0
1762010259022,BTC-PERPETUAL,TICK,0,110194,0
1762010259062,BTC-PERPETUAL,TICK,0,110235,0
1762010259068,BTC-PERPETUAL,TICK,0,110235,0
1762010259106,BTC-PERPETUAL,TICK,0,110195,0
1762010259112,BTC-PERPETUAL,TICK,0,110195,0
1762010259151,BTC-PERPETUAL,TICK,0,110234,0
1762010259156,BTC-PERPETUAL,TICK,0,110234,0
1762010259195,BTC-PERPETUAL,TICK,0,110198,0
1762010259201,BTC-PERPETUAL,TICK,0,110198,0
1762010259237,BTC-PERPETUAL,TICK,0,110232,0
1762010259244,BTC-PERPETUAL,TICK,0,110232,0
1762010259280,BTC-PERPETUAL,TICK,0,110198,0
1762010259286,BTC-PERPETUAL,TICK,0,110198,0
1762010259323,BTC-PERPETUAL,TICK,0,110232,0
1762010259329,BTC-PERPETUAL,TICK,0,110232,0
1762010259365,BTC-PERPETUAL,TICK,0,110200,0
1762010259372,BTC-PERPETUAL,TICK,0,110200,0
1762010259407,BTC-PERPETUAL,TICK,0,110231,0
1762010259413,BTC-PERPETUAL,TICK,0,110231,0
1762010259452,BTC-PERPETUAL,TICK,0,110202,0
1762010259457,BTC-PERPETUAL,TICK,0,110202,0
1762010259492,BTC-PERPETUAL,TICK,0,110230,0
1762010259498,BTC-PERPETUAL,TICK,0,110230,0
1762010259531,BTC-PERPETUAL,TICK,0,110202,0
1762010259535,BTC-PERPETUAL,TICK,0,110202,0
1762010259571,BTC-PERPETUAL,TICK,0,110230,0
1762010259576,BTC-PERPETUAL,TICK,0,110230,0
1762010259610,BTC-PERPETUAL,TICK,0,110204,0
1762010259616,BTC-PERPETUAL,TICK,0,110204,0
1762010259651,BTC-PERPETUAL,TICK,0,110229,0
1762010259657,BTC-PERPETUAL,TICK,0,110229,0
1762010259692,BTC-PERPETUAL,TICK,0,110226,0
1762010259698,BTC-PERPETUAL,TICK,0,110226,0
1762010259733,BTC-PERPETUAL,TICK,0,110206,0
1762010259739,BTC-PERPETUAL,TICK,0,110206,0
1762010259774,BTC-PERPETUAL,TICK,0,110225,0
1762010259780,BTC-PERPETUAL,TICK,0,110225,0
1762010259812,BTC-PERPETUAL,TICK,0,110206,0
1762010259817,BTC-PERPETUAL,TICK,0,110206,0
1762010259852,BTC-PERPETUAL,TICK,0,110224,0
1762010259856,BTC-PERPETUAL,TICK,0,110224,0
1762010259891,BTC-PERPETUAL,TICK,0,110206,0
1762010259895,BTC-PERPETUAL,TICK,0,110206,0
1762010259931,BTC-PERPETUAL,TICK,0,110224,0
1762010259936,BTC-PERPETUAL,TICK,0,110224,0
1762010259971,BTC-PERPETUAL,TICK,0,110207,0
1762010259975,BTC-PERPETUAL,TICK,0,110207,0
1762010260008,BTC-PERPETUAL,TICK,0,110223,0
1762010260014,BTC-PERPETUAL,TICK,0,110223,0
1762010260049,BTC-PERPETUAL,TICK,0,110208,0
1762010260054,BTC-PERPETUAL,TICK,0,110208,0
1762010260087,BTC-PERPETUAL,TICK,0,110222,0
1762010260091,BTC-PERPETUAL,TICK,0,110222,0
1762010260126,BTC-PERPETUAL,TICK,0,110208,0
1762010260131,BTC-PERPETUAL,TICK,0,110208,0
1762010260165,BTC-PERPETUAL,TICK,0,110222,0
1762010260171,BTC-PERPETUAL,TICK,0,110222,0
1762010260206,BTC-PERPETUAL,TICK,0,110208,0
1762010260211,BTC-PERPETUAL,TICK,0,110208,0
1762010260243,BTC-PERPETUAL,TICK,0,110221,0
1762010260248,BTC-PERPETUAL,TICK,0,110221,0
1762010260280,BTC-PERPETUAL,TICK,0,110209,0
1762010260304,BTC-PERPETUAL,TICK,0,110209,0
1762010260324,BTC-PERPETUAL,TICK,0,110220,0
1762010260332,BTC-PERPETUAL,TICK,0,110220,0
1762010260375,BTC-PERPETUAL,TICK,0,110220,0
1762010260379,BTC-PERPETUAL,TICK,0,110220,0
1762010262463,ETH-PERPETUAL,TICK,0,3891.2,0
1762010262472,ETH-PERPETUAL,TICK,0,3891.2,0
1762010262509,ETH-PERPETUAL,TICK,0,3887.6,0
1762010262514,ETH-PERPETUAL,TICK,0,3887.6,0
1762010262542,ETH-PERPETUAL,TICK,0,3891.05,0
1762010262546,ETH-PERPETUAL,TICK,0,3891.05,0
1762010262576,ETH-PERPETUAL,TICK,0,3887.65,0
1762010262581,ETH-PERPETUAL,TICK,0,3887.65,0
1762010262608,ETH-PERPETUAL,TICK,0,3891,0
1762010262612,ETH-PERPETUAL,TICK,0,3891,0
1762010262642,ETH-PERPETUAL,TICK,0,3887.8,0
1762010262646,ETH-PERPETUAL,TICK,0,3887.8,0
1762010262675,ETH-PERPETUAL,TICK,0,3890.9,0
1762010262679,ETH-PERPETUAL,TICK,0,3890.9,0
1762010262709,ETH-PERPETUAL,TICK,0,3887.85,0
1762010262714,ETH-PERPETUAL,TICK,0,3887.85,0
1762010262744,ETH-PERPETUAL,TICK,0,3890.85,0
1762010262748,ETH-PERPETUAL,TICK,0,3890.85,0
1762010262777,ETH-PERPETUAL,TICK,0,3887.9,0
1762010262782,ETH-PERPETUAL,TICK,0,3887.9,0
1762010262811,ETH-PERPETUAL,TICK,0,3890.55,0
1762010262815,ETH-PERPETUAL,TICK,0,3890.55,0
1762010262843,ETH-PERPETUAL,TICK,0,3888,0
1762010262847,ETH-PERPETUAL,TICK,0,3888,0
1762010262880,ETH-PERPETUAL,TICK,0,3890.5,0
1762010262885,ETH-PERPETUAL,TICK,0,3890.5,0
1762010262915,ETH-PERPETUAL,TICK,0,3888.05,0
1762010262919,ETH-PERPETUAL,TICK,0,3888.05,0
1762010262950,ETH-PERPETUAL,TICK,0,3890.4,0
1762010262955,ETH-PERPETUAL,TICK,0,3890.4,0
1762010262986,ETH-PERPETUAL,TICK,0,3888.1,0
1762010262991,ETH-PERPETUAL,TICK,0,3888.1,0
1762010263020,ETH-PERPETUAL,TICK,0,3890.35,0
1762010263025,ETH-PERPETUAL,TICK,0,3890.35,0
1762010263055,ETH-PERPETUAL,TICK,0,3888.15,0
1762010263060,ETH-PERPETUAL,TICK,0,3888.15,0
1762010263089,ETH-PERPETUAL,TICK,0,3890.3,0
1762010263095,ETH-PERPETUAL,TICK,0,3890.3,0
1762010263127,ETH-PERPETUAL,TICK,0,3888.2,0
1762010263132,ETH-PERPETUAL,TICK,0,3888.2,0
1762010263164,ETH-PERPETUAL,TICK,0,3890.25,0
1762010263169,ETH-PERPETUAL,TICK,0,3890.25,0
1762010263199,ETH-PERPETUAL,TICK,0,3888.25,0
1762010263204,ETH-PERPETUAL,TICK,0,3888.25,0
1762010263235,ETH-PERPETUAL,TICK,0,3890.05,0
1762010263240,ETH-PERPETUAL,TICK,0,3890.05,0
1762010263272,ETH-PERPETUAL,TICK,0,3888.3,0
1762010263277,ETH-PERPETUAL,TICK,0,3888.3,0
1762010263309,ETH-PERPETUAL,TICK,0,3890,0
1762010263314,ETH-PERPETUAL,TICK,0,3890,0
1762010263349,ETH-PERPETUAL,TICK,0,3888.35,0
1762010263354,ETH-PERPETUAL,TICK,0,3888.35,0
1762010263385,ETH-PERPETUAL,TICK,0,3889.95,0
1762010263390,ETH-PERPETUAL,TICK,0,3889.95,0
1762010263422,ETH-PERPETUAL,TICK,0,3888.4,0
1762010263428,ETH-PERPETUAL,TICK,0,3888.4,0
1762010263462,ETH-PERPETUAL,TICK,0,3889.85,0
1762010263467,ETH-PERPETUAL,TICK,0,3889.85,0
1762010263499,ETH-PERPETUAL,TICK,0,3888.5,0
1762010263504,ETH-PERPETUAL,TICK,0,3888.5,0
1762010263535,ETH-PERPETUAL,TICK,0,3889.65,0
1762010263541,ETH-PERPETUAL,TICK,0,3889.65,0
1762010263572,ETH-PERPETUAL,TICK,0,3888.75,0
1762010263578,ETH-PERPETUAL,TICK,0,3888.75,0
1762010263611,ETH-PERPETUAL,TICK,0,3889.6,0
1762010263616,ETH-PERPETUAL,TICK,0,3889.6,0
1762010263648,ETH-PERPETUAL,TICK,0,3888.8,0
1762010263653,ETH-PERPETUAL,TICK,0,3888.8,0
1762010263684,ETH-PERPETUAL,TICK,0,3889.5,0
1762010263689,ETH-PERPETUAL,TICK,0,3889.5,0
1762010263721,ETH-PERPETUAL,TICK,0,3888.85,0
1762010263726,ETH-PERPETUAL,TICK,0,3888.85,0
1762010263763,ETH-PERPETUAL,TICK,0,3889.45,0
1762010263769,ETH-PERPETUAL,TICK,0,3889.45,0
1762010263808,ETH-PERPETUAL,TICK,0,3888.9,0
1762010263813,ETH-PERPETUAL,TICK,0,3888.9,0
1762010263848,ETH-PERPETUAL,TICK,0,3889.2,0
1762010263853,ETH-PERPETUAL,TICK,0,3889.2,0
1762010263888,ETH-PERPETUAL,TICK,0,3889.15,0
1762010263894,ETH-PERPETUAL,TICK,0,3889.15,0
1762010264026,BTC-PERPETUAL,TICK,0,110220,0
1762010264029,BTC-PERPETUAL,TICK,0,110220,0
1762010264035,BTC-PERPETUAL,TICK,0,110220,0
1762010264040,BTC-PERPETUAL,TICK,0,110220,0
1762010264044,BTC-PERPETUAL,TICK,0,110220,0
1762010264050,BTC-PERPETUAL,TICK,0,110220,0
1762010264080,BTC-PERPETUAL,TICK,0,110171,0
1762010264085,BTC-PERPETUAL,TICK,0,110171,0
1762010264118,BTC-PERPETUAL,TICK,0,110216,0
1762010264124,BTC-PERPETUAL,TICK,0,110216,0
1762010264158,BTC-PERPETUAL,TICK,0,110172,0
1762010264163,BTC-PERPETUAL,TICK,0,110172,0
1762010264201,BTC-PERPETUAL,TICK,0,110215,0
1762010264207,BTC-PERPETUAL,TICK,0,110215,0
1762010264241,BTC-PERPETUAL,TICK,0,110172,0
1762010264246,BTC-PERPETUAL,TICK,0,110172,0
1762010264280,BTC-PERPETUAL,TICK,0,110212,0
1762010264286,BTC-PERPETUAL,TICK,0,110212,0
1762010264319,BTC-PERPETUAL,TICK,0,110175,0
1762010264325,BTC-PERPETUAL,TICK,0,110175,0
1762010264358,BTC-PERPETUAL,TICK,0,110209,0
1762010264364,BTC-PERPETUAL,TICK,0,110209,0
1762010264397,BTC-PERPETUAL,TICK,0,110176,0
1762010264401,BTC-PERPETUAL,TICK,0,110176,0
1762010264438,BTC-PERPETUAL,TICK,0,110208,0
1762010264444,BTC-PERPETUAL,TICK,0,110208,0
1762010264477,BTC-PERPETUAL,TICK,0,110176,0
1762010264483,BTC-PERPETUAL,TICK,0,110176,0
1762010264517,BTC-PERPETUAL,TICK,0,110207,0
1762010264523,BTC-PERPETUAL,TICK,0,110207,0
1762010264556,BTC-PERPETUAL,TICK,0,110178,0
1762010264561,BTC-PERPETUAL,TICK,0,110178,0
1762010264596,BTC-PERPETUAL,TICK,0,110206,0
1762010264602,BTC-PERPETUAL,TICK,0,110206,0
1762010264607,BTC-PERPETUAL,TICK,0,110206,0
1762010264611,BTC-PERPETUAL,TICK,0,110206,0
1762010264615,BTC-PERPETUAL,TICK,0,110206,0
1762010264619,BTC-PERPETUAL,TICK,0,110206,0
1762010264637,BTC-PERPETUAL,TICK,0,110205,0
1762010264642,BTC-PERPETUAL,TICK,0,110205,0
1762010264647,BTC-PERPETUAL,TICK,0,110204,0
1762010264651,BTC-PERPETUAL,TICK,0,110204,0
1762010264676,BTC-PERPETUAL,TICK,0,110204,0
1762010264681,BTC-PERPETUAL,TICK,0,110204,0
1762010264714,BTC-PERPETUAL,TICK,0,110183,0
1762010264718,BTC-PERPETUAL,TICK,0,110183,0
1762010264753,BTC-PERPETUAL,TICK,0,110202,0
1762010264760,BTC-PERPETUAL,TICK,0,110202,0
1762010264765,BTC-PERPETUAL,TICK,0,110202,0
1762010264769,BTC-PERPETUAL,TICK,0,110202,0
1762010264795,BTC-PERPETUAL,TICK,0,110184,0
1762010264798,BTC-PERPETUAL,TICK,0,110184,0
1762010264835,BTC-PERPETUAL,TICK,0,110202,0
1762010264840,BTC-PERPETUAL,TICK,0,110202,0
1762010264845,BTC-PERPETUAL,TICK,0,110200,0
1762010264849,BTC-PERPETUAL,TICK,0,110200,0
1762010264875,BTC-PERPETUAL,TICK,0,110200,0
1762010264880,BTC-PERPETUAL,TICK,0,110200,0
1762010264885,BTC-PERPETUAL,TICK,0,110200,0
1762010264889,BTC-PERPETUAL,TICK,0,110200,0
1762010264914,BTC-PERPETUAL,TICK,0,0,0
1762010264919,BTC-PERPETUAL,TICK,0,0,0
1762010264953,BTC-PERPETUAL,TICK,0,110198,0
1762010264958,BTC-PERPETUAL,TICK,0,110198,0
1762010264993,BTC-PERPETUAL,TICK,0,110186,0
1762010264997,BTC-PERPETUAL,TICK,0,110186,0
1762010265031,BTC-PERPETUAL,TICK,0,110198,0
1762010265036,BTC-PERPETUAL,TICK,0,110198,0
1762010265070,BTC-PERPETUAL,TICK,0,110187,0
1762010265076,BTC-PERPETUAL,TICK,0,110187,0
1762010265108,BTC-PERPETUAL,TICK,0,110196,0
1762010265114,BTC-PERPETUAL,TICK,0,110196,0
1762010265146,BTC-PERPETUAL,TICK,0,110188,0
1762010265150,BTC-PERPETUAL,TICK,0,110188,0
1762010265185,BTC-PERPETUAL,TICK,0,110195,0
1762010265191,BTC-PERPETUAL,TICK,0,110195,0
1762010265225,BTC-PERPETUAL,TICK,0,110190,0
1762010265230,BTC-PERPETUAL,TICK,0,110190,0
1762010265267,BTC-PERPETUAL,TICK,0,110194,0
1762010265272,BTC-PERPETUAL,TICK,0,110194,0
1762010265304,BTC-PERPETUAL,TICK,0,110192,0
1762010265310,BTC-PERPETUAL,TICK,0,110192,0
1762010265342,BTC-PERPETUAL,TICK,0,110194,0
1762010265348,BTC-PERPETUAL,TICK,0,110194,0
1762010265382,BTC-PERPETUAL,TICK,0,110192,0
1762010265387,BTC-PERPETUAL,TICK,0,110192,0
1762010265420,BTC-PERPETUAL,TICK,0,110193,0
1762010265425,BTC-PERPETUAL,TICK,0,110193,0
1762010267736,ETH-PERPETUAL,TICK,0,3890.5,0
1762010267740,ETH-PERPETUAL,TICK,0,3890.5,0
1762010267777,ETH-PERPETUAL,TICK,0,3887.55,0
1762010267781,ETH-PERPETUAL,TICK,0,3887.55,0
1762010267808,ETH-PERPETUAL,TICK,0,3890.45,0
1762010267812,ETH-PERPETUAL,TICK,0,3890.45,0
1762010267844,ETH-PERPETUAL,TICK,0,3887.6,0
1762010267848,ETH-PERPETUAL,TICK,0,3887.6,0
1762010267875,ETH-PERPETUAL,TICK,0,3890.4,0
1762010267879,ETH-PERPETUAL,TICK,0,3890.4,0
1762010267905,ETH-PERPETUAL,TICK,0,3887.65,0
1762010267909,ETH-PERPETUAL,TICK,0,3887.65,0
1762010267935,ETH-PERPETUAL,TICK,0,3890.3,0
1762010267940,ETH-PERPETUAL,TICK,0,3890.3,0
1762010267966,ETH-PERPETUAL,TICK,0,3887.75,0
1762010267970,ETH-PERPETUAL,TICK,0,3887.75,0
1762010267999,ETH-PERPETUAL,TICK,0,3890.25,0
1762010268003,ETH-PERPETUAL,TICK,0,3890.25,0
1762010268032,ETH-PERPETUAL,TICK,0,3887.8,0
1762010268037,ETH-PERPETUAL,TICK,0,3887.8,0
1762010268065,ETH-PERPETUAL,TICK,0,3890.2,0
1762010268070,ETH-PERPETUAL,TICK,0,3890.2,0
1762010268123,ETH-PERPETUAL,TICK,0,3887.85,0
1762010268128,ETH-PERPETUAL,TICK,0,3887.85,0
1762010268157,ETH-PERPETUAL,TICK,0,3890,0
1762010268162,ETH-PERPETUAL,TICK,0,3890,0
1762010268190,ETH-PERPETUAL,TICK,0,3887.9,0
1762010268196,ETH-PERPETUAL,TICK,0,3887.9,0
1762010268225,ETH-PERPETUAL,TICK,0,3889.85,0
1762010268228,ETH-PERPETUAL,TICK,0,3889.85,0
1762010268259,ETH-PERPETUAL,TICK,0,3888,0
1762010268263,ETH-PERPETUAL,TICK,0,3888,0
1762010268293,ETH-PERPETUAL,TICK,0,3889.8,0
1762010268298,ETH-PERPETUAL,TICK,0,3889.8,0
1762010268327,ETH-PERPETUAL,TICK,0,3888.05,0
1762010268331,ETH-PERPETUAL,TICK,0,3888.05,0
1762010268360,ETH-PERPETUAL,TICK,0,3889.75,0
1762010268364,ETH-PERPETUAL,TICK,0,3889.75,0
1762010268393,ETH-PERPETUAL,TICK,0,3888.1,0
1762010268398,ETH-PERPETUAL,TICK,0,3888.1,0
1762010268429,ETH-PERPETUAL,TICK,0,3889.7,0
1762010268434,ETH-PERPETUAL,TICK,0,3889.7,0
1762010268464,ETH-PERPETUAL,TICK,0,3888.15,0
1762010268468,ETH-PERPETUAL,TICK,0,3888.15,0
1762010268501,ETH-PERPETUAL,TICK,0,3889.6,0
1762010268505,ETH-PERPETUAL,TICK,0,3889.6,0
1762010268538,ETH-PERPETUAL,TICK,0,3888.25,0
1762010268544,ETH-PERPETUAL,TICK,0,3888.25,0
1762010268581,ETH-PERPETUAL,TICK,0,3889.5,0
1762010268587,ETH-PERPETUAL,TICK,0,3889.5,0
1762010268623,ETH-PERPETUAL,TICK,0,3888.35,0
1762010268629,ETH-PERPETUAL,TICK,0,3888.35,0
1762010268665,ETH-PERPETUAL,TICK,0,3889.45,0
1762010268670,ETH-PERPETUAL,TICK,0,3889.45,0
1762010268708,ETH-PERPETUAL,TICK,0,3888.45,0
1762010268713,ETH-PERPETUAL,TICK,0,3888.45,0
1762010268754,ETH-PERPETUAL,TICK,0,3889.3,0
1762010268759,ETH-PERPETUAL,TICK,0,3889.3,0
1762010268795,ETH-PERPETUAL,TICK,0,3888.5,0
1762010268801,ETH-PERPETUAL,TICK,0,3888.5,0
1762010268837,ETH-PERPETUAL,TICK,0,3889.25,0
1762010268842,ETH-PERPETUAL,TICK,0,3889.25,0
1762010268879,ETH-PERPETUAL,TICK,0,3888.55,0
1762010268885,ETH-PERPETUAL,TICK,0,3888.55,0
1762010268918,ETH-PERPETUAL,TICK,0,3889.2,0
1762010268923,ETH-PERPETUAL,TICK,0,3889.2,0
1762010268958,ETH-PERPETUAL,TICK,0,3888.6,0
1762010268963,ETH-PERPETUAL,TICK,0,3888.6,0
1762010268997,ETH-PERPETUAL,TICK,0,3889.15,0
1762010269002,ETH-PERPETUAL,TICK,0,3889.15,0
1762010269036,ETH-PERPETUAL,TICK,0,3888.65,0
1762010269041,ETH-PERPETUAL,TICK,0,3888.65,0
1762010269080,ETH-PERPETUAL,TICK,0,3889.05,0
1762010269086,ETH-PERPETUAL,TICK,0,3889.05,0
1762010269124,ETH-PERPETUAL,TICK,0,3888.85,0
1762010269127,ETH-PERPETUAL,TICK,0,3888.85,0
1762010269168,ETH-PERPETUAL,TICK,0,3889,0
1762010269172,ETH-PERPETUAL,TICK,0,3889,0
1762010269213,ETH-PERPETUAL,TICK,0,3888.9,0
1762010269217,ETH-PERPETUAL,TICK,0,3888.9,0
1762010269286,BTC-PERPETUAL,TICK,0,110218,0
1762010269292,BTC-PERPETUAL,TICK,0,110218,0
1762010269329,BTC-PERPETUAL,TICK,0,110164,0
1762010269335,BTC-PERPETUAL,TICK,0,110164,0
1762010269369,BTC-PERPETUAL,TICK,0,110216,0
1762010269375,BTC-PERPETUAL,TICK,0,110216,0
1762010269408,BTC-PERPETUAL,TICK,0,110165,0
1762010269413,BTC-PERPETUAL,TICK,0,110165,0
1762010269452,BTC-PERPETUAL,TICK,0,110215,0
1762010269458,BTC-PERPETUAL,TICK,0,110215,0
1762010269492,BTC-PERPETUAL,TICK,0,110166,0
1762010269499,BTC-PERPETUAL,TICK,0,110166,0
1762010269534,BTC-PERPETUAL,TICK,0,110212,0
1762010269541,BTC-PERPETUAL,TICK,0,110212,0
1762010269573,BTC-PERPETUAL,TICK,0,110170,0
1762010269579,BTC-PERPETUAL,TICK,0,110170,0
1762010269612,BTC-PERPETUAL,TICK,0,110209,0
1762010269616,BTC-PERPETUAL,TICK,0,110209,0
1762010269651,BTC-PERPETUAL,TICK,0,110170,0
1762010269656,BTC-PERPETUAL,TICK,0,110170,0
1762010269692,BTC-PERPETUAL,TICK,0,110208,0
1762010269698,BTC-PERPETUAL,TICK,0,110208,0
1762010269734,BTC-PERPETUAL,TICK,0,110171,0
1762010269739,BTC-PERPETUAL,TICK,0,110171,0
1762010269772,BTC-PERPETUAL,TICK,0,110207,0
1762010269778,BTC-PERPETUAL,TICK,0,110207,0
1762010269812,BTC-PERPETUAL,TICK,0,0,0
1762010269817,BTC-PERPETUAL,TICK,0,0,0
1762010269851,BTC-PERPETUAL,TICK,0,110206,0
1762010269857,BTC-PERPETUAL,TICK,0,110206,0
1762010269889,BTC-PERPETUAL,TICK,0,110175,0
1762010269894,BTC-PERPETUAL,TICK,0,110175,0
1762010269928,BTC-PERPETUAL,TICK,0,110204,0
1762010269933,BTC-PERPETUAL,TICK,0,110204,0
1762010269965,BTC-PERPETUAL,TICK,0,110176,0
1762010269969,BTC-PERPETUAL,TICK,0,110176,0
1762010270003,BTC-PERPETUAL,TICK,0,110204,0
1762010270009,BTC-PERPETUAL,TICK,0,110204,0
1762010270042,BTC-PERPETUAL,TICK,0,110176,0
1762010270047,BTC-PERPETUAL,TICK,0,110176,0
1762010270082,BTC-PERPETUAL,TICK,0,110206,0
1762010270087,BTC-PERPETUAL,TICK,0,110206,0
1762010270120,BTC-PERPETUAL,TICK,0,110178,0
1762010270124,BTC-PERPETUAL,TICK,0,110178,0
1762010270158,BTC-PERPETUAL,TICK,0,110200,0
1762010270164,BTC-PERPETUAL,TICK,0,110200,0
1762010270196,BTC-PERPETUAL,TICK,0,110178,0
1762010270201,BTC-PERPETUAL,TICK,0,110178,0
1762010270235,BTC-PERPETUAL,TICK,0,110200,0
1762010270239,BTC-PERPETUAL,TICK,0,110200,0
1762010270272,BTC-PERPETUAL,TICK,0,110178,0
1762010270277,BTC-PERPETUAL,TICK,0,110178,0
1762010270309,BTC-PERPETUAL,TICK,0,110200,0
1762010270317,BTC-PERPETUAL,TICK,0,110200,0
1762010270350,BTC-PERPETUAL,TICK,0,110179,0
1762010270354,BTC-PERPETUAL,TICK,0,110179,0
1762010270388,BTC-PERPETUAL,TICK,0,110198,0
1762010270392,BTC-PERPETUAL,TICK,0,110198,0
1762010270430,BTC-PERPETUAL,TICK,0,110180,0
1762010270436,BTC-PERPETUAL,TICK,0,110180,0
1762010270468,BTC-PERPETUAL,TICK,0,110198,0
1762010270473,BTC-PERPETUAL,TICK,0,110198,0
1762010270506,BTC-PERPETUAL,TICK,0,110180,0
1762010270511,BTC-PERPETUAL,TICK,0,110180,0
1762010270544,BTC-PERPETUAL,TICK,0,110195,0
1762010270549,BTC-PERPETUAL,TICK,0,110195,0
1762010270581,BTC-PERPETUAL,TICK,0,110180,0
1762010270585,BTC-PERPETUAL,TICK,0,110180,0
1762010270619,BTC-PERPETUAL,TICK,0,110194,0
1762010270625,BTC-PERPETUAL,TICK,0,110194,0
1762010270659,BTC-PERPETUAL,TICK,0,110181,0
1762010270664,BTC-PERPETUAL,TICK,0,110181,0
1762010270696,BTC-PERPETUAL,TICK,0,110194,0
1762010270701,BTC-PERPETUAL,TICK,0,110194,0
1762010270735,BTC-PERPETUAL,TICK,0,110183,0
1762010270740,BTC-PERPETUAL,TICK,0,110183,0
1762010270772,BTC-PERPETUAL,TICK,0,110193,0
1762010270777,BTC-PERPETUAL,TICK,0,110193,0
1762010270810,BTC-PERPETUAL,TICK,0,110192,0
1762010270813,BTC-PERPETUAL,TICK,0,110192,0
1762010272986,ETH-PERPETUAL,TICK,0,3890.25,0
1762010272989,ETH-PERPETUAL,TICK,0,3890.25,0
1762010273026,ETH-PERPETUAL,TICK,0,3886.6,0
1762010273029,ETH-PERPETUAL,TICK,0,3886.6,0
1762010273055,ETH-PERPETUAL,TICK,0,3890.2,0
1762010273058,ETH-PERPETUAL,TICK,0,3890.2,0
1762010273087,ETH-PERPETUAL,TICK,0,3886.65,0
1762010273091,ETH-PERPETUAL,TICK,0,3886.65,0
1762010273117,ETH-PERPETUAL,TICK,0,3890,0
1762010273120,ETH-PERPETUAL,TICK,0,3890,0
1762010273149,ETH-PERPETUAL,TICK,0,3887,0
1762010273153,ETH-PERPETUAL,TICK,0,3887,0
1762010273180,ETH-PERPETUAL,TICK,0,3889.95,0
1762010273183,ETH-PERPETUAL,TICK,0,3889.95,0
1762010273211,ETH-PERPETUAL,TICK,0,3887.05,0
1762010273214,ETH-PERPETUAL,TICK,0,3887.05,0
1762010273243,ETH-PERPETUAL,TICK,0,3889.9,0
1762010273246,ETH-PERPETUAL,TICK,0,3889.9,0
1762010273275,ETH-PERPETUAL,TICK,0,3887.1,0
1762010273278,ETH-PERPETUAL,TICK,0,3887.1,0
1762010273308,ETH-PERPETUAL,TICK,0,3889.85,0
1762010273312,ETH-PERPETUAL,TICK,0,3889.85,0
1762010273343,ETH-PERPETUAL,TICK,0,3887.15,0
1762010273346,ETH-PERPETUAL,TICK,0,3887.15,0
1762010273382,ETH-PERPETUAL,TICK,0,3889.75,0
1762010273386,ETH-PERPETUAL,TICK,0,3889.75,0
1762010273415,ETH-PERPETUAL,TICK,0,3887.25,0
1762010273419,ETH-PERPETUAL,TICK,0,3887.25,0
1762010273450,ETH-PERPETUAL,TICK,0,3889.7,0
1762010273453,ETH-PERPETUAL,TICK,0,3889.7,0
1762010273483,ETH-PERPETUAL,TICK,0,3887.3,0
1762010273487,ETH-PERPETUAL,TICK,0,3887.3,0
1762010273517,ETH-PERPETUAL,TICK,0,3889.65,0
1762010273521,ETH-PERPETUAL,TICK,0,3889.65,0
1762010273550,ETH-PERPETUAL,TICK,0,3887.35,0
1762010273555,ETH-PERPETUAL,TICK,0,3887.35,0
1762010273588,ETH-PERPETUAL,TICK,0,3889.6,0
1762010273593,ETH-PERPETUAL,TICK,0,3889.6,0
1762010273625,ETH-PERPETUAL,TICK,0,3887.4,0
1762010273630,ETH-PERPETUAL,TICK,0,3887.4,0
1762010273660,ETH-PERPETUAL,TICK,0,3889.5,0
1762010273665,ETH-PERPETUAL,TICK,0,3889.5,0
1762010273695,ETH-PERPETUAL,TICK,0,3887.5,0
1762010273699,ETH-PERPETUAL,TICK,0,3887.5,0
1762010273732,ETH-PERPETUAL,TICK,0,3889.45,0
1762010273738,ETH-PERPETUAL,TICK,0,3889.45,0
1762010273768,ETH-PERPETUAL,TICK,0,3887.55,0
1762010273773,ETH-PERPETUAL,TICK,0,3887.55,0
1762010273805,ETH-PERPETUAL,TICK,0,3889.35,0
1762010273809,ETH-PERPETUAL,TICK,0,3889.35,0
1762010273842,ETH-PERPETUAL,TICK,0,3887.6,0
1762010273848,ETH-PERPETUAL,TICK,0,3887.6,0
1762010273880,ETH-PERPETUAL,TICK,0,3889.25,0
1762010273886,ETH-PERPETUAL,TICK,0,3889.25,0
1762010273918,ETH-PERPETUAL,TICK,0,3887.75,0
1762010273923,ETH-PERPETUAL,TICK,0,3887.75,0
1762010273955,ETH-PERPETUAL,TICK,0,3889.2,0
1762010273960,ETH-PERPETUAL,TICK,0,3889.2,0
1762010273992,ETH-PERPETUAL,TICK,0,3887.8,0
1762010273997,ETH-PERPETUAL,TICK,0,3887.8,0
1762010274030,ETH-PERPETUAL,TICK,0,3889.05,0
1762010274036,ETH-PERPETUAL,TICK,0,3889.05,0
1762010274070,ETH-PERPETUAL,TICK,0,3888,0
1762010274075,ETH-PERPETUAL,TICK,0,3888,0
1762010274110,ETH-PERPETUAL,TICK,0,3889,0
1762010274114,ETH-PERPETUAL,TICK,0,3889,0
1762010274147,ETH-PERPETUAL,TICK,0,3888.1,0
1762010274152,ETH-PERPETUAL,TICK,0,3888.1,0
1762010274185,ETH-PERPETUAL,TICK,0,3888.9,0
1762010274188,ETH-PERPETUAL,TICK,0,3888.9,0
1762010274221,ETH-PERPETUAL,TICK,0,3888.15,0
1762010274226,ETH-PERPETUAL,TICK,0,3888.15,0
1762010274260,ETH-PERPETUAL,TICK,0,3888.85,0
1762010274266,ETH-PERPETUAL,TICK,0,3888.85,0
1762010274303,ETH-PERPETUAL,TICK,0,3888.4,0
1762010274305,ETH-PERPETUAL,TICK,0,3888.4,0
1762010274345,ETH-PERPETUAL,TICK,0,3888.55,0
1762010274351,ETH-PERPETUAL,TICK,0,3888.55,0
1762010274392,ETH-PERPETUAL,TICK,0,3888.5,0
1762010274396,ETH-PERPETUAL,TICK,0,3888.5,0
1762010274549,BTC-PERPETUAL,TICK,0,110204,0
1762010274559,BTC-PERPETUAL,TICK,0,110204,0
1762010274608,BTC-PERPETUAL,TICK,0,110158,0
1762010274615,BTC-PERPETUAL,TICK,0,110158,0
1762010274649,BTC-PERPETUAL,TICK,0,110204,0
1762010274656,BTC-PERPETUAL,TICK,0,110204,0
1762010274692,BTC-PERPETUAL,TICK,0,110159,0
1762010274697,BTC-PERPETUAL,TICK,0,110159,0
1762010274730,BTC-PERPETUAL,TICK,0,110203,0
1762010274735,BTC-PERPETUAL,TICK,0,110203,0
1762010274768,BTC-PERPETUAL,TICK,0,110160,0
1762010274774,BTC-PERPETUAL,TICK,0,110160,0
1762010274809,BTC-PERPETUAL,TICK,0,110201,0
1762010274815,BTC-PERPETUAL,TICK,0,110201,0
1762010274850,BTC-PERPETUAL,TICK,0,110160,0
1762010274857,BTC-PERPETUAL,TICK,0,110160,0
1762010274890,BTC-PERPETUAL,TICK,0,110198,0
1762010274894,BTC-PERPETUAL,TICK,0,110198,0
1762010274928,BTC-PERPETUAL,TICK,0,110163,0
1762010274934,BTC-PERPETUAL,TICK,0,110163,0
1762010274968,BTC-PERPETUAL,TICK,0,110198,0
1762010274973,BTC-PERPETUAL,TICK,0,110198,0
1762010275007,BTC-PERPETUAL,TICK,0,110164,0
1762010275012,BTC-PERPETUAL,TICK,0,110164,0
1762010275044,BTC-PERPETUAL,TICK,0,110194,0
1762010275049,BTC-PERPETUAL,TICK,0,110194,0
1762010275082,BTC-PERPETUAL,TICK,0,110164,0
1762010275086,BTC-PERPETUAL,TICK,0,110164,0
1762010275116,BTC-PERPETUAL,TICK,0,110194,0
1762010275122,BTC-PERPETUAL,TICK,0,110194,0
1762010275154,BTC-PERPETUAL,TICK,0,110168,0
1762010275160,BTC-PERPETUAL,TICK,0,110168,0
1762010275196,BTC-PERPETUAL,TICK,0,110193,0
1762010275204,BTC-PERPETUAL,TICK,0,110193,0
1762010275237,BTC-PERPETUAL,TICK,0,110170,0
1762010275241,BTC-PERPETUAL,TICK,0,110170,0
1762010275272,BTC-PERPETUAL,TICK,0,110192,0
1762010275277,BTC-PERPETUAL,TICK,0,110192,0
1762010275308,BTC-PERPETUAL,TICK,0,110170,0
1762010275311,BTC-PERPETUAL,TICK,0,110170,0
1762010275343,BTC-PERPETUAL,TICK,0,110192,0
1762010275348,BTC-PERPETUAL,TICK,0,110192,0
1762010275381,BTC-PERPETUAL,TICK,0,110171,0
1762010275386,BTC-PERPETUAL,TICK,0,110171,0
1762010275420,BTC-PERPETUAL,TICK,0,0,0
1762010275425,BTC-PERPETUAL,TICK,0,0,0
1762010275455,BTC-PERPETUAL,TICK,0,110172,0
1762010275460,BTC-PERPETUAL,TICK,0,110172,0
1762010275491,BTC-PERPETUAL,TICK,0,110191,0
1762010275496,BTC-PERPETUAL,TICK,0,110191,0
1762010275532,BTC-PERPETUAL,TICK,0,110172,0
1762010275535,BTC-PERPETUAL,TICK,0,110172,0
1762010275566,BTC-PERPETUAL,TICK,0,110190,0
1762010275571,BTC-PERPETUAL,TICK,0,110190,0
1762010275604,BTC-PERPETUAL,TICK,0,110173,0
1762010275609,BTC-PERPETUAL,TICK,0,110173,0
1762010275636,BTC-PERPETUAL,TICK,0,110189,0
1762010275642,BTC-PERPETUAL,TICK,0,110189,0
1762010275669,BTC-PERPETUAL,TICK,0,110174,0
1762010275674,BTC-PERPETUAL,TICK,0,110174,0
1762010275703,BTC-PERPETUAL,TICK,0,110188,0
1762010275708,BTC-PERPETUAL,TICK,0,110188,0
1762010275740,BTC-PERPETUAL,TICK,0,110174,0
1762010275745,BTC-PERPETUAL,TICK,0,110174,0
1762010275781,BTC-PERPETUAL,TICK,0,110188,0
1762010275786,BTC-PERPETUAL,TICK,0,110188,0
1762010275821,BTC-PERPETUAL,TICK,0,110174,0
1762010275826,BTC-PERPETUAL,TICK,0,110174,0
1762010275856,BTC-PERPETUAL,TICK,0,110185,0
1762010275862,BTC-PERPETUAL,TICK,0,110185,0
1762010275891,BTC-PERPETUAL,TICK,0,110176,0
1762010275895,BTC-PERPETUAL,TICK,0,110176,0
1762010275922,BTC-PERPETUAL,TICK,0,110184,0
1762010275926,BTC-PERPETUAL,TICK,0,110184,0
1762010275958,BTC-PERPETUAL,TICK,0,110177,0
1762010275964,BTC-PERPETUAL,TICK,0,110177,0
1762010275997,BTC-PERPETUAL,TICK,0,110184,0
1762010276002,BTC-PERPETUAL,TICK,0,110184,0
1762010276030,BTC-PERPETUAL,TICK,0,110183,0
1762010276034,BTC-PERPETUAL,TICK,0,110183,0
1762010278254,ETH-PERPETUAL,TICK,0,3890.1,0
1762010278263,ETH-PERPETUAL,TICK,0,3890.1,0
1762010278304,ETH-PERPETUAL,TICK,0,3887,0
1762010278309,ETH-PERPETUAL,TICK,0,3887,0
1762010278339,ETH-PERPETUAL,TICK,0,3890,0
1762010278343,ETH-PERPETUAL,TICK,0,3890,0
1762010278371,ETH-PERPETUAL,TICK,0,3887.05,0
1762010278375,ETH-PERPETUAL,TICK,0,3887.05,0
1762010278404,ETH-PERPETUAL,TICK,0,3889.95,0
1762010278409,ETH-PERPETUAL,TICK,0,3889.95,0
1762010278439,ETH-PERPETUAL,TICK,0,3887.1,0
1762010278444,ETH-PERPETUAL,TICK,0,3887.1,0
1762010278474,ETH-PERPETUAL,TICK,0,3889.9,0
1762010278479,ETH-PERPETUAL,TICK,0,3889.9,0
1762010278507,ETH-PERPETUAL,TICK,0,3887.15,0
1762010278510,ETH-PERPETUAL,TICK,0,3887.15,0
1762010278540,ETH-PERPETUAL,TICK,0,3889.85,0
1762010278544,ETH-PERPETUAL,TICK,0,3889.85,0
1762010278575,ETH-PERPETUAL,TICK,0,3887.2,0
1762010278580,ETH-PERPETUAL,TICK,0,3887.2,0
1762010278611,ETH-PERPETUAL,TICK,0,3889.75,0
1762010278616,ETH-PERPETUAL,TICK,0,3889.75,0
1762010278644,ETH-PERPETUAL,TICK,0,3887.25,0
1762010278649,ETH-PERPETUAL,TICK,0,3887.25,0
1762010278678,ETH-PERPETUAL,TICK,0,3889.65,0
1762010278684,ETH-PERPETUAL,TICK,0,3889.65,0
1762010278713,ETH-PERPETUAL,TICK,0,3887.3,0
1762010278718,ETH-PERPETUAL,TICK,0,3887.3,0
1762010278751,ETH-PERPETUAL,TICK,0,3889.6,0
1762010278754,ETH-PERPETUAL,TICK,0,3889.6,0
1762010278785,ETH-PERPETUAL,TICK,0,3887.35,0
1762010278788,ETH-PERPETUAL,TICK,0,3887.35,0
1762010278821,ETH-PERPETUAL,TICK,0,3889.5,0
1762010278825,ETH-PERPETUAL,TICK,0,3889.5,0
1762010278852,ETH-PERPETUAL,TICK,0,3887.4,0
1762010278855,ETH-PERPETUAL,TICK,0,3887.4,0
1762010278883,ETH-PERPETUAL,TICK,0,3889.45,0
1762010278888,ETH-PERPETUAL,TICK,0,3889.45,0
1762010278914,ETH-PERPETUAL,TICK,0,3889.35,0
1762010278917,ETH-PERPETUAL,TICK,0,3889.35,0
1762010278945,ETH-PERPETUAL,TICK,0,3887.55,0
1762010278948,ETH-PERPETUAL,TICK,0,3887.55,0
1762010278975,ETH-PERPETUAL,TICK,0,3889.3,0
1762010278979,ETH-PERPETUAL,TICK,0,3889.3,0
1762010279003,ETH-PERPETUAL,TICK,0,3887.6,0
1762010279008,ETH-PERPETUAL,TICK,0,3887.6,0
1762010279034,ETH-PERPETUAL,TICK,0,3889.25,0
1762010279038,ETH-PERPETUAL,TICK,0,3889.25,0
1762010279064,ETH-PERPETUAL,TICK,0,3887.75,0
1762010279068,ETH-PERPETUAL,TICK,0,3887.75,0
1762010279094,ETH-PERPETUAL,TICK,0,3889.15,0
1762010279098,ETH-PERPETUAL,TICK,0,3889.15,0
1762010279126,ETH-PERPETUAL,TICK,0,3887.8,0
1762010279130,ETH-PERPETUAL,TICK,0,3887.8,0
1762010279156,ETH-PERPETUAL,TICK,0,3889.1,0
1762010279159,ETH-PERPETUAL,TICK,0,3889.1,0
1762010279190,ETH-PERPETUAL,TICK,0,3888,0
1762010279194,ETH-PERPETUAL,TICK,0,3888,0
1762010279224,ETH-PERPETUAL,TICK,0,3888.95,0
1762010279228,ETH-PERPETUAL,TICK,0,3888.95,0
1762010279255,ETH-PERPETUAL,TICK,0,3888.05,0
1762010279259,ETH-PERPETUAL,TICK,0,3888.05,0
1762010279285,ETH-PERPETUAL,TICK,0,3888.9,0
1762010279289,ETH-PERPETUAL,TICK,0,3888.9,0
1762010279316,ETH-PERPETUAL,TICK,0,3888.1,0
1762010279320,ETH-PERPETUAL,TICK,0,3888.1,0
1762010279349,ETH-PERPETUAL,TICK,0,3888.85,0
1762010279354,ETH-PERPETUAL,TICK,0,3888.85,0
1762010279384,ETH-PERPETUAL,TICK,0,3888.15,0
1762010279389,ETH-PERPETUAL,TICK,0,3888.15,0
1762010279418,ETH-PERPETUAL,TICK,0,3888.7,0
1762010279422,ETH-PERPETUAL,TICK,0,3888.7,0
1762010279454,ETH-PERPETUAL,TICK,0,3888.25,0
1762010279460,ETH-PERPETUAL,TICK,0,3888.25,0
1762010279492,ETH-PERPETUAL,TICK,0,3888.55,0
1762010279494,ETH-PERPETUAL,TICK,0,3888.55,0
1762010279523,ETH-PERPETUAL,TICK,0,3888.5,0
1762010279527,ETH-PERPETUAL,TICK,0,3888.5,0
1762010279818,BTC-PERPETUAL,TICK,0,110206,0
1762010279823,BTC-PERPETUAL,TICK,0,110206,0
1762010279848,BTC-PERPETUAL,TICK,0,110154,0
1762010279851,BTC-PERPETUAL,TICK,0,110154,0
1762010279876,BTC-PERPETUAL,TICK,0,110205,0
1762010279880,BTC-PERPETUAL,TICK,0,110205,0
1762010279907,BTC-PERPETUAL,TICK,0,110157,0
1762010279910,BTC-PERPETUAL,TICK,0,110157,0
1762010279933,BTC-PERPETUAL,TICK,0,110204,0
1762010279936,BTC-PERPETUAL,TICK,0,110204,0
1762010279957,BTC-PERPETUAL,TICK,0,110158,0
1762010279961,BTC-PERPETUAL,TICK,0,110158,0
1762010279983,BTC-PERPETUAL,TICK,0,110204,0
1762010279987,BTC-PERPETUAL,TICK,0,110204,0
1762010280010,BTC-PERPETUAL,TICK,0,110158,0
1762010280013,BTC-PERPETUAL,TICK,0,110158,0
1762010280035,BTC-PERPETUAL,TICK,0,110203,0
1762010280039,BTC-PERPETUAL,TICK,0,110203,0
1762010280061,BTC-PERPETUAL,TICK,0,110159,0
1762010280064,BTC-PERPETUAL,TICK,0,110159,0
1762010280086,BTC-PERPETUAL,TICK,0,110201,0
1762010280089,BTC-PERPETUAL,TICK,0,110201,0
1762010280111,BTC-PERPETUAL,TICK,0,110160,0
1762010280116,BTC-PERPETUAL,TICK,0,110160,0
1762010280141,BTC-PERPETUAL,TICK,0,110198,0
1762010280144,BTC-PERPETUAL,TICK,0,110198,0
1762010280168,BTC-PERPETUAL,TICK,0,110162,0
1762010280171,BTC-PERPETUAL,TICK,0,110162,0
1762010280195,BTC-PERPETUAL,TICK,0,110198,0
1762010280198,BTC-PERPETUAL,TICK,0,110198,0
1762010280232,BTC-PERPETUAL,TICK,0,110163,0
1762010280236,BTC-PERPETUAL,TICK,0,110163,0
1762010280267,BTC-PERPETUAL,TICK,0,110194,0
1762010280271,BTC-PERPETUAL,TICK,0,110194,0
1762010280306,BTC-PERPETUAL,TICK,0,110164,0
1762010280313,BTC-PERPETUAL,TICK,0,110164,0
1762010280345,BTC-PERPETUAL,TICK,0,110194,0
1762010280349,BTC-PERPETUAL,TICK,0,110194,0
1762010280374,BTC-PERPETUAL,TICK,0,110164,0
1762010280379,BTC-PERPETUAL,TICK,0,110164,0
1762010280422,BTC-PERPETUAL,TICK,0,110193,0
1762010280427,BTC-PERPETUAL,TICK,0,110193,0
1762010280458,BTC-PERPETUAL,TICK,0,110168,0
1762010280463,BTC-PERPETUAL,TICK,0,110168,0
1762010280492,BTC-PERPETUAL,TICK,0,110192,0
1762010280496,BTC-PERPETUAL,TICK,0,110192,0
1762010280527,BTC-PERPETUAL,TICK,0,110168,0
1762010280531,BTC-PERPETUAL,TICK,0,110168,0
1762010280555,BTC-PERPETUAL,TICK,0,110192,0
1762010280558,BTC-PERPETUAL,TICK,0,110192,0
1762010280582,BTC-PERPETUAL,TICK,0,110170,0
1762010280586,BTC-PERPETUAL,TICK,0,110170,0
1762010280615,BTC-PERPETUAL,TICK,0,110192,0
1762010280620,BTC-PERPETUAL,TICK,0,110192,0
1762010280653,BTC-PERPETUAL,TICK,0,110170,0
1762010280659,BTC-PERPETUAL,TICK,0,110170,0
1762010280692,BTC-PERPETUAL,TICK,0,110190,0
1762010280695,BTC-PERPETUAL,TICK,0,110190,0
1762010280722,BTC-PERPETUAL,TICK,0,110164,0
1762010280726,BTC-PERPETUAL,TICK,0,110164,0
1762010280751,BTC-PERPETUAL,TICK,0,110189,0
1762010280756,BTC-PERPETUAL,TICK,0,110189,0
1762010280782,BTC-PERPETUAL,TICK,0,110173,0
1762010280786,BTC-PERPETUAL,TICK,0,110173,0
1762010280820,BTC-PERPETUAL,TICK,0,110188,0
1762010280825,BTC-PERPETUAL,TICK,0,110188,0
1762010280854,BTC-PERPETUAL,TICK,0,110174,0
1762010280859,BTC-PERPETUAL,TICK,0,110174,0
1762010280885,BTC-PERPETUAL,TICK,0,110185,0
1762010280890,BTC-PERPETUAL,TICK,0,110185,0
1762010280919,BTC-PERPETUAL,TICK,0,110176,0
1762010280923,BTC-PERPETUAL,TICK,0,110176,0
1762010280948,BTC-PERPETUAL,TICK,0,110184,0
1762010280951,BTC-PERPETUAL,TICK,0,110184,0
1762010280981,BTC-PERPETUAL,TICK,0,110176,0
1762010280984,BTC-PERPETUAL,TICK,0,110176,0
1762010281009,BTC-PERPETUAL,TICK,0,110184,0
1762010281013,BTC-PERPETUAL,TICK,0,110184,0
1762010281039,BTC-PERPETUAL,TICK,0,110183,0
1762010281043,BTC-PERPETUAL,TICK,0,110183,0
1762010283520,ETH-PERPETUAL,TICK,0,3890.4,0
1762010283523,ETH-PERPETUAL,TICK,0,3890.4,0
1762010283551,ETH-PERPETUAL,TICK,0,3887.1,0
1762010283553,ETH-PERPETUAL,TICK,0,3887.1,0
1762010283574,ETH-PERPETUAL,TICK,0,3890.25,0
1762010283577,ETH-PERPETUAL,TICK,0,3890.25,0
1762010283596,ETH-PERPETUAL,TICK,0,3887.15,0
1762010283599,ETH-PERPETUAL,TICK,0,3887.15,0
1762010283619,ETH-PERPETUAL,TICK,0,3890.2,0
1762010283621,ETH-PERPETUAL,TICK,0,3890.2,0
1762010283641,ETH-PERPETUAL,TICK,0,3887.25,0
1762010283644,ETH-PERPETUAL,TICK,0,3887.25,0
1762010283666,ETH-PERPETUAL,TICK,0,3890.1,0
1762010283669,ETH-PERPETUAL,TICK,0,3890.1,0
1762010283691,ETH-PERPETUAL,TICK,0,3887.3,0
1762010283694,ETH-PERPETUAL,TICK,0,3887.3,0
1762010283715,ETH-PERPETUAL,TICK,0,3890,0
1762010283718,ETH-PERPETUAL,TICK,0,3890,0
1762010283742,ETH-PERPETUAL,TICK,0,3887.35,0
1762010283745,ETH-PERPETUAL,TICK,0,3887.35,0
1762010283767,ETH-PERPETUAL,TICK,0,3889.95,0
1762010283771,ETH-PERPETUAL,TICK,0,3889.95,0
1762010283793,ETH-PERPETUAL,TICK,0,3887.4,0
1762010283797,ETH-PERPETUAL,TICK,0,3887.4,0
1762010283821,BTC-PERPETUAL,TICK,0,110180,0
1762010283824,BTC-PERPETUAL,TICK,0,110180,0
1762010283848,ETH-PERPETUAL,TICK,0,3889.9,0
1762010283852,ETH-PERPETUAL,TICK,0,3889.9,0
1762010283879,ETH-PERPETUAL,TICK,0,3887.5,0
1762010283882,ETH-PERPETUAL,TICK,0,3887.5,0
1762010283910,ETH-PERPETUAL,TICK,0,3889.85,0
1762010283915,ETH-PERPETUAL,TICK,0,3889.85,0
1762010283944,ETH-PERPETUAL,TICK,0,3887.55,0
1762010283950,ETH-PERPETUAL,TICK,0,3887.55,0
1762010283973,ETH-PERPETUAL,TICK,0,3889.75,0
1762010283977,ETH-PERPETUAL,TICK,0,3889.75,0
1762010284002,ETH-PERPETUAL,TICK,0,3889.65,0
1762010284005,ETH-PERPETUAL,TICK,0,3889.65,0
1762010284028,ETH-PERPETUAL,TICK,0,3887.65,0
1762010284031,ETH-PERPETUAL,TICK,0,3887.65,0
1762010284052,ETH-PERPETUAL,TICK,0,3889.6,0
1762010284056,ETH-PERPETUAL,TICK,0,3889.6,0
1762010284077,ETH-PERPETUAL,TICK,0,3887.75,0
1762010284082,ETH-PERPETUAL,TICK,0,3887.75,0
1762010284105,ETH-PERPETUAL,TICK,0,3887.8,0
1762010284108,ETH-PERPETUAL,TICK,0,3887.8,0
1762010284133,ETH-PERPETUAL,TICK,0,3889.45,0
1762010284137,ETH-PERPETUAL,TICK,0,3889.45,0
1762010284161,ETH-PERPETUAL,TICK,0,3887.9,0
1762010284164,ETH-PERPETUAL,TICK,0,3887.9,0
1762010284194,ETH-PERPETUAL,TICK,0,3889.4,0
1762010284197,ETH-PERPETUAL,TICK,0,3889.4,0
1762010284225,ETH-PERPETUAL,TICK,0,3887.95,0
1762010284228,ETH-PERPETUAL,TICK,0,3887.95,0
1762010284250,ETH-PERPETUAL,TICK,0,3889.35,0
1762010284254,ETH-PERPETUAL,TICK,0,3889.35,0
1762010284277,ETH-PERPETUAL,TICK,0,3888,0
1762010284280,ETH-PERPETUAL,TICK,0,3888,0
1762010284301,ETH-PERPETUAL,TICK,0,3889,0
1762010284305,ETH-PERPETUAL,TICK,0,3889,0
1762010284325,ETH-PERPETUAL,TICK,0,3888.05,0
1762010284329,ETH-PERPETUAL,TICK,0,3888.05,0
1762010284352,ETH-PERPETUAL,TICK,0,3888.85,0
1762010284355,ETH-PERPETUAL,TICK,0,3888.85,0
1762010284380,ETH-PERPETUAL,TICK,0,3888.1,0
1762010284383,ETH-PERPETUAL,TICK,0,3888.1,0
1762010284409,ETH-PERPETUAL,TICK,0,3888.8,0
1762010284413,ETH-PERPETUAL,TICK,0,3888.8,0
1762010284437,ETH-PERPETUAL,TICK,0,3888.15,0
1762010284441,ETH-PERPETUAL,TICK,0,3888.15,0
1762010284465,ETH-PERPETUAL,TICK,0,3888.75,0
1762010284469,ETH-PERPETUAL,TICK,0,3888.75,0
1762010284493,ETH-PERPETUAL,TICK,0,3888.25,0
1762010284497,ETH-PERPETUAL,TICK,0,3888.25,0
1762010284522,ETH-PERPETUAL,TICK,0,3888.55,0
1762010284526,ETH-PERPETUAL,TICK,0,3888.55,0
1762010284552,ETH-PERPETUAL,TICK,0,3888.5,0
1762010284555,ETH-PERPETUAL,TICK,0,3888.5,0
1762010285084,BTC-PERPETUAL,TICK,0,110205,0
1762010285087,BTC-PERPETUAL,TICK,0,110205,0
1762010285123,BTC-PERPETUAL,TICK,0,110158,0
1762010285125,BTC-PERPETUAL,TICK,0,110158,0
1762010285146,BTC-PERPETUAL,TICK,0,110204,0
1762010285150,BTC-PERPETUAL,TICK,0,110204,0
1762010285170,BTC-PERPETUAL,TICK,0,110158,0
1762010285174,BTC-PERPETUAL,TICK,0,110158,0
1762010285199,BTC-PERPETUAL,TICK,0,110204,0
1762010285203,BTC-PERPETUAL,TICK,0,110204,0
1762010285223,BTC-PERPETUAL,TICK,0,110158,0
1762010285226,BTC-PERPETUAL,TICK,0,110158,0
1762010285247,BTC-PERPETUAL,TICK,0,110200,0
1762010285250,BTC-PERPETUAL,TICK,0,110200,0
1762010285271,BTC-PERPETUAL,TICK,0,110159,0
1762010285274,BTC-PERPETUAL,TICK,0,110159,0
1762010285297,BTC-PERPETUAL,TICK,0,110198,0
1762010285301,BTC-PERPETUAL,TICK,0,110198,0
1762010285323,BTC-PERPETUAL,TICK,0,110160,0
1762010285327,BTC-PERPETUAL,TICK,0,110160,0
1762010285349,BTC-PERPETUAL,TICK,0,110198,0
1762010285353,BTC-PERPETUAL,TICK,0,110198,0
1762010285375,BTC-PERPETUAL,TICK,0,110162,0
1762010285378,BTC-PERPETUAL,TICK,0,110162,0
1762010285401,BTC-PERPETUAL,TICK,0,110196,0
1762010285404,BTC-PERPETUAL,TICK,0,110196,0
1762010285426,BTC-PERPETUAL,TICK,0,110163,0
1762010285430,BTC-PERPETUAL,TICK,0,110163,0
1762010285452,BTC-PERPETUAL,TICK,0,110194,0
1762010285457,BTC-PERPETUAL,TICK,0,110194,0
1762010285479,BTC-PERPETUAL,TICK,0,110164,0
1762010285482,BTC-PERPETUAL,TICK,0,110164,0
1762010285504,BTC-PERPETUAL,TICK,0,110194,0
1762010285508,BTC-PERPETUAL,TICK,0,110194,0
1762010285530,BTC-PERPETUAL,TICK,0,110164,0
1762010285533,BTC-PERPETUAL,TICK,0,110164,0
1762010285558,BTC-PERPETUAL,TICK,0,110194,0
1762010285561,BTC-PERPETUAL,TICK,0,110194,0
1762010285584,BTC-PERPETUAL,TICK,0,110168,0
1762010285588,BTC-PERPETUAL,TICK,0,110168,0
1762010285612,BTC-PERPETUAL,TICK,0,110193,0
1762010285616,BTC-PERPETUAL,TICK,0,110193,0
1762010285639,BTC-PERPETUAL,TICK,0,110170,0
1762010285643,BTC-PERPETUAL,TICK,0,110170,0
1762010285666,BTC-PERPETUAL,TICK,0,110192,0
1762010285670,BTC-PERPETUAL,TICK,0,110192,0
1762010285693,BTC-PERPETUAL,TICK,0,110170,0
1762010285697,BTC-PERPETUAL,TICK,0,110170,0
1762010285721,BTC-PERPETUAL,TICK,0,110192,0
1762010285725,BTC-PERPETUAL,TICK,0,110192,0
1762010285748,BTC-PERPETUAL,TICK,0,110172,0
1762010285753,BTC-PERPETUAL,TICK,0,110172,0
1762010285778,BTC-PERPETUAL,TICK,0,110192,0
1762010285783,BTC-PERPETUAL,TICK,0,110192,0
1762010285812,BTC-PERPETUAL,TICK,0,110172,0
1762010285815,BTC-PERPETUAL,TICK,0,110172,0
1762010285844,BTC-PERPETUAL,TICK,0,110190,0
1762010285848,BTC-PERPETUAL,TICK,0,110190,0
1762010285874,BTC-PERPETUAL,TICK,0,110172,0
1762010285878,BTC-PERPETUAL,TICK,0,110172,0
1762010285902,BTC-PERPETUAL,TICK,0,110190,0
1762010285906,BTC-PERPETUAL,TICK,0,110190,0
1762010285931,BTC-PERPETUAL,TICK,0,110173,0
1762010285933,BTC-PERPETUAL,TICK,0,110173,0
1762010285961,BTC-PERPETUAL,TICK,0,110188,0
1762010285965,BTC-PERPETUAL,TICK,0,110188,0
1762010285988,BTC-PERPETUAL,TICK,0,110174,0
1762010285992,BTC-PERPETUAL,TICK,0,110174,0
1762010286016,BTC-PERPETUAL,TICK,0,110187,0
1762010286019,BTC-PERPETUAL,TICK,0,110187,0
1762010286044,BTC-PERPETUAL,TICK,0,110176,0
1762010286047,BTC-PERPETUAL,TICK,0,110176,0
1762010286072,BTC-PERPETUAL,TICK,0,110185,0
1762010286076,BTC-PERPETUAL,TICK,0,110185,0
1762010286100,BTC-PERPETUAL,TICK,0,110176,0
1762010286103,BTC-PERPETUAL,TICK,0,110176,0
1762010286130,BTC-PERPETUAL,TICK,0,110184,0
1762010286133,BTC-PERPETUAL,TICK,0,110184,0
1762010286160,BTC-PERPETUAL,TICK,0,110183,0
1762010286166,BTC-PERPETUAL,TICK,0,110183,0
1762010287945,BTC-PERPETUAL,TICK,0,0,0
1762010287955,BTC-PERPETUAL,TICK,0,0,0
1762010288001,ETH-PERPETUAL,TICK,0,0,0
1762010288004,ETH-PERPETUAL,TICK,0,0,0
1762010288365,BTC-PERPETUAL,TICK,0,110227,0
1762010288369,BTC-PERPETUAL,TICK,0,110227,0
1762010288396,BTC-PERPETUAL,TICK,0,110227,0
1762010288399,BTC-PERPETUAL,TICK,0,110227,0
1762010288425,ETH-PERPETUAL,TICK,0,3893.25,0
1762010288427,ETH-PERPETUAL,TICK,0,3893.25,0
1762010288449,BTC-PERPETUAL,TICK,0,110118,0
1762010288452,BTC-PERPETUAL,TICK,0,110118,0
1762010288470,ETH-PERPETUAL,TICK,0,3893.25,0
1762010288473,ETH-PERPETUAL,TICK,0,3893.25,0
1762010288492,BTC-PERPETUAL,TICK,0,110118,0
1762010288494,BTC-PERPETUAL,TICK,0,110118,0
1762010288513,ETH-PERPETUAL,TICK,0,3893.25,0
1762010288515,ETH-PERPETUAL,TICK,0,3893.25,0
1762010288534,ETH-PERPETUAL,TICK,0,3869.65,0
1762010288537,ETH-PERPETUAL,TICK,0,3869.65,0
1762010288555,ETH-PERPETUAL,TICK,0,3876.95,0
1762010288558,ETH-PERPETUAL,TICK,0,3876.95,0
1762010288669,BTC-PERPETUAL,TICK,0,110118,0
1762010288673,BTC-PERPETUAL,TICK,0,110118,0
1762010288702,ETH-PERPETUAL,TICK,0,3879.2,0
1762010288705,ETH-PERPETUAL,TICK,0,3879.2,0
1762010288730,ETH-PERPETUAL,TICK,0,3879.7,0
1762010288734,ETH-PERPETUAL,TICK,0,3879.7,0
1762010288752,ETH-PERPETUAL,TICK,0,3907.05,0
1762010288754,ETH-PERPETUAL,TICK,0,3907.05,0
1762010288787,ETH-PERPETUAL,TICK,0,3892,0
1762010288789,ETH-PERPETUAL,TICK,0,3892,0
1762010288808,ETH-PERPETUAL,TICK,0,3888,0
1762010288811,ETH-PERPETUAL,TICK,0,3888,0
1762010288829,ETH-PERPETUAL,TICK,0,3891.9,0
1762010288832,ETH-PERPETUAL,TICK,0,3891.9,0
1762010288851,ETH-PERPETUAL,TICK,0,3888.05,0
1762010288854,ETH-PERPETUAL,TICK,0,3888.05,0
1762010288897,ETH-PERPETUAL,TICK,0,3891.85,0
1762010288900,ETH-PERPETUAL,TICK,0,3891.85,0
1762010288919,ETH-PERPETUAL,TICK,0,3888.1,0
1762010288922,ETH-PERPETUAL,TICK,0,3888.1,0
1762010288943,ETH-PERPETUAL,TICK,0,3891.8,0
1762010288945,ETH-PERPETUAL,TICK,0,3891.8,0
1762010288966,ETH-PERPETUAL,TICK,0,3888.15,0
1762010288970,ETH-PERPETUAL,TICK,0,3888.15,0
1762010288995,ETH-PERPETUAL,TICK,0,3893.25,0
1762010288998,ETH-PERPETUAL,TICK,0,3893.25,0
1762010289019,ETH-PERPETUAL,TICK,0,3891.75,0
1762010289023,ETH-PERPETUAL,TICK,0,3891.75,0
1762010289045,ETH-PERPETUAL,TICK,0,3888.25,0
1762010289048,ETH-PERPETUAL,TICK,0,3888.25,0
1762010289070,ETH-PERPETUAL,TICK,0,3891.7,0
1762010289073,ETH-PERPETUAL,TICK,0,3891.7,0
1762010289095,ETH-PERPETUAL,TICK,0,3888.3,0
1762010289098,ETH-PERPETUAL,TICK,0,3888.3,0
1762010289120,ETH-PERPETUAL,TICK,0,3891.65,0
1762010289124,ETH-PERPETUAL,TICK,0,3891.65,0
1762010289146,ETH-PERPETUAL,TICK,0,3888.35,0
1762010289150,ETH-PERPETUAL,TICK,0,3888.35,0
1762010289173,ETH-PERPETUAL,TICK,0,3891.45,0
1762010289176,ETH-PERPETUAL,TICK,0,3891.45,0
1762010289198,ETH-PERPETUAL,TICK,0,3888.4,0
1762010289202,ETH-PERPETUAL,TICK,0,3888.4,0
1762010289224,BTC-PERPETUAL,TICK,0,0,0
1762010289226,BTC-PERPETUAL,TICK,0,0,0
1762010289250,ETH-PERPETUAL,TICK,0,0,0
1762010289253,ETH-PERPETUAL,TICK,0,0,0
1762010289280,ETH-PERPETUAL,TICK,0,3891.4,0
1762010289283,ETH-PERPETUAL,TICK,0,3891.4,0
1762010289305,ETH-PERPETUAL,TICK,0,3888.5,0
1762010289309,ETH-PERPETUAL,TICK,0,3888.5,0
1762010289330,ETH-PERPETUAL,TICK,0,3891.3,0
1762010289333,ETH-PERPETUAL,TICK,0,3891.3,0
1762010289358,ETH-PERPETUAL,TICK,0,3888.55,0
1762010289362,ETH-PERPETUAL,TICK,0,3888.55,0
1762010289386,ETH-PERPETUAL,TICK,0,3891.25,0
1762010289390,ETH-PERPETUAL,TICK,0,3891.25,0
1762010289414,ETH-PERPETUAL,TICK,0,3888.6,0
1762010289418,ETH-PERPETUAL,TICK,0,3888.6,0
1762010289441,ETH-PERPETUAL,TICK,0,3891.2,0
1762010289445,ETH-PERPETUAL,TICK,0,3891.2,0
1762010289467,ETH-PERPETUAL,TICK,0,3888.65,0
1762010289472,ETH-PERPETUAL,TICK,0,3888.65,0
1762010289496,ETH-PERPETUAL,TICK,0,3891,0
1762010289499,ETH-PERPETUAL,TICK,0,3891,0
1762010289527,ETH-PERPETUAL,TICK,0,3888.75,0
1762010289530,ETH-PERPETUAL,TICK,0,3888.75,0
1762010289555,ETH-PERPETUAL,TICK,0,3890.8,0
1762010289559,ETH-PERPETUAL,TICK,0,3890.8,0
1762010289583,ETH-PERPETUAL,TICK,0,3888.85,0
1762010289588,ETH-PERPETUAL,TICK,0,3888.85,0
1762010287977,ETH-PERPETUAL,TICK,0,3890.7,0
1762010287981,ETH-PERPETUAL,TICK,0,3890.7,0
1762010288012,ETH-PERPETUAL,TICK,0,3889.05,0
1762010288016,ETH-PERPETUAL,TICK,0,3889.05,0
1762010288041,ETH-PERPETUAL,TICK,0,3890.65,0
1762010288045,ETH-PERPETUAL,TICK,0,3890.65,0
1762010288073,ETH-PERPETUAL,TICK,0,3889.1,0
1762010288077,ETH-PERPETUAL,TICK,0,3889.1,0
1762010288108,ETH-PERPETUAL,TICK,0,3893.25,0
1762010288113,ETH-PERPETUAL,TICK,0,3893.25,0
1762010288148,ETH-PERPETUAL,TICK,0,3893.25,0
1762010288150,ETH-PERPETUAL,TICK,0,3893.25,0
1762010288184,ETH-PERPETUAL,TICK,0,3866.6,0
1762010288188,ETH-PERPETUAL,TICK,0,3866.6,0
1762010288221,ETH-PERPETUAL,TICK,0,3874,0
1762010288229,ETH-PERPETUAL,TICK,0,3874,0
1762010288266,ETH-PERPETUAL,TICK,0,3876.05,0
1762010288271,ETH-PERPETUAL,TICK,0,3876.05,0
1762010288303,ETH-PERPETUAL,TICK,0,3890.5,0
1762010288307,ETH-PERPETUAL,TICK,0,3890.5,0
1762010288355,ETH-PERPETUAL,TICK,0,3889.25,0
1762010288362,ETH-PERPETUAL,TICK,0,3889.25,0
1762010288396,ETH-PERPETUAL,TICK,0,3890.45,0
1762010288401,ETH-PERPETUAL,TICK,0,3890.45,0
1762010288439,ETH-PERPETUAL,TICK,0,3889.3,0
1762010288444,ETH-PERPETUAL,TICK,0,3889.3,0
1762010288482,ETH-PERPETUAL,TICK,0,3890,0
1762010288487,ETH-PERPETUAL,TICK,0,3890,0
1762010288523,ETH-PERPETUAL,TICK,0,3889.35,0
1762010288527,ETH-PERPETUAL,TICK,0,3889.35,0
1762010288559,BTC-PERPETUAL,TICK,0,110227,0
1762010288562,BTC-PERPETUAL,TICK,0,110227,0
1762010288601,BTC-PERPETUAL,TICK,0,110227,0
1762010288607,BTC-PERPETUAL,TICK,0,110227,0
1762010288632,BTC-PERPETUAL,TICK,0,110118,0
1762010288635,BTC-PERPETUAL,TICK,0,110118,0
1762010288660,BTC-PERPETUAL,TICK,0,110118,0
1762010288663,BTC-PERPETUAL,TICK,0,110118,0
1762010288687,ETH-PERPETUAL,TICK,0,3889.45,0
1762010288690,ETH-PERPETUAL,TICK,0,3889.45,0
1762010288715,ETH-PERPETUAL,TICK,0,3889.4,0
1762010288719,ETH-PERPETUAL,TICK,0,3889.4,0
1762010288743,ETH-PERPETUAL,TICK,0,3910.8,0
1762010288746,ETH-PERPETUAL,TICK,0,3910.8,0
1762010288772,ETH-PERPETUAL,TICK,0,3876.6,0
1762010288776,ETH-PERPETUAL,TICK,0,3876.6,0
1762010288801,ETH-PERPETUAL,TICK,0,3903.65,0
1762010288806,ETH-PERPETUAL,TICK,0,3903.65,0
1762010288834,BTC-PERPETUAL,TICK,0,110118,0
1762010288838,BTC-PERPETUAL,TICK,0,110118,0
1762010288862,BTC-PERPETUAL,TICK,0,110208,0
1762010288864,BTC-PERPETUAL,TICK,0,110208,0
1762010288889,BTC-PERPETUAL,TICK,0,110166,0
1762010288892,BTC-PERPETUAL,TICK,0,110166,0
1762010288918,BTC-PERPETUAL,TICK,0,110206,0
1762010288922,BTC-PERPETUAL,TICK,0,110206,0
1762010288947,BTC-PERPETUAL,TICK,0,110170,0
1762010288951,BTC-PERPETUAL,TICK,0,110170,0
1762010288977,BTC-PERPETUAL,TICK,0,110206,0
1762010288981,BTC-PERPETUAL,TICK,0,110206,0
1762010289005,BTC-PERPETUAL,TICK,0,110170,0
1762010289008,BTC-PERPETUAL,TICK,0,110170,0
1762010289034,BTC-PERPETUAL,TICK,0,110205,0
1762010289039,BTC-PERPETUAL,TICK,0,110205,0
1762010289063,BTC-PERPETUAL,TICK,0,110170,0
1762010289066,BTC-PERPETUAL,TICK,0,110170,0
1762010289090,BTC-PERPETUAL,TICK,0,110204,0
1762010289093,BTC-PERPETUAL,TICK,0,110204,0
1762010289120,BTC-PERPETUAL,TICK,0,110171,0
1762010289123,BTC-PERPETUAL,TICK,0,110171,0
1762010289150,BTC-PERPETUAL,TICK,0,110204,0
1762010289154,BTC-PERPETUAL,TICK,0,110204,0
1762010289179,BTC-PERPETUAL,TICK,0,110172,0
1762010289183,BTC-PERPETUAL,TICK,0,110172,0
1762010289209,BTC-PERPETUAL,TICK,0,110204,0
1762010289213,BTC-PERPETUAL,TICK,0,110204,0
1762010289240,BTC-PERPETUAL,TICK,0,110172,0
1762010289245,BTC-PERPETUAL,TICK,0,110172,0
1762010289272,BTC-PERPETUAL,TICK,0,110432,0
1762010289275,BTC-PERPETUAL,TICK,0,110432,0
1762010289313,BTC-PERPETUAL,TICK,0,110201,0
1762010289336,BTC-PERPETUAL,TICK,0,110201,0
1762010289351,BTC-PERPETUAL,TICK,0,110174,0
1762010289357,BTC-PERPETUAL,TICK,0,110174,0
1762010289386,BTC-PERPETUAL,TICK,0,110200,0
1762010289391,BTC-PERPETUAL,TICK,0,110200,0
1762010289421,BTC-PERPETUAL,TICK,0,110176,0
1762010289425,BTC-PERPETUAL,TICK,0,110176,0
1762010289453,BTC-PERPETUAL,TICK,0,110198,0
1762010289457,BTC-PERPETUAL,TICK,0,110198,0
1762010289484,BTC-PERPETUAL,TICK,0,110176,0
1762010289489,BTC-PERPETUAL,TICK,0,110176,0
1762010289519,BTC-PERPETUAL,TICK,0,110195,0
1762010289525,BTC-PERPETUAL,TICK,0,110195,0
1762010289559,BTC-PERPETUAL,TICK,0,110177,0
1762010289563,BTC-PERPETUAL,TICK,0,110177,0
1762010289602,BTC-PERPETUAL,TICK,0,110193,0
1762010289609,BTC-PERPETUAL,TICK,0,110193,0
1762010289644,BTC-PERPETUAL,TICK,0,110178,0
1762010289651,BTC-PERPETUAL,TICK,0,110178,0
1762010289682,BTC-PERPETUAL,TICK,0,110192,0
1762010289686,BTC-PERPETUAL,TICK,0,110192,0
1762010289710,BTC-PERPETUAL,TICK,0,110180,0
1762010289714,BTC-PERPETUAL,TICK,0,110180,0
1762010289739,BTC-PERPETUAL,TICK,0,110324,0
1762010289744,BTC-PERPETUAL,TICK,0,110324,0
1762010289769,BTC-PERPETUAL,TICK,0,110192,0
1762010289773,BTC-PERPETUAL,TICK,0,110192,0
1762010289803,BTC-PERPETUAL,TICK,0,110180,0
1762010289808,BTC-PERPETUAL,TICK,0,110180,0
1762010289835,BTC-PERPETUAL,TICK,0,110192,0
1762010289841,BTC-PERPETUAL,TICK,0,110192,0
1762010289872,BTC-PERPETUAL,TICK,0,110180,0
1762010289877,BTC-PERPETUAL,TICK,0,110180,0
1762010289909,BTC-PERPETUAL,TICK,0,110191,0
1762010289913,BTC-PERPETUAL,TICK,0,110191,0
1762010289943,BTC-PERPETUAL,TICK,0,110181,0
1762010289947,BTC-PERPETUAL,TICK,0,110181,0
1762010289973,BTC-PERPETUAL,TICK,0,110190,0
1762010289977,BTC-PERPETUAL,TICK,0,110190,0
1762010290007,BTC-PERPETUAL,TICK,0,110182,0
1762010290010,BTC-PERPETUAL,TICK,0,110182,0
1762010290039,BTC-PERPETUAL,TICK,0,110190,0
1762010290043,BTC-PERPETUAL,TICK,0,110190,0
1762010290069,BTC-PERPETUAL,TICK,0,110182,0
1762010290073,BTC-PERPETUAL,TICK,0,110182,0
1762010290100,BTC-PERPETUAL,TICK,0,110188,0
1762010290104,BTC-PERPETUAL,TICK,0,110188,0
1762010290130,BTC-PERPETUAL,TICK,0,110182,0
1762010290134,BTC-PERPETUAL,TICK,0,110182,0
1762010290160,BTC-PERPETUAL,TICK,0,110184,0
1762010290165,BTC-PERPETUAL,TICK,0,110184,0
1762010290190,BTC-PERPETUAL,TICK,0,110183,0
1762010290195,BTC-PERPETUAL,TICK,0,110183,0
1762010290235,BTC-PERPETUAL,TICK,0,109954,0
1762010290238,BTC-PERPETUAL,TICK,0,109954,0
1762010292415,ETH-PERPETUAL,TICK,0,3891.85,0
1762010292419,ETH-PERPETUAL,TICK,0,3891.85,0
1762010292446,ETH-PERPETUAL,TICK,0,3888.4,0
1762010292449,ETH-PERPETUAL,TICK,0,3888.4,0
1762010292470,ETH-PERPETUAL,TICK,0,3891.75,0
1762010292472,ETH-PERPETUAL,TICK,0,3891.75,0
1762010292491,ETH-PERPETUAL,TICK,0,3888.45,0
1762010292494,ETH-PERPETUAL,TICK,0,3888.45,0
1762010292513,ETH-PERPETUAL,TICK,0,3891.7,0
1762010292516,ETH-PERPETUAL,TICK,0,3891.7,0
1762010292534,ETH-PERPETUAL,TICK,0,3888.5,0
1762010292537,ETH-PERPETUAL,TICK,0,3888.5,0
1762010292556,ETH-PERPETUAL,TICK,0,3891.65,0
1762010292558,ETH-PERPETUAL,TICK,0,3891.65,0
1762010292578,ETH-PERPETUAL,TICK,0,3888.55,0
1762010292580,ETH-PERPETUAL,TICK,0,3888.55,0
1762010292599,ETH-PERPETUAL,TICK,0,3891.6,0
1762010292601,ETH-PERPETUAL,TICK,0,3891.6,0
1762010292619,ETH-PERPETUAL,TICK,0,3888.6,0
1762010292621,ETH-PERPETUAL,TICK,0,3888.6,0
1762010292639,ETH-PERPETUAL,TICK,0,3891.45,0
1762010292641,ETH-PERPETUAL,TICK,0,3891.45,0
1762010292659,ETH-PERPETUAL,TICK,0,3888.65,0
1762010292662,ETH-PERPETUAL,TICK,0,3888.65,0
1762010292681,ETH-PERPETUAL,TICK,0,3891.4,0
1762010292683,ETH-PERPETUAL,TICK,0,3891.4,0
1762010292702,ETH-PERPETUAL,TICK,0,3888.75,0
1762010292704,ETH-PERPETUAL,TICK,0,3888.75,0
1762010292722,ETH-PERPETUAL,TICK,0,3891.3,0
1762010292726,ETH-PERPETUAL,TICK,0,3891.3,0
1762010292744,ETH-PERPETUAL,TICK,0,3888.8,0
1762010292746,ETH-PERPETUAL,TICK,0,3888.8,0
1762010292766,ETH-PERPETUAL,TICK,0,3891.25,0
1762010292768,ETH-PERPETUAL,TICK,0,3891.25,0
1762010292786,ETH-PERPETUAL,TICK,0,3888.85,0
1762010292789,ETH-PERPETUAL,TICK,0,3888.85,0
1762010292807,ETH-PERPETUAL,TICK,0,3891.2,0
1762010292810,ETH-PERPETUAL,TICK,0,3891.2,0
1762010292829,ETH-PERPETUAL,TICK,0,3888.9,0
1762010292832,ETH-PERPETUAL,TICK,0,3888.9,0
1762010292851,ETH-PERPETUAL,TICK,0,3891.05,0
1762010292854,ETH-PERPETUAL,TICK,0,3891.05,0
1762010292873,ETH-PERPETUAL,TICK,0,3889,0
1762010292875,ETH-PERPETUAL,TICK,0,3889,0
1762010292893,ETH-PERPETUAL,TICK,0,3891,0
1762010292896,ETH-PERPETUAL,TICK,0,3891,0
1762010292916,ETH-PERPETUAL,TICK,0,3889.05,0
1762010292919,ETH-PERPETUAL,TICK,0,3889.05,0
1762010292938,ETH-PERPETUAL,TICK,0,3890.85,0
1762010292941,ETH-PERPETUAL,TICK,0,3890.85,0
1762010292961,ETH-PERPETUAL,TICK,0,3889.1,0
1762010292964,ETH-PERPETUAL,TICK,0,3889.1,0
1762010292984,ETH-PERPETUAL,TICK,0,3890.8,0
1762010292987,ETH-PERPETUAL,TICK,0,3890.8,0
1762010293008,ETH-PERPETUAL,TICK,0,3889.15,0
1762010293012,ETH-PERPETUAL,TICK,0,3889.15,0
1762010293035,ETH-PERPETUAL,TICK,0,3890.75,0
1762010293038,ETH-PERPETUAL,TICK,0,3890.75,0
1762010293060,ETH-PERPETUAL,TICK,0,3889.3,0
1762010293064,ETH-PERPETUAL,TICK,0,3889.3,0
1762010293084,ETH-PERPETUAL,TICK,0,3890.7,0
1762010293087,ETH-PERPETUAL,TICK,0,3890.7,0
1762010293108,ETH-PERPETUAL,TICK,0,3889.35,0
1762010293110,ETH-PERPETUAL,TICK,0,3889.35,0
1762010293133,ETH-PERPETUAL,TICK,0,3890.6,0
1762010293135,ETH-PERPETUAL,TICK,0,3890.6,0
1762010293158,ETH-PERPETUAL,TICK,0,3889.4,0
1762010293161,ETH-PERPETUAL,TICK,0,3889.4,0
1762010293181,ETH-PERPETUAL,TICK,0,3890.5,0
1762010293184,ETH-PERPETUAL,TICK,0,3890.5,0
1762010293208,ETH-PERPETUAL,TICK,0,3889.5,0
1762010293211,ETH-PERPETUAL,TICK,0,3889.5,0
1762010293233,ETH-PERPETUAL,TICK,0,3890.45,0
1762010293236,ETH-PERPETUAL,TICK,0,3890.45,0
1762010293262,ETH-PERPETUAL,TICK,0,3889.75,0
1762010293265,ETH-PERPETUAL,TICK,0,3889.75,0
1762010293291,ETH-PERPETUAL,TICK,0,3890,0
1762010293293,ETH-PERPETUAL,TICK,0,3890,0
1762010293320,ETH-PERPETUAL,TICK,0,3889.9,0
1762010293323,ETH-PERPETUAL,TICK,0,3889.9,0
1762010293979,BTC-PERPETUAL,TICK,0,110208,0
1762010293987,BTC-PERPETUAL,TICK,0,110208,0
1762010294087,BTC-PERPETUAL,TICK,0,110166,0
1762010294091,BTC-PERPETUAL,TICK,0,110166,0
1762010294120,BTC-PERPETUAL,TICK,0,110206,0
1762010294123,BTC-PERPETUAL,TICK,0,110206,0
1762010294143,BTC-PERPETUAL,TICK,0,110170,0
1762010294145,BTC-PERPETUAL,TICK,0,110170,0
1762010294164,BTC-PERPETUAL,TICK,0,110206,0
1762010294166,BTC-PERPETUAL,TICK,0,110206,0
1762010294183,BTC-PERPETUAL,TICK,0,110170,0
1762010294186,BTC-PERPETUAL,TICK,0,110170,0
1762010294205,BTC-PERPETUAL,TICK,0,110205,0
1762010294208,BTC-PERPETUAL,TICK,0,110205,0
1762010294225,BTC-PERPETUAL,TICK,0,110170,0
1762010294228,BTC-PERPETUAL,TICK,0,110170,0
1762010294245,BTC-PERPETUAL,TICK,0,110204,0
1762010294248,BTC-PERPETUAL,TICK,0,110204,0
1762010294266,BTC-PERPETUAL,TICK,0,110171,0
1762010294269,BTC-PERPETUAL,TICK,0,110171,0
1762010294289,BTC-PERPETUAL,TICK,0,110204,0
1762010294292,BTC-PERPETUAL,TICK,0,110204,0
1762010294311,BTC-PERPETUAL,TICK,0,110172,0
1762010294314,BTC-PERPETUAL,TICK,0,110172,0
1762010294334,BTC-PERPETUAL,TICK,0,110204,0
1762010294337,BTC-PERPETUAL,TICK,0,110204,0
1762010294358,BTC-PERPETUAL,TICK,0,110180,0
1762010294361,BTC-PERPETUAL,TICK,0,110180,0
1762010294380,BTC-PERPETUAL,TICK,0,110202,0
1762010294384,BTC-PERPETUAL,TICK,0,110202,0
1762010294407,BTC-PERPETUAL,TICK,0,110174,0
1762010294409,BTC-PERPETUAL,TICK,0,110174,0
1762010294432,BTC-PERPETUAL,TICK,0,110201,0
1762010294437,BTC-PERPETUAL,TICK,0,110201,0
1762010294465,BTC-PERPETUAL,TICK,0,110176,0
1762010294470,BTC-PERPETUAL,TICK,0,110176,0
1762010294496,BTC-PERPETUAL,TICK,0,110200,0
1762010294500,BTC-PERPETUAL,TICK,0,110200,0
1762010294521,BTC-PERPETUAL,TICK,0,110176,0
1762010294526,BTC-PERPETUAL,TICK,0,110176,0
1762010294550,BTC-PERPETUAL,TICK,0,110177,0
1762010294556,BTC-PERPETUAL,TICK,0,110177,0
1762010294590,BTC-PERPETUAL,TICK,0,110198,0
1762010294596,BTC-PERPETUAL,TICK,0,110198,0
1762010294624,BTC-PERPETUAL,TICK,0,110178,0
1762010294627,BTC-PERPETUAL,TICK,0,110178,0
1762010294653,BTC-PERPETUAL,TICK,0,110193,0
1762010294657,BTC-PERPETUAL,TICK,0,110193,0
1762010294680,BTC-PERPETUAL,TICK,0,110180,0
1762010294684,BTC-PERPETUAL,TICK,0,110180,0
1762010294706,BTC-PERPETUAL,TICK,0,110192,0
1762010294709,BTC-PERPETUAL,TICK,0,110192,0
1762010294732,BTC-PERPETUAL,TICK,0,110180,0
1762010294735,BTC-PERPETUAL,TICK,0,110180,0
1762010294757,BTC-PERPETUAL,TICK,0,110192,0
1762010294761,BTC-PERPETUAL,TICK,0,110192,0
1762010294782,BTC-PERPETUAL,TICK,0,110180,0
1762010294787,BTC-PERPETUAL,TICK,0,110180,0
1762010294818,BTC-PERPETUAL,TICK,0,110192,0
1762010294822,BTC-PERPETUAL,TICK,0,110192,0
1762010294846,BTC-PERPETUAL,TICK,0,110181,0
1762010294852,BTC-PERPETUAL,TICK,0,110181,0
1762010294885,BTC-PERPETUAL,TICK,0,110190,0
1762010294889,BTC-PERPETUAL,TICK,0,110190,0
1762010294914,BTC-PERPETUAL,TICK,0,110182,0
1762010294919,BTC-PERPETUAL,TICK,0,110182,0
1762010294945,BTC-PERPETUAL,TICK,0,110190,0
1762010294949,BTC-PERPETUAL,TICK,0,110190,0
1762010294971,BTC-PERPETUAL,TICK,0,110182,0
1762010294973,BTC-PERPETUAL,TICK,0,110182,0
1762010294996,BTC-PERPETUAL,TICK,0,110188,0
1762010295001,BTC-PERPETUAL,TICK,0,110188,0
1762010295027,BTC-PERPETUAL,TICK,0,110182,0
1762010295031,BTC-PERPETUAL,TICK,0,110182,0
1762010295055,BTC-PERPETUAL,TICK,0,110184,0
1762010295060,BTC-PERPETUAL,TICK,0,110184,0
1762010295083,BTC-PERPETUAL,TICK,0,110183,0
1762010295086,BTC-PERPETUAL,TICK,0,110183,0
1762010297685,ETH-PERPETUAL,TICK,0,3891,0
1762010297715,ETH-PERPETUAL,TICK,0,3891,0
1762010297765,ETH-PERPETUAL,TICK,0,3887.85,0
1762010297768,ETH-PERPETUAL,TICK,0,3887.85,0
1762010297790,ETH-PERPETUAL,TICK,0,3890.9,0
1762010297793,ETH-PERPETUAL,TICK,0,3890.9,0
1762010297814,ETH-PERPETUAL,TICK,0,3887.9,0
1762010297817,ETH-PERPETUAL,TICK,0,3887.9,0
1762010297835,ETH-PERPETUAL,TICK,0,3890.8,0
1762010297838,ETH-PERPETUAL,TICK,0,3890.8,0
1762010297856,ETH-PERPETUAL,TICK,0,3887.95,0
1762010297858,ETH-PERPETUAL,TICK,0,3887.95,0
1762010297876,ETH-PERPETUAL,TICK,0,3890.75,0
1762010297879,ETH-PERPETUAL,TICK,0,3890.75,0
1762010297899,ETH-PERPETUAL,TICK,0,3888,0
1762010297901,ETH-PERPETUAL,TICK,0,3888,0
1762010297919,ETH-PERPETUAL,TICK,0,3890.7,0
1762010297922,ETH-PERPETUAL,TICK,0,3890.7,0
1762010297941,ETH-PERPETUAL,TICK,0,3888.05,0
1762010297944,ETH-PERPETUAL,TICK,0,3888.05,0
1762010297962,ETH-PERPETUAL,TICK,0,3890.65,0
1762010297965,ETH-PERPETUAL,TICK,0,3890.65,0
1762010297982,ETH-PERPETUAL,TICK,0,3888.1,0
1762010297985,ETH-PERPETUAL,TICK,0,3888.1,0
1762010298005,ETH-PERPETUAL,TICK,0,3890.55,0
1762010298007,ETH-PERPETUAL,TICK,0,3890.55,0
1762010298025,ETH-PERPETUAL,TICK,0,3888.15,0
1762010298028,ETH-PERPETUAL,TICK,0,3888.15,0
1762010298046,ETH-PERPETUAL,TICK,0,3890.5,0
1762010298049,ETH-PERPETUAL,TICK,0,3890.5,0
1762010298067,ETH-PERPETUAL,TICK,0,3888.25,0
1762010298069,ETH-PERPETUAL,TICK,0,3888.25,0
1762010298089,ETH-PERPETUAL,TICK,0,3890.45,0
1762010298092,ETH-PERPETUAL,TICK,0,3890.45,0
1762010298111,ETH-PERPETUAL,TICK,0,3888.3,0
1762010298113,ETH-PERPETUAL,TICK,0,3888.3,0
1762010298133,ETH-PERPETUAL,TICK,0,3890.4,0
1762010298136,ETH-PERPETUAL,TICK,0,3890.4,0
1762010298171,ETH-PERPETUAL,TICK,0,3888.35,0
1762010298181,ETH-PERPETUAL,TICK,0,3888.35,0
1762010298348,ETH-PERPETUAL,TICK,0,3890.2,0
1762010298351,ETH-PERPETUAL,TICK,0,3890.2,0
1762010298377,ETH-PERPETUAL,TICK,0,3888.4,0
1762010298383,ETH-PERPETUAL,TICK,0,3888.4,0
1762010298410,ETH-PERPETUAL,TICK,0,3890.15,0
1762010298412,ETH-PERPETUAL,TICK,0,3890.15,0
1762010298438,ETH-PERPETUAL,TICK,0,3888.5,0
1762010298442,ETH-PERPETUAL,TICK,0,3888.5,0
1762010298472,ETH-PERPETUAL,TICK,0,3890.1,0
1762010298475,ETH-PERPETUAL,TICK,0,3890.1,0
1762010298510,ETH-PERPETUAL,TICK,0,3888.6,0
1762010298514,ETH-PERPETUAL,TICK,0,3888.6,0
1762010298547,ETH-PERPETUAL,TICK,0,3890,0
1762010298551,ETH-PERPETUAL,TICK,0,3890,0
1762010298575,ETH-PERPETUAL,TICK,0,3888.65,0
1762010298579,ETH-PERPETUAL,TICK,0,3888.65,0
1762010298613,ETH-PERPETUAL,TICK,0,3889.95,0
1762010298616,ETH-PERPETUAL,TICK,0,3889.95,0
1762010298649,ETH-PERPETUAL,TICK,0,3888.75,0
1762010298654,ETH-PERPETUAL,TICK,0,3888.75,0
1762010298686,ETH-PERPETUAL,TICK,0,3889.9,0
1762010298690,ETH-PERPETUAL,TICK,0,3889.9,0
1762010298720,ETH-PERPETUAL,TICK,0,3888.8,0
1762010298725,ETH-PERPETUAL,TICK,0,3888.8,0
1762010298749,ETH-PERPETUAL,TICK,0,3889.85,0
1762010298752,ETH-PERPETUAL,TICK,0,3889.85,0
1762010298775,ETH-PERPETUAL,TICK,0,3888.85,0
1762010298779,ETH-PERPETUAL,TICK,0,3888.85,0
1762010298804,ETH-PERPETUAL,TICK,0,3889.8,0
1762010298807,ETH-PERPETUAL,TICK,0,3889.8,0
1762010298835,ETH-PERPETUAL,TICK,0,3888.9,0
1762010298839,ETH-PERPETUAL,TICK,0,3888.9,0
1762010298865,ETH-PERPETUAL,TICK,0,3889.6,0
1762010298870,ETH-PERPETUAL,TICK,0,3889.6,0
1762010298895,ETH-PERPETUAL,TICK,0,3889,0
1762010298899,ETH-PERPETUAL,TICK,0,3889,0
1762010298922,ETH-PERPETUAL,TICK,0,3889.4,0
1762010298926,ETH-PERPETUAL,TICK,0,3889.4,0
1762010298954,ETH-PERPETUAL,TICK,0,3889.35,0
1762010298957,ETH-PERPETUAL,TICK,0,3889.35,0
1762010299244,BTC-PERPETUAL,TICK,0,110210,0
1762010299248,BTC-PERPETUAL,TICK,0,110210,0
1762010299293,BTC-PERPETUAL,TICK,0,110165,0
1762010299298,BTC-PERPETUAL,TICK,0,110165,0
1762010299322,BTC-PERPETUAL,TICK,0,110206,0
1762010299326,BTC-PERPETUAL,TICK,0,110206,0
1762010299347,BTC-PERPETUAL,TICK,0,110166,0
1762010299350,BTC-PERPETUAL,TICK,0,110166,0
1762010299371,BTC-PERPETUAL,TICK,0,110206,0
1762010299374,BTC-PERPETUAL,TICK,0,110206,0
1762010299395,BTC-PERPETUAL,TICK,0,110166,0
1762010299398,BTC-PERPETUAL,TICK,0,110166,0
1762010299419,BTC-PERPETUAL,TICK,0,110204,0
1762010299423,BTC-PERPETUAL,TICK,0,110204,0
1762010299447,BTC-PERPETUAL,TICK,0,110170,0
1762010299451,BTC-PERPETUAL,TICK,0,110170,0
1762010299476,BTC-PERPETUAL,TICK,0,110204,0
1762010299478,BTC-PERPETUAL,TICK,0,110204,0
1762010299505,BTC-PERPETUAL,TICK,0,110170,0
1762010299509,BTC-PERPETUAL,TICK,0,110170,0
1762010299536,BTC-PERPETUAL,TICK,0,110196,0
1762010299543,BTC-PERPETUAL,TICK,0,110196,0
1762010299573,BTC-PERPETUAL,TICK,0,110170,0
1762010299579,BTC-PERPETUAL,TICK,0,110170,0
1762010299606,BTC-PERPETUAL,TICK,0,110196,0
1762010299612,BTC-PERPETUAL,TICK,0,110196,0
1762010299640,BTC-PERPETUAL,TICK,0,110180,0
1762010299646,BTC-PERPETUAL,TICK,0,110180,0
1762010299678,BTC-PERPETUAL,TICK,0,110194,0
1762010299682,BTC-PERPETUAL,TICK,0,110194,0
1762010299705,BTC-PERPETUAL,TICK,0,110174,0
1762010299709,BTC-PERPETUAL,TICK,0,110174,0
1762010299747,BTC-PERPETUAL,TICK,0,110193,0
1762010299756,BTC-PERPETUAL,TICK,0,110193,0
1762010299794,BTC-PERPETUAL,TICK,0,110176,0
1762010299799,BTC-PERPETUAL,TICK,0,110176,0
1762010299838,BTC-PERPETUAL,TICK,0,110192,0
1762010299847,BTC-PERPETUAL,TICK,0,110192,0
1762010299882,BTC-PERPETUAL,TICK,0,110176,0
1762010299888,BTC-PERPETUAL,TICK,0,110176,0
1762010299923,BTC-PERPETUAL,TICK,0,110192,0
1762010299928,BTC-PERPETUAL,TICK,0,110192,0
1762010299958,BTC-PERPETUAL,TICK,0,110176,0
1762010299962,BTC-PERPETUAL,TICK,0,110176,0
1762010299988,BTC-PERPETUAL,TICK,0,110192,0
1762010299991,BTC-PERPETUAL,TICK,0,110192,0
1762010300016,BTC-PERPETUAL,TICK,0,110177,0
1762010300020,BTC-PERPETUAL,TICK,0,110177,0
1762010300046,BTC-PERPETUAL,TICK,0,110191,0
1762010300051,BTC-PERPETUAL,TICK,0,110191,0
1762010300074,BTC-PERPETUAL,TICK,0,110178,0
1762010300078,BTC-PERPETUAL,TICK,0,110178,0
1762010300101,BTC-PERPETUAL,TICK,0,110190,0
1762010300104,BTC-PERPETUAL,TICK,0,110190,0
1762010300130,BTC-PERPETUAL,TICK,0,110178,0
1762010300134,BTC-PERPETUAL,TICK,0,110178,0
1762010300160,BTC-PERPETUAL,TICK,0,110188,0
1762010300163,BTC-PERPETUAL,TICK,0,110188,0
1762010300188,BTC-PERPETUAL,TICK,0,110178,0
1762010300192,BTC-PERPETUAL,TICK,0,110178,0
1762010300217,BTC-PERPETUAL,TICK,0,110187,0
1762010300220,BTC-PERPETUAL,TICK,0,110187,0
1762010300244,BTC-PERPETUAL,TICK,0,110179,0
1762010300247,BTC-PERPETUAL,TICK,0,110179,0
1762010300273,BTC-PERPETUAL,TICK,0,110186,0
1762010300276,BTC-PERPETUAL,TICK,0,110186,0
1762010300300,BTC-PERPETUAL,TICK,0,110180,0
1762010300304,BTC-PERPETUAL,TICK,0,110180,0
1762010300329,BTC-PERPETUAL,TICK,0,110184,0
1762010300333,BTC-PERPETUAL,TICK,0,110184,0
1762010300359,BTC-PERPETUAL,TICK,0,110180,0
1762010300363,BTC-PERPETUAL,TICK,0,110180,0
1762010300389,BTC-PERPETUAL,TICK,0,110184,0
1762010300392,BTC-PERPETUAL,TICK,0,110184,0
1762010300414,BTC-PERPETUAL,TICK,0,110180,0
1762010300419,BTC-PERPETUAL,TICK,0,110180,0
1762010300441,BTC-PERPETUAL,TICK,0,110184,0
1762010300444,BTC-PERPETUAL,TICK,0,110184,0
1762010300469,BTC-PERPETUAL,TICK,0,110183,0
1762010300472,BTC-PERPETUAL,TICK,0,110183,0
1762010302953,ETH-PERPETUAL,TICK,0,3890.95,0
1762010302981,ETH-PERPETUAL,TICK,0,3890.95,0
1762010303020,ETH-PERPETUAL,TICK,0,3887.25,0
1762010303023,ETH-PERPETUAL,TICK,0,3887.25,0
1762010303047,ETH-PERPETUAL,TICK,0,3890.8,0
1762010303050,ETH-PERPETUAL,TICK,0,3890.8,0
1762010303072,ETH-PERPETUAL,TICK,0,3887.3,0
1762010303075,ETH-PERPETUAL,TICK,0,3887.3,0
1762010303094,ETH-PERPETUAL,TICK,0,3890.75,0
1762010303099,ETH-PERPETUAL,TICK,0,3890.75,0
1762010303117,ETH-PERPETUAL,TICK,0,3887.35,0
1762010303120,ETH-PERPETUAL,TICK,0,3887.35,0
1762010303138,ETH-PERPETUAL,TICK,0,3890.5,0
1762010303141,ETH-PERPETUAL,TICK,0,3890.5,0
1762010303161,ETH-PERPETUAL,TICK,0,3887.4,0
1762010303164,ETH-PERPETUAL,TICK,0,3887.4,0
1762010303181,ETH-PERPETUAL,TICK,0,3890.45,0
1762010303184,ETH-PERPETUAL,TICK,0,3890.45,0
1762010303202,ETH-PERPETUAL,TICK,0,3887.5,0
1762010303206,ETH-PERPETUAL,TICK,0,3887.5,0
1762010303224,ETH-PERPETUAL,TICK,0,3890.4,0
1762010303227,ETH-PERPETUAL,TICK,0,3890.4,0
1762010303250,ETH-PERPETUAL,TICK,0,3887.55,0
1762010303253,ETH-PERPETUAL,TICK,0,3887.55,0
1762010303272,ETH-PERPETUAL,TICK,0,3890.35,0
1762010303275,ETH-PERPETUAL,TICK,0,3890.35,0
1762010303295,ETH-PERPETUAL,TICK,0,3887.6,0
1762010303298,ETH-PERPETUAL,TICK,0,3887.6,0
1762010303318,ETH-PERPETUAL,TICK,0,3890.3,0
1762010303320,ETH-PERPETUAL,TICK,0,3890.3,0
1762010303342,ETH-PERPETUAL,TICK,0,3887.75,0
1762010303345,ETH-PERPETUAL,TICK,0,3887.75,0
1762010303366,ETH-PERPETUAL,TICK,0,3890.2,0
1762010303368,ETH-PERPETUAL,TICK,0,3890.2,0
1762010303390,ETH-PERPETUAL,TICK,0,3887.8,0
1762010303393,ETH-PERPETUAL,TICK,0,3887.8,0
1762010303415,ETH-PERPETUAL,TICK,0,3890.15,0
1762010303418,ETH-PERPETUAL,TICK,0,3890.15,0
1762010303441,ETH-PERPETUAL,TICK,0,3887.85,0
1762010303446,ETH-PERPETUAL,TICK,0,3887.85,0
1762010303467,ETH-PERPETUAL,TICK,0,3890.1,0
1762010303470,ETH-PERPETUAL,TICK,0,3890.1,0
1762010303492,ETH-PERPETUAL,TICK,0,3887.9,0
1762010303494,ETH-PERPETUAL,TICK,0,3887.9,0
1762010303523,ETH-PERPETUAL,TICK,0,3890,0
1762010303528,ETH-PERPETUAL,TICK,0,3890,0
1762010303552,ETH-PERPETUAL,TICK,0,3888,0
1762010303553,ETH-PERPETUAL,TICK,0,3888,0
1762010303579,ETH-PERPETUAL,TICK,0,3889.95,0
1762010303582,ETH-PERPETUAL,TICK,0,3889.95,0
1762010303609,ETH-PERPETUAL,TICK,0,3888.05,0
1762010303613,ETH-PERPETUAL,TICK,0,3888.05,0
1762010303641,ETH-PERPETUAL,TICK,0,3889.9,0
1762010303645,ETH-PERPETUAL,TICK,0,3889.9,0
1762010303671,ETH-PERPETUAL,TICK,0,3888.1,0
1762010303674,ETH-PERPETUAL,TICK,0,3888.1,0
1762010303699,BTC-PERPETUAL,TICK,0,0,0
1762010303703,BTC-PERPETUAL,TICK,0,0,0
1762010303727,ETH-PERPETUAL,TICK,0,0,0
1762010303731,ETH-PERPETUAL,TICK,0,0,0
1762010303755,ETH-PERPETUAL,TICK,0,3889.8,0
1762010303759,ETH-PERPETUAL,TICK,0,3889.8,0
1762010303782,ETH-PERPETUAL,TICK,0,3888.15,0
1762010303785,ETH-PERPETUAL,TICK,0,3888.15,0
1762010303812,ETH-PERPETUAL,TICK,0,3889.65,0
1762010303816,ETH-PERPETUAL,TICK,0,3889.65,0
1762010303842,ETH-PERPETUAL,TICK,0,3888.35,0
1762010303845,ETH-PERPETUAL,TICK,0,3888.35,0
1762010303869,ETH-PERPETUAL,TICK,0,3889.6,0
1762010303872,ETH-PERPETUAL,TICK,0,3889.6,0
1762010303896,ETH-PERPETUAL,TICK,0,3888.4,0
1762010303900,ETH-PERPETUAL,TICK,0,3888.4,0
1762010303925,ETH-PERPETUAL,TICK,0,3889.55,0
1762010303928,ETH-PERPETUAL,TICK,0,3889.55,0
1762010303956,ETH-PERPETUAL,TICK,0,3888.5,0
1762010303960,ETH-PERPETUAL,TICK,0,3888.5,0
1762010303986,ETH-PERPETUAL,TICK,0,3889.5,0
1762010303990,ETH-PERPETUAL,TICK,0,3889.5,0
1762010304015,ETH-PERPETUAL,TICK,0,3888.75,0
1762010304019,ETH-PERPETUAL,TICK,0,3888.75,0
1762010304045,ETH-PERPETUAL,TICK,0,3889.4,0
1762010304048,ETH-PERPETUAL,TICK,0,3889.4,0
1762010304074,ETH-PERPETUAL,TICK,0,3889.35,0
1762010304079,ETH-PERPETUAL,TICK,0,3889.35,0
1762010304105,ETH-PERPETUAL,TICK,0,3875.9,0
1762010304110,ETH-PERPETUAL,TICK,0,3875.9,0
1762010304136,ETH-PERPETUAL,TICK,0,3877.85,0
1762010304139,ETH-PERPETUAL,TICK,0,3877.85,0
1762010304168,ETH-PERPETUAL,TICK,0,3878.35,0
1762010304172,ETH-PERPETUAL,TICK,0,3878.35,0
1762010304200,ETH-PERPETUAL,TICK,0,3869.75,0
1762010304204,ETH-PERPETUAL,TICK,0,3869.75,0
1762010304509,BTC-PERPETUAL,TICK,0,110194,0
1762010304514,BTC-PERPETUAL,TICK,0,110194,0
1762010304546,BTC-PERPETUAL,TICK,0,110142,0
1762010304549,BTC-PERPETUAL,TICK,0,110142,0
1762010304574,BTC-PERPETUAL,TICK,0,110192,0
1762010304577,BTC-PERPETUAL,TICK,0,110192,0
1762010304601,BTC-PERPETUAL,TICK,0,110142,0
1762010304604,BTC-PERPETUAL,TICK,0,110142,0
1762010304627,BTC-PERPETUAL,TICK,0,110190,0
1762010304631,BTC-PERPETUAL,TICK,0,110190,0
1762010304657,BTC-PERPETUAL,TICK,0,110180,0
1762010304660,BTC-PERPETUAL,TICK,0,110180,0
1762010304681,BTC-PERPETUAL,TICK,0,110188,0
1762010304684,BTC-PERPETUAL,TICK,0,110188,0
1762010304710,BTC-PERPETUAL,TICK,0,110143,0
1762010304714,BTC-PERPETUAL,TICK,0,110143,0
1762010304740,BTC-PERPETUAL,TICK,0,110187,0
1762010304743,BTC-PERPETUAL,TICK,0,110187,0
1762010304768,BTC-PERPETUAL,TICK,0,110145,0
1762010304771,BTC-PERPETUAL,TICK,0,110145,0
1762010304794,BTC-PERPETUAL,TICK,0,110184,0
1762010304798,BTC-PERPETUAL,TICK,0,110184,0
1762010304822,BTC-PERPETUAL,TICK,0,110146,0
1762010304826,BTC-PERPETUAL,TICK,0,110146,0
1762010304849,BTC-PERPETUAL,TICK,0,110183,0
1762010304852,BTC-PERPETUAL,TICK,0,110183,0
1762010304875,BTC-PERPETUAL,TICK,0,110146,0
1762010304878,BTC-PERPETUAL,TICK,0,110146,0
1762010304901,BTC-PERPETUAL,TICK,0,110182,0
1762010304904,BTC-PERPETUAL,TICK,0,110182,0
1762010304925,BTC-PERPETUAL,TICK,0,110150,0
1762010304929,BTC-PERPETUAL,TICK,0,110150,0
1762010304957,BTC-PERPETUAL,TICK,0,110182,0
1762010304961,BTC-PERPETUAL,TICK,0,110182,0
1762010304984,BTC-PERPETUAL,TICK,0,110150,0
1762010304987,BTC-PERPETUAL,TICK,0,110150,0
1762010305013,BTC-PERPETUAL,TICK,0,110180,0
1762010305017,BTC-PERPETUAL,TICK,0,110180,0
1762010305020,BTC-PERPETUAL,TICK,0,110180,0
1762010305023,BTC-PERPETUAL,TICK,0,110180,0
1762010305041,BTC-PERPETUAL,TICK,0,110152,0
1762010305045,BTC-PERPETUAL,TICK,0,110152,0
1762010305071,BTC-PERPETUAL,TICK,0,109904,0
1762010305074,BTC-PERPETUAL,TICK,0,109904,0
1762010305097,BTC-PERPETUAL,TICK,0,110180,0
1762010305100,BTC-PERPETUAL,TICK,0,110180,0
1762010305124,BTC-PERPETUAL,TICK,0,110153,0
1762010305128,BTC-PERPETUAL,TICK,0,110153,0
1762010305152,BTC-PERPETUAL,TICK,0,110178,0
1762010305155,BTC-PERPETUAL,TICK,0,110178,0
1762010305179,BTC-PERPETUAL,TICK,0,110154,0
1762010305181,BTC-PERPETUAL,TICK,0,110154,0
1762010305206,BTC-PERPETUAL,TICK,0,110177,0
1762010305209,BTC-PERPETUAL,TICK,0,110177,0
1762010305233,BTC-PERPETUAL,TICK,0,110156,0
1762010305236,BTC-PERPETUAL,TICK,0,110156,0
1762010305258,BTC-PERPETUAL,TICK,0,110176,0
1762010305262,BTC-PERPETUAL,TICK,0,110176,0
1762010305285,BTC-PERPETUAL,TICK,0,110158,0
1762010305288,BTC-PERPETUAL,TICK,0,110158,0
1762010305314,BTC-PERPETUAL,TICK,0,110174,0
1762010305319,BTC-PERPETUAL,TICK,0,110174,0
1762010305346,BTC-PERPETUAL,TICK,0,110158,0
1762010305349,BTC-PERPETUAL,TICK,0,110158,0
1762010305373,BTC-PERPETUAL,TICK,0,110172,0
1762010305377,BTC-PERPETUAL,TICK,0,110172,0
1762010305403,BTC-PERPETUAL,TICK,0,110159,0
1762010305407,BTC-PERPETUAL,TICK,0,110159,0
1762010305432,BTC-PERPETUAL,TICK,0,110172,0
1762010305436,BTC-PERPETUAL,TICK,0,110172,0
1762010305463,BTC-PERPETUAL,TICK,0,110160,0
1762010305466,BTC-PERPETUAL,TICK,0,110160,0
1762010305493,BTC-PERPETUAL,TICK,0,110172,0
1762010305497,BTC-PERPETUAL,TICK,0,110172,0
1762010305523,BTC-PERPETUAL,TICK,0,110160,0
1762010305526,BTC-PERPETUAL,TICK,0,110160,0
1762010305552,BTC-PERPETUAL,TICK,0,110171,0
1762010305556,BTC-PERPETUAL,TICK,0,110171,0
1762010305588,BTC-PERPETUAL,TICK,0,110164,0
1762010305591,BTC-PERPETUAL,TICK,0,110164,0
1762010305620,BTC-PERPETUAL,TICK,0,110170,0
1762010305622,BTC-PERPETUAL,TICK,0,110170,0
1762010305647,BTC-PERPETUAL,TICK,0,110170,0
1762010305650,BTC-PERPETUAL,TICK,0,110170,0
1762010305677,BTC-PERPETUAL,TICK,0,109970,0
1762010305680,BTC-PERPETUAL,TICK,0,109970,0
1762010305821,BTC-PERPETUAL,TICK,0,109997,0
1762010305828,BTC-PERPETUAL,TICK,0,109997,0
1762010306025,BTC-PERPETUAL,TICK,0,110004,0
1762010306029,BTC-PERPETUAL,TICK,0,110004,0
1762010308216,ETH-PERPETUAL,TICK,0,3890.8,0
1762010308220,ETH-PERPETUAL,TICK,0,3890.8,0
1762010308247,ETH-PERPETUAL,TICK,0,3887.5,0
1762010308259,ETH-PERPETUAL,TICK,0,3887.5,0
1762010308281,ETH-PERPETUAL,TICK,0,3890.75,0
1762010308284,ETH-PERPETUAL,TICK,0,3890.75,0
1762010308306,ETH-PERPETUAL,TICK,0,3887.55,0
1762010308309,ETH-PERPETUAL,TICK,0,3887.55,0
1762010308331,ETH-PERPETUAL,TICK,0,3890.7,0
1762010308334,ETH-PERPETUAL,TICK,0,3890.7,0
1762010308356,ETH-PERPETUAL,TICK,0,3887.6,0
1762010308359,ETH-PERPETUAL,TICK,0,3887.6,0
1762010308377,ETH-PERPETUAL,TICK,0,3890.45,0
1762010308378,ETH-PERPETUAL,TICK,0,3890.45,0
1762010308399,ETH-PERPETUAL,TICK,0,3887.65,0
1762010308402,ETH-PERPETUAL,TICK,0,3887.65,0
1762010308420,ETH-PERPETUAL,TICK,0,3890.4,0
1762010308422,ETH-PERPETUAL,TICK,0,3890.4,0
1762010308440,ETH-PERPETUAL,TICK,0,3887.75,0
1762010308442,ETH-PERPETUAL,TICK,0,3887.75,0
1762010308461,ETH-PERPETUAL,TICK,0,3890.35,0
1762010308463,ETH-PERPETUAL,TICK,0,3890.35,0
1762010308482,ETH-PERPETUAL,TICK,0,3887.8,0
1762010308484,ETH-PERPETUAL,TICK,0,3887.8,0
1762010308504,ETH-PERPETUAL,TICK,0,3890.3,0
1762010308506,ETH-PERPETUAL,TICK,0,3890.3,0
1762010308525,ETH-PERPETUAL,TICK,0,3887.85,0
1762010308527,ETH-PERPETUAL,TICK,0,3887.85,0
1762010308546,ETH-PERPETUAL,TICK,0,3890.25,0
1762010308548,ETH-PERPETUAL,TICK,0,3890.25,0
1762010308567,ETH-PERPETUAL,TICK,0,3887.95,0
1762010308569,ETH-PERPETUAL,TICK,0,3887.95,0
1762010308589,ETH-PERPETUAL,TICK,0,3890.2,0
1762010308591,ETH-PERPETUAL,TICK,0,3890.2,0
1762010308610,ETH-PERPETUAL,TICK,0,3888,0
1762010308612,ETH-PERPETUAL,TICK,0,3888,0
1762010308630,ETH-PERPETUAL,TICK,0,3890.15,0
1762010308634,ETH-PERPETUAL,TICK,0,3890.15,0
1762010308656,ETH-PERPETUAL,TICK,0,3888.05,0
1762010308658,ETH-PERPETUAL,TICK,0,3888.05,0
1762010308679,ETH-PERPETUAL,TICK,0,3890,0
1762010308682,ETH-PERPETUAL,TICK,0,3890,0
1762010308703,ETH-PERPETUAL,TICK,0,3888.1,0
1762010308706,ETH-PERPETUAL,TICK,0,3888.1,0
1762010308728,ETH-PERPETUAL,TICK,0,3889.95,0
1762010308732,ETH-PERPETUAL,TICK,0,3889.95,0
1762010308751,ETH-PERPETUAL,TICK,0,3888.15,0
1762010308754,ETH-PERPETUAL,TICK,0,3888.15,0
1762010308773,ETH-PERPETUAL,TICK,0,3889.9,0
1762010308776,ETH-PERPETUAL,TICK,0,3889.9,0
1762010308794,ETH-PERPETUAL,TICK,0,3888.35,0
1762010308797,ETH-PERPETUAL,TICK,0,3888.35,0
1762010308817,ETH-PERPETUAL,TICK,0,3889.85,0
1762010308819,ETH-PERPETUAL,TICK,0,3889.85,0
1762010308838,ETH-PERPETUAL,TICK,0,3888.4,0
1762010308841,ETH-PERPETUAL,TICK,0,3888.4,0
1762010308858,ETH-PERPETUAL,TICK,0,3889.8,0
1762010308862,ETH-PERPETUAL,TICK,0,3889.8,0
1762010308880,ETH-PERPETUAL,TICK,0,3888.45,0
1762010308883,ETH-PERPETUAL,TICK,0,3888.45,0
1762010308902,ETH-PERPETUAL,TICK,0,3889.55,0
1762010308905,ETH-PERPETUAL,TICK,0,3889.55,0
1762010308924,ETH-PERPETUAL,TICK,0,3888.5,0
1762010308927,ETH-PERPETUAL,TICK,0,3888.5,0
1762010308946,ETH-PERPETUAL,TICK,0,3889.5,0
1762010308950,ETH-PERPETUAL,TICK,0,3889.5,0
1762010308970,ETH-PERPETUAL,TICK,0,3888.55,0
1762010308972,ETH-PERPETUAL,TICK,0,3888.55,0
1762010308992,ETH-PERPETUAL,TICK,0,3889.35,0
1762010308996,ETH-PERPETUAL,TICK,0,3889.35,0
1762010309016,ETH-PERPETUAL,TICK,0,3888.6,0
1762010309019,ETH-PERPETUAL,TICK,0,3888.6,0
1762010309040,ETH-PERPETUAL,TICK,0,3889.3,0
1762010309044,ETH-PERPETUAL,TICK,0,3889.3,0
1762010309065,ETH-PERPETUAL,TICK,0,3888.65,0
1762010309069,ETH-PERPETUAL,TICK,0,3888.65,0
1762010309089,ETH-PERPETUAL,TICK,0,3889.15,0
1762010309092,ETH-PERPETUAL,TICK,0,3889.15,0
1762010309114,ETH-PERPETUAL,TICK,0,3889.1,0
1762010309117,ETH-PERPETUAL,TICK,0,3889.1,0
1762010309781,BTC-PERPETUAL,TICK,0,110198,0
1762010309812,BTC-PERPETUAL,TICK,0,110198,0
1762010309857,BTC-PERPETUAL,TICK,0,110143,0
1762010309860,BTC-PERPETUAL,TICK,0,110143,0
1762010309883,BTC-PERPETUAL,TICK,0,110197,0
1762010309887,BTC-PERPETUAL,TICK,0,110197,0
1762010309909,BTC-PERPETUAL,TICK,0,110144,0
1762010309913,BTC-PERPETUAL,TICK,0,110144,0
1762010309933,BTC-PERPETUAL,TICK,0,110194,0
1762010309937,BTC-PERPETUAL,TICK,0,110194,0
1762010309959,BTC-PERPETUAL,TICK,0,110145,0
1762010309962,BTC-PERPETUAL,TICK,0,110145,0
1762010309985,BTC-PERPETUAL,TICK,0,110192,0
1762010309987,BTC-PERPETUAL,TICK,0,110192,0
1762010310010,BTC-PERPETUAL,TICK,0,110148,0
1762010310012,BTC-PERPETUAL,TICK,0,110148,0
1762010310035,BTC-PERPETUAL,TICK,0,110188,0
1762010310039,BTC-PERPETUAL,TICK,0,110188,0
1762010310061,BTC-PERPETUAL,TICK,0,110150,0
1762010310064,BTC-PERPETUAL,TICK,0,110150,0
1762010310087,BTC-PERPETUAL,TICK,0,110187,0
1762010310091,BTC-PERPETUAL,TICK,0,110187,0
1762010310114,BTC-PERPETUAL,TICK,0,110150,0
1762010310118,BTC-PERPETUAL,TICK,0,110150,0
1762010310141,BTC-PERPETUAL,TICK,0,110186,0
1762010310144,BTC-PERPETUAL,TICK,0,110186,0
1762010310169,BTC-PERPETUAL,TICK,0,110152,0
1762010310173,BTC-PERPETUAL,TICK,0,110152,0
1762010310196,BTC-PERPETUAL,TICK,0,110184,0
1762010310200,BTC-PERPETUAL,TICK,0,110184,0
1762010310227,BTC-PERPETUAL,TICK,0,110154,0
1762010310230,BTC-PERPETUAL,TICK,0,110154,0
1762010310255,BTC-PERPETUAL,TICK,0,110183,0
1762010310258,BTC-PERPETUAL,TICK,0,110183,0
1762010310289,BTC-PERPETUAL,TICK,0,110154,0
1762010310293,BTC-PERPETUAL,TICK,0,110154,0
1762010310317,BTC-PERPETUAL,TICK,0,110182,0
1762010310322,BTC-PERPETUAL,TICK,0,110182,0
1762010310349,BTC-PERPETUAL,TICK,0,110158,0
1762010310355,BTC-PERPETUAL,TICK,0,110158,0
1762010310379,BTC-PERPETUAL,TICK,0,110182,0
1762010310384,BTC-PERPETUAL,TICK,0,110182,0
1762010310409,BTC-PERPETUAL,TICK,0,110158,0
1762010310412,BTC-PERPETUAL,TICK,0,110158,0
1762010310441,BTC-PERPETUAL,TICK,0,110180,0
1762010310444,BTC-PERPETUAL,TICK,0,110180,0
1762010310471,BTC-PERPETUAL,TICK,0,110159,0
1762010310476,BTC-PERPETUAL,TICK,0,110159,0
1762010310500,BTC-PERPETUAL,TICK,0,110180,0
1762010310504,BTC-PERPETUAL,TICK,0,110180,0
1762010310530,BTC-PERPETUAL,TICK,0,110160,0
1762010310534,BTC-PERPETUAL,TICK,0,110160,0
1762010310560,BTC-PERPETUAL,TICK,0,110179,0
1762010310563,BTC-PERPETUAL,TICK,0,110179,0
1762010310587,BTC-PERPETUAL,TICK,0,110160,0
1762010310591,BTC-PERPETUAL,TICK,0,110160,0
1762010310614,BTC-PERPETUAL,TICK,0,110178,0
1762010310618,BTC-PERPETUAL,TICK,0,110178,0
1762010310642,BTC-PERPETUAL,TICK,0,110160,0
1762010310646,BTC-PERPETUAL,TICK,0,110160,0
1762010310672,BTC-PERPETUAL,TICK,0,110178,0
1762010310676,BTC-PERPETUAL,TICK,0,110178,0
1762010310700,BTC-PERPETUAL,TICK,0,110162,0
1762010310703,BTC-PERPETUAL,TICK,0,110162,0
1762010310730,BTC-PERPETUAL,TICK,0,110176,0
1762010310734,BTC-PERPETUAL,TICK,0,110176,0
1762010310761,BTC-PERPETUAL,TICK,0,110162,0
1762010310766,BTC-PERPETUAL,TICK,0,110162,0
1762010310793,BTC-PERPETUAL,TICK,0,110174,0
1762010310797,BTC-PERPETUAL,TICK,0,110174,0
1762010310832,BTC-PERPETUAL,TICK,0,110163,0
1762010310836,BTC-PERPETUAL,TICK,0,110163,0
1762010310864,BTC-PERPETUAL,TICK,0,110171,0
1762010310868,BTC-PERPETUAL,TICK,0,110171,0
1762010310898,BTC-PERPETUAL,TICK,0,110164,0
1762010310902,BTC-PERPETUAL,TICK,0,110164,0
1762010310933,BTC-PERPETUAL,TICK,0,110170,0
1762010310938,BTC-PERPETUAL,TICK,0,110170,0
1762010310969,BTC-PERPETUAL,TICK,0,110170,0
1762010310974,BTC-PERPETUAL,TICK,0,110170,0
