timestamp,instrument,signal_type,imbalance,bid_price,ask_price
1762011510336,ETH-PERPETUAL,TICK,0,3885.35,0
1762011510341,ETH-PERPETUAL,TICK,0,3885.35,0
1762011510403,BTC-PERPETUAL,TICK,0,110033,0
1762011510406,BTC-PERPETUAL,TICK,0,110033,0
1762011510476,BTC-PERPETUAL,TICK,0,95100,0
1762011510481,BTC-PERPETUAL,TICK,0,95100,0
1762011510770,BTC-PERPETUAL,TICK,0,95000,0
1762011510774,BTC-PERPETUAL,TICK,0,95000,0
1762011511026,BTC-PERPETUAL,TICK,0,94900,0
1762011511030,BTC-PERPETUAL,TICK,0,94900,0
1762011511304,BTC-PERPETUAL,TICK,0,94800,0
1762011511307,BTC-PERPETUAL,TICK,0,94800,0
1762011511573,BTC-PERPETUAL,TICK,0,94700,0
1762011511577,BTC-PERPETUAL,TICK,0,94700,0
1762011511819,BTC-PERPETUAL,TICK,0,94600,0
1762011511822,BTC-PERPETUAL,TICK,0,94600,0
1762011512073,BTC-PERPETUAL,TICK,0,94500,0
1762011512078,BTC-PERPETUAL,TICK,0,94500,0
1762011512181,BTC-PERPETUAL,TICK,0,110030,0
1762011512191,BTC-PERPETUAL,TICK,0,110030,0
1762011512331,BTC-PERPETUAL,TICK,0,94400,0
1762011512341,BTC-PERPETUAL,TICK,0,94400,0
1762011512582,BTC-PERPETUAL,TICK,0,94300,0
1762011512588,BTC-PERPETUAL,TICK,0,94300,0
1762011512894,BTC-PERPETUAL,TICK,0,94200,0
1762011512898,BTC-PERPETUAL,TICK,0,94200,0
1762011512939,ETH-PERPETUAL,TICK,0,3886.9,0
1762011512944,ETH-PERPETUAL,TICK,0,3886.9,0
1762011512981,ETH-PERPETUAL,TICK,0,3883.55,0
1762011512986,ETH-PERPETUAL,TICK,0,3883.55,0
1762011513019,ETH-PERPETUAL,TICK,0,3886.8,0
1762011513023,ETH-PERPETUAL,TICK,0,3886.8,0
1762011513057,ETH-PERPETUAL,TICK,0,3883.6,0
1762011513061,ETH-PERPETUAL,TICK,0,3883.6,0
1762011513095,ETH-PERPETUAL,TICK,0,3886.75,0
1762011513100,ETH-PERPETUAL,TICK,0,3886.75,0
1762011513136,ETH-PERPETUAL,TICK,0,3883.65,0
1762011513141,ETH-PERPETUAL,TICK,0,3883.65,0
1762011513181,ETH-PERPETUAL,TICK,0,3886.7,0
1762011513186,ETH-PERPETUAL,TICK,0,3886.7,0
1762011513232,ETH-PERPETUAL,TICK,0,3883.75,0
1762011513237,ETH-PERPETUAL,TICK,0,3883.75,0
1762011513273,ETH-PERPETUAL,TICK,0,3886.65,0
1762011513277,ETH-PERPETUAL,TICK,0,3886.65,0
1762011513311,ETH-PERPETUAL,TICK,0,3884,0
1762011513316,ETH-PERPETUAL,TICK,0,3884,0
1762011513350,ETH-PERPETUAL,TICK,0,3886.6,0
1762011513355,ETH-PERPETUAL,TICK,0,3886.6,0
1762011513386,BTC-PERPETUAL,TICK,0,94100,0
1762011513390,BTC-PERPETUAL,TICK,0,94100,0
1762011513424,ETH-PERPETUAL,TICK,0,3884.1,0
1762011513431,ETH-PERPETUAL,TICK,0,3884.1,0
1762011513468,ETH-PERPETUAL,TICK,0,3886.55,0
1762011513473,ETH-PERPETUAL,TICK,0,3886.55,0
1762011513507,ETH-PERPETUAL,TICK,0,3884.15,0
1762011513512,ETH-PERPETUAL,TICK,0,3884.15,0
1762011513545,ETH-PERPETUAL,TICK,0,3886.5,0
1762011513551,ETH-PERPETUAL,TICK,0,3886.5,0
1762011513585,ETH-PERPETUAL,TICK,0,3884.25,0
1762011513591,ETH-PERPETUAL,TICK,0,3884.25,0
1762011513622,ETH-PERPETUAL,TICK,0,3886.4,0
1762011513628,ETH-PERPETUAL,TICK,0,3886.4,0
1762011513661,ETH-PERPETUAL,TICK,0,3884.3,0
1762011513668,ETH-PERPETUAL,TICK,0,3884.3,0
1762011513703,ETH-PERPETUAL,TICK,0,3886.35,0
1762011513707,ETH-PERPETUAL,TICK,0,3886.35,0
1762011513744,ETH-PERPETUAL,TICK,0,3884.35,0
1762011513751,ETH-PERPETUAL,TICK,0,3884.35,0
1762011513785,ETH-PERPETUAL,TICK,0,3886.25,0
1762011513791,ETH-PERPETUAL,TICK,0,3886.25,0
1762011513824,ETH-PERPETUAL,TICK,0,3884.4,0
1762011513830,ETH-PERPETUAL,TICK,0,3884.4,0
1762011513867,ETH-PERPETUAL,TICK,0,3886.2,0
1762011513874,ETH-PERPETUAL,TICK,0,3886.2,0
1762011513915,ETH-PERPETUAL,TICK,0,3884.55,0
1762011513920,ETH-PERPETUAL,TICK,0,3884.55,0
1762011513955,BTC-PERPETUAL,TICK,0,94000,0
1762011513959,BTC-PERPETUAL,TICK,0,94000,0
1762011513991,ETH-PERPETUAL,TICK,0,3886.15,0
1762011513997,ETH-PERPETUAL,TICK,0,3886.15,0
1762011514035,ETH-PERPETUAL,TICK,0,3884.6,0
1762011514041,ETH-PERPETUAL,TICK,0,3884.6,0
1762011514080,ETH-PERPETUAL,TICK,0,3886.1,0
1762011514086,ETH-PERPETUAL,TICK,0,3886.1,0
1762011514120,ETH-PERPETUAL,TICK,0,3884.65,0
1762011514125,ETH-PERPETUAL,TICK,0,3884.65,0
1762011514168,ETH-PERPETUAL,TICK,0,3886.05,0
1762011514172,ETH-PERPETUAL,TICK,0,3886.05,0
1762011514210,ETH-PERPETUAL,TICK,0,3884.75,0
1762011514215,ETH-PERPETUAL,TICK,0,3884.75,0
1762011514251,ETH-PERPETUAL,TICK,0,3886,0
1762011514256,ETH-PERPETUAL,TICK,0,3886,0
1762011514290,ETH-PERPETUAL,TICK,0,3884.8,0
1762011514296,ETH-PERPETUAL,TICK,0,3884.8,0
1762011514325,ETH-PERPETUAL,TICK,0,3885.95,0
1762011514329,ETH-PERPETUAL,TICK,0,3885.95,0
1762011514363,ETH-PERPETUAL,TICK,0,3884.9,0
1762011514369,ETH-PERPETUAL,TICK,0,3884.9,0
1762011514403,ETH-PERPETUAL,TICK,0,3885.9,0
1762011514408,ETH-PERPETUAL,TICK,0,3885.9,0
1762011514437,ETH-PERPETUAL,TICK,0,3885,0
1762011514442,ETH-PERPETUAL,TICK,0,3885,0
1762011514473,ETH-PERPETUAL,TICK,0,3885.75,0
1762011514478,ETH-PERPETUAL,TICK,0,3885.75,0
1762011514504,ETH-PERPETUAL,TICK,0,3885.1,0
1762011514507,ETH-PERPETUAL,TICK,0,3885.1,0
1762011514538,BTC-PERPETUAL,TICK,0,93900,0
1762011514543,BTC-PERPETUAL,TICK,0,93900,0
1762011514573,ETH-PERPETUAL,TICK,0,3885.5,0
1762011514578,ETH-PERPETUAL,TICK,0,3885.5,0
1762011514615,ETH-PERPETUAL,TICK,0,3885.4,0
1762011514620,ETH-PERPETUAL,TICK,0,3885.4,0
1762011514655,BTC-PERPETUAL,TICK,0,93800,0
1762011514661,BTC-PERPETUAL,TICK,0,93800,0
1762011514695,BTC-PERPETUAL,TICK,0,93700,0
1762011514700,BTC-PERPETUAL,TICK,0,93700,0
1762011514733,BTC-PERPETUAL,TICK,0,110048,0
1762011514737,BTC-PERPETUAL,TICK,0,110048,0
1762011514774,BTC-PERPETUAL,TICK,0,110011,0
1762011514780,BTC-PERPETUAL,TICK,0,110011,0
1762011514815,BTC-PERPETUAL,TICK,0,93600,0
1762011514821,BTC-PERPETUAL,TICK,0,93600,0
1762011514854,BTC-PERPETUAL,TICK,0,110047,0
1762011514859,BTC-PERPETUAL,TICK,0,110047,0
1762011514890,BTC-PERPETUAL,TICK,0,110012,0
1762011514896,BTC-PERPETUAL,TICK,0,110012,0
1762011514933,BTC-PERPETUAL,TICK,0,110046,0
1762011514939,BTC-PERPETUAL,TICK,0,110046,0
1762011514973,BTC-PERPETUAL,TICK,0,110012,0
1762011514978,BTC-PERPETUAL,TICK,0,110012,0
1762011515016,BTC-PERPETUAL,TICK,0,110046,0
1762011515021,BTC-PERPETUAL,TICK,0,110046,0
1762011515053,BTC-PERPETUAL,TICK,0,110016,0
1762011515059,BTC-PERPETUAL,TICK,0,110016,0
1762011515099,BTC-PERPETUAL,TICK,0,110045,0
1762011515104,BTC-PERPETUAL,TICK,0,110045,0
1762011515138,BTC-PERPETUAL,TICK,0,110016,0
1762011515143,BTC-PERPETUAL,TICK,0,110016,0
1762011515175,BTC-PERPETUAL,TICK,0,110044,0
1762011515181,BTC-PERPETUAL,TICK,0,110044,0
1762011515215,BTC-PERPETUAL,TICK,0,110017,0
1762011515221,BTC-PERPETUAL,TICK,0,110017,0
1762011515259,BTC-PERPETUAL,TICK,0,110044,0
1762011515265,BTC-PERPETUAL,TICK,0,110044,0
1762011515298,BTC-PERPETUAL,TICK,0,110019,0
1762011515304,BTC-PERPETUAL,TICK,0,110019,0
1762011515339,BTC-PERPETUAL,TICK,0,93500,0
1762011515345,BTC-PERPETUAL,TICK,0,93500,0
1762011515376,BTC-PERPETUAL,TICK,0,110044,0
1762011515381,BTC-PERPETUAL,TICK,0,110044,0
1762011515421,BTC-PERPETUAL,TICK,0,110020,0
1762011515426,BTC-PERPETUAL,TICK,0,110020,0
1762011515459,BTC-PERPETUAL,TICK,0,110043,0
1762011515465,BTC-PERPETUAL,TICK,0,110043,0
1762011515496,BTC-PERPETUAL,TICK,0,110022,0
1762011515500,BTC-PERPETUAL,TICK,0,110022,0
1762011515529,BTC-PERPETUAL,TICK,0,110042,0
1762011515534,BTC-PERPETUAL,TICK,0,110042,0
1762011515570,BTC-PERPETUAL,TICK,0,110022,0
1762011515575,BTC-PERPETUAL,TICK,0,110022,0
1762011515608,BTC-PERPETUAL,TICK,0,110042,0
1762011515614,BTC-PERPETUAL,TICK,0,110042,0
1762011515649,BTC-PERPETUAL,TICK,0,110022,0
1762011515655,BTC-PERPETUAL,TICK,0,110022,0
1762011515687,BTC-PERPETUAL,TICK,0,110041,0
1762011515692,BTC-PERPETUAL,TICK,0,110041,0
1762011515730,BTC-PERPETUAL,TICK,0,110026,0
1762011515733,BTC-PERPETUAL,TICK,0,110026,0
1762011515772,BTC-PERPETUAL,TICK,0,110040,0
1762011515775,BTC-PERPETUAL,TICK,0,110040,0
1762011515813,BTC-PERPETUAL,TICK,0,110027,0
1762011515817,BTC-PERPETUAL,TICK,0,110027,0
1762011515856,BTC-PERPETUAL,TICK,0,93400,0
1762011515859,BTC-PERPETUAL,TICK,0,93400,0
1762011515897,BTC-PERPETUAL,TICK,0,110040,0
1762011515902,BTC-PERPETUAL,TICK,0,110040,0
1762011515939,BTC-PERPETUAL,TICK,0,110028,0
1762011515944,BTC-PERPETUAL,TICK,0,110028,0
1762011515980,BTC-PERPETUAL,TICK,0,110038,0
1762011515986,BTC-PERPETUAL,TICK,0,110038,0
1762011516018,BTC-PERPETUAL,TICK,0,110028,0
1762011516023,BTC-PERPETUAL,TICK,0,110028,0
1762011516057,BTC-PERPETUAL,TICK,0,110037,0
1762011516063,BTC-PERPETUAL,TICK,0,110037,0
1762011516096,BTC-PERPETUAL,TICK,0,110028,0
1762011516101,BTC-PERPETUAL,TICK,0,110028,0
1762011516139,BTC-PERPETUAL,TICK,0,110036,0
1762011516145,BTC-PERPETUAL,TICK,0,110036,0
1762011516177,BTC-PERPETUAL,TICK,0,110029,0
1762011516183,BTC-PERPETUAL,TICK,0,110029,0
1762011516215,BTC-PERPETUAL,TICK,0,110036,0
1762011516220,BTC-PERPETUAL,TICK,0,110036,0
1762011516253,BTC-PERPETUAL,TICK,0,110030,0
1762011516259,BTC-PERPETUAL,TICK,0,110030,0
1762011516292,BTC-PERPETUAL,TICK,0,110034,0
1762011516297,BTC-PERPETUAL,TICK,0,110034,0
1762011516333,BTC-PERPETUAL,TICK,0,110030,0
1762011516340,BTC-PERPETUAL,TICK,0,110030,0
1762011516380,BTC-PERPETUAL,TICK,0,93300,0
1762011516384,BTC-PERPETUAL,TICK,0,93300,0
1762011516420,BTC-PERPETUAL,TICK,0,110034,0
1762011516426,BTC-PERPETUAL,TICK,0,110034,0
1762011516468,BTC-PERPETUAL,TICK,0,110033,0
1762011516474,BTC-PERPETUAL,TICK,0,110033,0
1762011516513,BTC-PERPETUAL,TICK,0,93200,0
1762011516517,BTC-PERPETUAL,TICK,0,93200,0
1762011516553,BTC-PERPETUAL,TICK,0,93100,0
1762011516562,BTC-PERPETUAL,TICK,0,93100,0
1762011516598,BTC-PERPETUAL,TICK,0,93000,0
1762011516602,BTC-PERPETUAL,TICK,0,93000,0
1762011516635,BTC-PERPETUAL,TICK,0,92900,0
1762011516642,BTC-PERPETUAL,TICK,0,92900,0
1762011516682,BTC-PERPETUAL,TICK,0,92800,0
1762011516689,BTC-PERPETUAL,TICK,0,92800,0
1762011516809,BTC-PERPETUAL,TICK,0,92700,0
1762011516815,BTC-PERPETUAL,TICK,0,92700,0
1762011517057,BTC-PERPETUAL,TICK,0,92600,0
1762011517061,BTC-PERPETUAL,TICK,0,92600,0
1762011517323,BTC-PERPETUAL,TICK,0,92500,0
1762011517328,BTC-PERPETUAL,TICK,0,92500,0
1762011517570,BTC-PERPETUAL,TICK,0,92400,0
1762011517576,BTC-PERPETUAL,TICK,0,92400,0
1762011517828,BTC-PERPETUAL,TICK,0,92300,0
1762011517831,BTC-PERPETUAL,TICK,0,92300,0
1762011518203,ETH-PERPETUAL,TICK,0,3886.65,0
1762011518208,ETH-PERPETUAL,TICK,0,3886.65,0
1762011518252,ETH-PERPETUAL,TICK,0,3883.6,0
1762011518256,ETH-PERPETUAL,TICK,0,3883.6,0
1762011518299,BTC-PERPETUAL,TICK,0,92200,0
1762011518307,BTC-PERPETUAL,TICK,0,92200,0
1762011518350,ETH-PERPETUAL,TICK,0,3886.6,0
1762011518356,ETH-PERPETUAL,TICK,0,3886.6,0
1762011518411,ETH-PERPETUAL,TICK,0,3883.65,0
1762011518419,ETH-PERPETUAL,TICK,0,3883.65,0
1762011518480,ETH-PERPETUAL,TICK,0,3886.55,0
1762011518489,ETH-PERPETUAL,TICK,0,3886.55,0
1762011518540,ETH-PERPETUAL,TICK,0,3883.75,0
1762011518549,ETH-PERPETUAL,TICK,0,3883.75,0
1762011518615,ETH-PERPETUAL,TICK,0,3886.5,0
1762011518622,ETH-PERPETUAL,TICK,0,3886.5,0
1762011518682,ETH-PERPETUAL,TICK,0,3883.8,0
1762011518690,ETH-PERPETUAL,TICK,0,3883.8,0
1762011518741,ETH-PERPETUAL,TICK,0,3886.4,0
1762011518750,ETH-PERPETUAL,TICK,0,3886.4,0
1762011518804,ETH-PERPETUAL,TICK,0,3883.85,0
1762011518812,ETH-PERPETUAL,TICK,0,3883.85,0
1762011518866,ETH-PERPETUAL,TICK,0,3886.35,0
1762011518874,ETH-PERPETUAL,TICK,0,3886.35,0
1762011518925,ETH-PERPETUAL,TICK,0,3883.9,0
1762011518933,ETH-PERPETUAL,TICK,0,3883.9,0
1762011518995,ETH-PERPETUAL,TICK,0,3886.3,0
1762011519002,ETH-PERPETUAL,TICK,0,3886.3,0
1762011519053,ETH-PERPETUAL,TICK,0,3884,0
1762011519061,ETH-PERPETUAL,TICK,0,3884,0
1762011519106,ETH-PERPETUAL,TICK,0,3886.25,0
1762011519114,ETH-PERPETUAL,TICK,0,3886.25,0
1762011519165,ETH-PERPETUAL,TICK,0,3884.1,0
1762011519173,ETH-PERPETUAL,TICK,0,3884.1,0
1762011519216,BTC-PERPETUAL,TICK,0,92100,0
1762011519223,BTC-PERPETUAL,TICK,0,92100,0
1762011519267,ETH-PERPETUAL,TICK,0,0,0
1762011519274,ETH-PERPETUAL,TICK,0,0,0
1762011519312,ETH-PERPETUAL,TICK,0,3884.15,0
1762011519318,ETH-PERPETUAL,TICK,0,3884.15,0
1762011519364,ETH-PERPETUAL,TICK,0,3886.15,0
1762011519395,ETH-PERPETUAL,TICK,0,3886.15,0
1762011519411,ETH-PERPETUAL,TICK,0,3884.25,0
1762011519419,ETH-PERPETUAL,TICK,0,3884.25,0
1762011519453,ETH-PERPETUAL,TICK,0,3886.05,0
1762011519459,ETH-PERPETUAL,TICK,0,3886.05,0
1762011519500,ETH-PERPETUAL,TICK,0,3886,0
1762011519505,ETH-PERPETUAL,TICK,0,3886,0
1762011519547,ETH-PERPETUAL,TICK,0,3884.4,0
1762011519552,ETH-PERPETUAL,TICK,0,3884.4,0
1762011519589,ETH-PERPETUAL,TICK,0,3885.95,0
1762011519594,ETH-PERPETUAL,TICK,0,3885.95,0
1762011519631,ETH-PERPETUAL,TICK,0,3884.55,0
1762011519637,ETH-PERPETUAL,TICK,0,3884.55,0
1762011519680,ETH-PERPETUAL,TICK,0,3885.9,0
1762011519686,ETH-PERPETUAL,TICK,0,3885.9,0
1762011519723,BTC-PERPETUAL,TICK,0,92000,0
1762011519729,BTC-PERPETUAL,TICK,0,92000,0
1762011519766,ETH-PERPETUAL,TICK,0,3884.6,0
1762011519772,ETH-PERPETUAL,TICK,0,3884.6,0
1762011519806,ETH-PERPETUAL,TICK,0,3885.8,0
1762011519811,ETH-PERPETUAL,TICK,0,3885.8,0
1762011519847,ETH-PERPETUAL,TICK,0,3884.65,0
1762011519854,ETH-PERPETUAL,TICK,0,3884.65,0
1762011519891,ETH-PERPETUAL,TICK,0,3885.75,0
1762011519899,ETH-PERPETUAL,TICK,0,3885.75,0
1762011519937,ETH-PERPETUAL,TICK,0,3884.75,0
1762011519941,ETH-PERPETUAL,TICK,0,3884.75,0
1762011519977,ETH-PERPETUAL,TICK,0,3885.7,0
1762011519982,ETH-PERPETUAL,TICK,0,3885.7,0
1762011520015,ETH-PERPETUAL,TICK,0,3884.8,0
1762011520022,ETH-PERPETUAL,TICK,0,3884.8,0
1762011520055,ETH-PERPETUAL,TICK,0,3885.5,0
1762011520062,ETH-PERPETUAL,TICK,0,3885.5,0
1762011520099,ETH-PERPETUAL,TICK,0,3884.9,0
1762011520106,ETH-PERPETUAL,TICK,0,3884.9,0
1762011520143,ETH-PERPETUAL,TICK,0,3885.45,0
1762011520151,ETH-PERPETUAL,TICK,0,3885.45,0
1762011520191,ETH-PERPETUAL,TICK,0,3885,0
1762011520195,ETH-PERPETUAL,TICK,0,3885,0
1762011520240,BTC-PERPETUAL,TICK,0,91900,0
1762011520245,BTC-PERPETUAL,TICK,0,91900,0
1762011520281,ETH-PERPETUAL,TICK,0,3885.15,0
1762011520287,ETH-PERPETUAL,TICK,0,3885.15,0
1762011520322,ETH-PERPETUAL,TICK,0,3885.1,0
1762011520329,ETH-PERPETUAL,TICK,0,3885.1,0
1762011520368,BTC-PERPETUAL,TICK,0,91800,0
1762011520373,BTC-PERPETUAL,TICK,0,91800,0
1762011520417,BTC-PERPETUAL,TICK,0,91700,0
1762011520421,BTC-PERPETUAL,TICK,0,91700,0
1762011520458,BTC-PERPETUAL,TICK,0,91600,0
1762011520462,BTC-PERPETUAL,TICK,0,91600,0
1762011520503,BTC-PERPETUAL,TICK,0,110055,0
1762011520510,BTC-PERPETUAL,TICK,0,110055,0
1762011520548,BTC-PERPETUAL,TICK,0,110007,0
1762011520552,BTC-PERPETUAL,TICK,0,110007,0
1762011520596,BTC-PERPETUAL,TICK,0,110050,0
1762011520602,BTC-PERPETUAL,TICK,0,110050,0
1762011520644,BTC-PERPETUAL,TICK,0,110030,0
1762011520649,BTC-PERPETUAL,TICK,0,110030,0
1762011520689,BTC-PERPETUAL,TICK,0,110050,0
1762011520698,BTC-PERPETUAL,TICK,0,110050,0
1762011520737,BTC-PERPETUAL,TICK,0,110008,0
1762011520743,BTC-PERPETUAL,TICK,0,110008,0
1762011520785,BTC-PERPETUAL,TICK,0,110050,0
1762011520793,BTC-PERPETUAL,TICK,0,110050,0
1762011520833,BTC-PERPETUAL,TICK,0,110011,0
1762011520837,BTC-PERPETUAL,TICK,0,110011,0
1762011520871,BTC-PERPETUAL,TICK,0,110048,0
1762011520877,BTC-PERPETUAL,TICK,0,110048,0
1762011520913,BTC-PERPETUAL,TICK,0,110012,0
1762011520919,BTC-PERPETUAL,TICK,0,110012,0
1762011520952,BTC-PERPETUAL,TICK,0,110048,0
1762011520954,BTC-PERPETUAL,TICK,0,110048,0
1762011520993,BTC-PERPETUAL,TICK,0,110012,0
1762011520998,BTC-PERPETUAL,TICK,0,110012,0
1762011521035,BTC-PERPETUAL,TICK,0,110046,0
1762011521038,BTC-PERPETUAL,TICK,0,110046,0
1762011521088,BTC-PERPETUAL,TICK,0,110016,0
1762011521094,BTC-PERPETUAL,TICK,0,110016,0
1762011521131,BTC-PERPETUAL,TICK,0,91500,0
1762011521137,BTC-PERPETUAL,TICK,0,91500,0
1762011521172,BTC-PERPETUAL,TICK,0,110045,0
1762011521178,BTC-PERPETUAL,TICK,0,110045,0
1762011521214,BTC-PERPETUAL,TICK,0,110017,0
1762011521218,BTC-PERPETUAL,TICK,0,110017,0
1762011521263,BTC-PERPETUAL,TICK,0,110044,0
1762011521268,BTC-PERPETUAL,TICK,0,110044,0
1762011521317,BTC-PERPETUAL,TICK,0,110020,0
1762011521324,BTC-PERPETUAL,TICK,0,110020,0
1762011521373,BTC-PERPETUAL,TICK,0,110044,0
1762011521380,BTC-PERPETUAL,TICK,0,110044,0
1762011521425,BTC-PERPETUAL,TICK,0,110022,0
1762011521430,BTC-PERPETUAL,TICK,0,110022,0
1762011521481,BTC-PERPETUAL,TICK,0,110041,0
1762011521489,BTC-PERPETUAL,TICK,0,110041,0
1762011521535,BTC-PERPETUAL,TICK,0,110022,0
1762011521542,BTC-PERPETUAL,TICK,0,110022,0
1762011521583,BTC-PERPETUAL,TICK,0,110040,0
1762011521589,BTC-PERPETUAL,TICK,0,110040,0
1762011521632,BTC-PERPETUAL,TICK,0,110024,0
1762011521639,BTC-PERPETUAL,TICK,0,110024,0
1762011521682,BTC-PERPETUAL,TICK,0,110040,0
1762011521689,BTC-PERPETUAL,TICK,0,110040,0
1762011521729,BTC-PERPETUAL,TICK,0,110024,0
1762011521735,BTC-PERPETUAL,TICK,0,110024,0
1762011521777,BTC-PERPETUAL,TICK,0,91400,0
1762011521783,BTC-PERPETUAL,TICK,0,91400,0
1762011521823,BTC-PERPETUAL,TICK,0,110040,0
1762011521828,BTC-PERPETUAL,TICK,0,110040,0
1762011521869,BTC-PERPETUAL,TICK,0,110024,0
1762011521875,BTC-PERPETUAL,TICK,0,110024,0
1762011521914,BTC-PERPETUAL,TICK,0,110039,0
1762011521922,BTC-PERPETUAL,TICK,0,110039,0
1762011521961,BTC-PERPETUAL,TICK,0,110025,0
1762011521970,BTC-PERPETUAL,TICK,0,110025,0
1762011522018,BTC-PERPETUAL,TICK,0,110038,0
1762011522025,BTC-PERPETUAL,TICK,0,110038,0
1762011522067,BTC-PERPETUAL,TICK,0,110026,0
1762011522071,BTC-PERPETUAL,TICK,0,110026,0
1762011522105,BTC-PERPETUAL,TICK,0,110038,0
1762011522111,BTC-PERPETUAL,TICK,0,110038,0
1762011522147,BTC-PERPETUAL,TICK,0,110026,0
1762011522153,BTC-PERPETUAL,TICK,0,110026,0
1762011522190,BTC-PERPETUAL,TICK,0,110034,0
1762011522199,BTC-PERPETUAL,TICK,0,110034,0
1762011522234,BTC-PERPETUAL,TICK,0,110028,0
1762011522239,BTC-PERPETUAL,TICK,0,110028,0
1762011522276,BTC-PERPETUAL,TICK,0,110034,0
1762011522280,BTC-PERPETUAL,TICK,0,110034,0
1762011522316,BTC-PERPETUAL,TICK,0,110028,0
1762011522322,BTC-PERPETUAL,TICK,0,110028,0
1762011522353,BTC-PERPETUAL,TICK,0,91300,0
1762011522358,BTC-PERPETUAL,TICK,0,91300,0
1762011522390,BTC-PERPETUAL,TICK,0,110034,0
1762011522397,BTC-PERPETUAL,TICK,0,110034,0
1762011522433,BTC-PERPETUAL,TICK,0,110033,0
1762011522439,BTC-PERPETUAL,TICK,0,110033,0
1762011522474,BTC-PERPETUAL,TICK,0,91200,0
1762011522480,BTC-PERPETUAL,TICK,0,91200,0
1762011522518,BTC-PERPETUAL,TICK,0,91100,0
1762011522523,BTC-PERPETUAL,TICK,0,91100,0
1762011522562,BTC-PERPETUAL,TICK,0,91000,0
1762011522566,BTC-PERPETUAL,TICK,0,91000,0
1762011522603,BTC-PERPETUAL,TICK,0,90900,0
1762011522608,BTC-PERPETUAL,TICK,0,90900,0
1762011522643,BTC-PERPETUAL,TICK,0,90800,0
1762011522649,BTC-PERPETUAL,TICK,0,90800,0
1762011522684,BTC-PERPETUAL,TICK,0,90700,0
1762011522688,BTC-PERPETUAL,TICK,0,90700,0
1762011522723,BTC-PERPETUAL,TICK,0,90600,0
1762011522728,BTC-PERPETUAL,TICK,0,90600,0
1762011522764,BTC-PERPETUAL,TICK,0,90500,0
1762011522768,BTC-PERPETUAL,TICK,0,90500,0
1762011522906,BTC-PERPETUAL,TICK,0,90400,0
1762011522912,BTC-PERPETUAL,TICK,0,90400,0
1762011523158,BTC-PERPETUAL,TICK,0,90300,0
1762011523164,BTC-PERPETUAL,TICK,0,90300,0
1762011523414,BTC-PERPETUAL,TICK,0,90200,0
1762011523418,BTC-PERPETUAL,TICK,0,90200,0
1762011523482,ETH-PERPETUAL,TICK,0,3886.9,0
1762011523485,ETH-PERPETUAL,TICK,0,3886.9,0
1762011523518,ETH-PERPETUAL,TICK,0,3883.55,0
1762011523527,ETH-PERPETUAL,TICK,0,3883.55,0
1762011523560,ETH-PERPETUAL,TICK,0,3886.8,0
1762011523565,ETH-PERPETUAL,TICK,0,3886.8,0
1762011523593,ETH-PERPETUAL,TICK,0,3883.65,0
1762011523599,ETH-PERPETUAL,TICK,0,3883.65,0
1762011523629,ETH-PERPETUAL,TICK,0,3886.75,0
1762011523633,ETH-PERPETUAL,TICK,0,3886.75,0
1762011523664,ETH-PERPETUAL,TICK,0,3883.75,0
1762011523668,ETH-PERPETUAL,TICK,0,3883.75,0
1762011523697,ETH-PERPETUAL,TICK,0,3886.7,0
1762011523702,ETH-PERPETUAL,TICK,0,3886.7,0
1762011523728,ETH-PERPETUAL,TICK,0,3883.85,0
1762011523733,ETH-PERPETUAL,TICK,0,3883.85,0
1762011523760,ETH-PERPETUAL,TICK,0,3886.65,0
1762011523766,ETH-PERPETUAL,TICK,0,3886.65,0
1762011523795,ETH-PERPETUAL,TICK,0,3884,0
1762011523801,ETH-PERPETUAL,TICK,0,3884,0
1762011523830,BTC-PERPETUAL,TICK,0,90100,0
1762011523833,BTC-PERPETUAL,TICK,0,90100,0
1762011523863,ETH-PERPETUAL,TICK,0,3886.6,0
1762011523868,ETH-PERPETUAL,TICK,0,3886.6,0
1762011523899,ETH-PERPETUAL,TICK,0,3884.1,0
1762011523905,ETH-PERPETUAL,TICK,0,3884.1,0
1762011523931,ETH-PERPETUAL,TICK,0,3886.5,0
1762011523936,ETH-PERPETUAL,TICK,0,3886.5,0
1762011523969,ETH-PERPETUAL,TICK,0,3884.15,0
1762011523973,ETH-PERPETUAL,TICK,0,3884.15,0
1762011524004,ETH-PERPETUAL,TICK,0,3886.45,0
1762011524009,ETH-PERPETUAL,TICK,0,3886.45,0
1762011524038,ETH-PERPETUAL,TICK,0,3884.25,0
1762011524041,ETH-PERPETUAL,TICK,0,3884.25,0
1762011524072,ETH-PERPETUAL,TICK,0,3886.4,0
1762011524075,ETH-PERPETUAL,TICK,0,3886.4,0
1762011524105,ETH-PERPETUAL,TICK,0,3884.3,0
1762011524109,ETH-PERPETUAL,TICK,0,3884.3,0
1762011524140,ETH-PERPETUAL,TICK,0,3886.3,0
1762011524146,ETH-PERPETUAL,TICK,0,3886.3,0
1762011524174,ETH-PERPETUAL,TICK,0,3886.25,0
1762011524181,ETH-PERPETUAL,TICK,0,3886.25,0
1762011524213,ETH-PERPETUAL,TICK,0,3884.4,0
1762011524219,ETH-PERPETUAL,TICK,0,3884.4,0
1762011524252,ETH-PERPETUAL,TICK,0,3886.2,0
1762011524257,ETH-PERPETUAL,TICK,0,3886.2,0
1762011524292,BTC-PERPETUAL,TICK,0,90000,0
1762011524297,BTC-PERPETUAL,TICK,0,90000,0
1762011524332,ETH-PERPETUAL,TICK,0,3884.5,0
1762011524338,ETH-PERPETUAL,TICK,0,3884.5,0
1762011524371,ETH-PERPETUAL,TICK,0,3886.15,0
1762011524377,ETH-PERPETUAL,TICK,0,3886.15,0
1762011524407,ETH-PERPETUAL,TICK,0,3884.55,0
1762011524412,ETH-PERPETUAL,TICK,0,3884.55,0
1762011524443,ETH-PERPETUAL,TICK,0,3886.05,0
1762011524447,ETH-PERPETUAL,TICK,0,3886.05,0
1762011524479,ETH-PERPETUAL,TICK,0,3884.6,0
1762011524485,ETH-PERPETUAL,TICK,0,3884.6,0
1762011524520,ETH-PERPETUAL,TICK,0,3886,0
1762011524525,ETH-PERPETUAL,TICK,0,3886,0
1762011524561,ETH-PERPETUAL,TICK,0,3884.65,0
1762011524567,ETH-PERPETUAL,TICK,0,3884.65,0
1762011524603,ETH-PERPETUAL,TICK,0,3885.95,0
1762011524608,ETH-PERPETUAL,TICK,0,3885.95,0
1762011524645,ETH-PERPETUAL,TICK,0,3884.8,0
1762011524650,ETH-PERPETUAL,TICK,0,3884.8,0
1762011524682,ETH-PERPETUAL,TICK,0,3885.9,0
1762011524685,ETH-PERPETUAL,TICK,0,3885.9,0
1762011524714,ETH-PERPETUAL,TICK,0,3885.05,0
1762011524719,ETH-PERPETUAL,TICK,0,3885.05,0
1762011524750,ETH-PERPETUAL,TICK,0,3885.8,0
1762011524755,ETH-PERPETUAL,TICK,0,3885.8,0
1762011524786,ETH-PERPETUAL,TICK,0,3885.1,0
1762011524792,ETH-PERPETUAL,TICK,0,3885.1,0
1762011524821,ETH-PERPETUAL,TICK,0,3885.75,0
1762011524826,ETH-PERPETUAL,TICK,0,3885.75,0
1762011524858,ETH-PERPETUAL,TICK,0,3885.15,0
1762011524866,ETH-PERPETUAL,TICK,0,3885.15,0
1762011524897,ETH-PERPETUAL,TICK,0,3885.5,0
1762011524902,ETH-PERPETUAL,TICK,0,3885.5,0
1762011524932,ETH-PERPETUAL,TICK,0,3885.4,0
1762011524937,ETH-PERPETUAL,TICK,0,3885.4,0
1762011525048,BTC-PERPETUAL,TICK,0,110050,0
1762011525053,BTC-PERPETUAL,TICK,0,110050,0
1762011525083,BTC-PERPETUAL,TICK,0,110006,0
1762011525088,BTC-PERPETUAL,TICK,0,110006,0
1762011525119,BTC-PERPETUAL,TICK,0,110048,0
1762011525123,BTC-PERPETUAL,TICK,0,110048,0
1762011525156,BTC-PERPETUAL,TICK,0,110007,0
1762011525160,BTC-PERPETUAL,TICK,0,110007,0
1762011525193,BTC-PERPETUAL,TICK,0,110048,0
1762011525198,BTC-PERPETUAL,TICK,0,110048,0
1762011525228,BTC-PERPETUAL,TICK,0,110008,0
1762011525233,BTC-PERPETUAL,TICK,0,110008,0
1762011525268,BTC-PERPETUAL,TICK,0,110046,0
1762011525272,BTC-PERPETUAL,TICK,0,110046,0
1762011525301,BTC-PERPETUAL,TICK,0,110011,0
1762011525305,BTC-PERPETUAL,TICK,0,110011,0
1762011525341,BTC-PERPETUAL,TICK,0,110046,0
1762011525348,BTC-PERPETUAL,TICK,0,110046,0
1762011525378,BTC-PERPETUAL,TICK,0,110016,0
1762011525382,BTC-PERPETUAL,TICK,0,110016,0
1762011525417,BTC-PERPETUAL,TICK,0,110045,0
1762011525422,BTC-PERPETUAL,TICK,0,110045,0
1762011525454,BTC-PERPETUAL,TICK,0,110016,0
1762011525458,BTC-PERPETUAL,TICK,0,110016,0
1762011525488,BTC-PERPETUAL,TICK,0,110044,0
1762011525493,BTC-PERPETUAL,TICK,0,110044,0
1762011525524,BTC-PERPETUAL,TICK,0,110017,0
1762011525530,BTC-PERPETUAL,TICK,0,110017,0
1762011525562,BTC-PERPETUAL,TICK,0,110044,0
1762011525566,BTC-PERPETUAL,TICK,0,110044,0
1762011525597,BTC-PERPETUAL,TICK,0,110018,0
1762011525603,BTC-PERPETUAL,TICK,0,110018,0
1762011525636,BTC-PERPETUAL,TICK,0,110044,0
1762011525642,BTC-PERPETUAL,TICK,0,110044,0
1762011525675,BTC-PERPETUAL,TICK,0,110019,0
1762011525682,BTC-PERPETUAL,TICK,0,110019,0
1762011525713,BTC-PERPETUAL,TICK,0,110043,0
1762011525718,BTC-PERPETUAL,TICK,0,110043,0
1762011525750,BTC-PERPETUAL,TICK,0,110020,0
1762011525754,BTC-PERPETUAL,TICK,0,110020,0
1762011525787,BTC-PERPETUAL,TICK,0,110042,0
1762011525792,BTC-PERPETUAL,TICK,0,110042,0
1762011525823,BTC-PERPETUAL,TICK,0,110022,0
1762011525828,BTC-PERPETUAL,TICK,0,110022,0
1762011525860,BTC-PERPETUAL,TICK,0,110041,0
1762011525865,BTC-PERPETUAL,TICK,0,110041,0
1762011525892,BTC-PERPETUAL,TICK,0,110022,0
1762011525897,BTC-PERPETUAL,TICK,0,110022,0
1762011525925,BTC-PERPETUAL,TICK,0,110040,0
1762011525930,BTC-PERPETUAL,TICK,0,110040,0
1762011525958,BTC-PERPETUAL,TICK,0,110027,0
1762011525963,BTC-PERPETUAL,TICK,0,110027,0
1762011525994,BTC-PERPETUAL,TICK,0,110040,0
1762011525999,BTC-PERPETUAL,TICK,0,110040,0
1762011526030,BTC-PERPETUAL,TICK,0,110028,0
1762011526035,BTC-PERPETUAL,TICK,0,110028,0
1762011526067,BTC-PERPETUAL,TICK,0,110038,0
1762011526070,BTC-PERPETUAL,TICK,0,110038,0
1762011526101,BTC-PERPETUAL,TICK,0,110028,0
1762011526106,BTC-PERPETUAL,TICK,0,110028,0
1762011526136,BTC-PERPETUAL,TICK,0,110037,0
1762011526139,BTC-PERPETUAL,TICK,0,110037,0
1762011526175,BTC-PERPETUAL,TICK,0,110028,0
1762011526181,BTC-PERPETUAL,TICK,0,110028,0
1762011526214,BTC-PERPETUAL,TICK,0,110036,0
1762011526217,BTC-PERPETUAL,TICK,0,110036,0
1762011526255,BTC-PERPETUAL,TICK,0,110029,0
1762011526260,BTC-PERPETUAL,TICK,0,110029,0
1762011526294,BTC-PERPETUAL,TICK,0,110036,0
1762011526300,BTC-PERPETUAL,TICK,0,110036,0
1762011526337,BTC-PERPETUAL,TICK,0,110030,0
1762011526343,BTC-PERPETUAL,TICK,0,110030,0
1762011526376,BTC-PERPETUAL,TICK,0,110034,0
1762011526382,BTC-PERPETUAL,TICK,0,110034,0
1762011526416,BTC-PERPETUAL,TICK,0,110030,0
1762011526421,BTC-PERPETUAL,TICK,0,110030,0
1762011526454,BTC-PERPETUAL,TICK,0,110034,0
1762011526459,BTC-PERPETUAL,TICK,0,110034,0
1762011526492,BTC-PERPETUAL,TICK,0,110033,0
1762011526498,BTC-PERPETUAL,TICK,0,110033,0
1762011526867,BTC-PERPETUAL,TICK,0,110100,0
1762011526871,BTC-PERPETUAL,TICK,0,110100,0
1762011527160,BTC-PERPETUAL,TICK,0,110200,0
1762011527165,BTC-PERPETUAL,TICK,0,110200,0
1762011527460,BTC-PERPETUAL,TICK,0,110300,0
1762011527463,BTC-PERPETUAL,TICK,0,110300,0
1762011527765,BTC-PERPETUAL,TICK,0,110400,0
1762011527770,BTC-PERPETUAL,TICK,0,110400,0
1762011528026,BTC-PERPETUAL,TICK,0,110500,0
1762011528030,BTC-PERPETUAL,TICK,0,110500,0
1762011528264,BTC-PERPETUAL,TICK,0,110600,0
1762011528269,BTC-PERPETUAL,TICK,0,110600,0
1762011528554,BTC-PERPETUAL,TICK,0,110700,0
1762011528564,BTC-PERPETUAL,TICK,0,110700,0
1762011528754,ETH-PERPETUAL,TICK,0,3886.8,0
1762011528768,ETH-PERPETUAL,TICK,0,3886.8,0
1762011528801,ETH-PERPETUAL,TICK,0,3883.35,0
1762011528811,ETH-PERPETUAL,TICK,0,3883.35,0
1762011528842,ETH-PERPETUAL,TICK,0,3886.75,0
1762011528846,ETH-PERPETUAL,TICK,0,3886.75,0
1762011528877,ETH-PERPETUAL,TICK,0,3883.4,0
1762011528883,ETH-PERPETUAL,TICK,0,3883.4,0
1762011528915,BTC-PERPETUAL,TICK,0,110800,0
1762011528918,BTC-PERPETUAL,TICK,0,110800,0
1762011528949,ETH-PERPETUAL,TICK,0,3886.7,0
1762011528952,ETH-PERPETUAL,TICK,0,3886.7,0
1762011528984,ETH-PERPETUAL,TICK,0,3883.55,0
1762011528990,ETH-PERPETUAL,TICK,0,3883.55,0
1762011529022,ETH-PERPETUAL,TICK,0,3886.65,0
1762011529025,ETH-PERPETUAL,TICK,0,3886.65,0
1762011529055,ETH-PERPETUAL,TICK,0,3883.65,0
1762011529060,ETH-PERPETUAL,TICK,0,3883.65,0
1762011529088,ETH-PERPETUAL,TICK,0,3886.6,0
1762011529093,ETH-PERPETUAL,TICK,0,3886.6,0
1762011529120,ETH-PERPETUAL,TICK,0,3883.75,0
1762011529125,ETH-PERPETUAL,TICK,0,3883.75,0
1762011529154,ETH-PERPETUAL,TICK,0,3886.55,0
1762011529158,ETH-PERPETUAL,TICK,0,3886.55,0
1762011529187,ETH-PERPETUAL,TICK,0,3883.9,0
1762011529190,ETH-PERPETUAL,TICK,0,3883.9,0
1762011529220,ETH-PERPETUAL,TICK,0,3886.5,0
1762011529224,ETH-PERPETUAL,TICK,0,3886.5,0
1762011529255,ETH-PERPETUAL,TICK,0,3884,0
1762011529260,ETH-PERPETUAL,TICK,0,3884,0
1762011529291,ETH-PERPETUAL,TICK,0,3886.45,0
1762011529297,ETH-PERPETUAL,TICK,0,3886.45,0
1762011529325,ETH-PERPETUAL,TICK,0,3884.05,0
1762011529331,ETH-PERPETUAL,TICK,0,3884.05,0
1762011529363,ETH-PERPETUAL,TICK,0,3886.4,0
1762011529369,ETH-PERPETUAL,TICK,0,3886.4,0
1762011529406,ETH-PERPETUAL,TICK,0,3884.1,0
1762011529412,ETH-PERPETUAL,TICK,0,3884.1,0
1762011529446,BTC-PERPETUAL,TICK,0,110900,0
1762011529450,BTC-PERPETUAL,TICK,0,110900,0
1762011529487,ETH-PERPETUAL,TICK,0,3886.3,0
1762011529494,ETH-PERPETUAL,TICK,0,3886.3,0
1762011529534,ETH-PERPETUAL,TICK,0,3884.15,0
1762011529541,ETH-PERPETUAL,TICK,0,3884.15,0
1762011529576,ETH-PERPETUAL,TICK,0,3886.25,0
1762011529581,ETH-PERPETUAL,TICK,0,3886.25,0
1762011529620,ETH-PERPETUAL,TICK,0,3884.25,0
1762011529625,ETH-PERPETUAL,TICK,0,3884.25,0
1762011529665,ETH-PERPETUAL,TICK,0,3886.2,0
1762011529673,ETH-PERPETUAL,TICK,0,3886.2,0
1762011529713,ETH-PERPETUAL,TICK,0,3884.35,0
1762011529718,ETH-PERPETUAL,TICK,0,3884.35,0
1762011529755,ETH-PERPETUAL,TICK,0,3886.15,0
1762011529760,ETH-PERPETUAL,TICK,0,3886.15,0
1762011529801,ETH-PERPETUAL,TICK,0,3884.4,0
1762011529806,ETH-PERPETUAL,TICK,0,3884.4,0
1762011529845,ETH-PERPETUAL,TICK,0,3886.05,0
1762011529852,ETH-PERPETUAL,TICK,0,3886.05,0
1762011529885,ETH-PERPETUAL,TICK,0,3884.55,0
1762011529890,ETH-PERPETUAL,TICK,0,3884.55,0
1762011529924,ETH-PERPETUAL,TICK,0,3886,0
1762011529928,ETH-PERPETUAL,TICK,0,3886,0
1762011529967,ETH-PERPETUAL,TICK,0,3884.6,0
1762011529975,ETH-PERPETUAL,TICK,0,3884.6,0
1762011530014,BTC-PERPETUAL,TICK,0,111000,0
1762011530020,BTC-PERPETUAL,TICK,0,111000,0
1762011530057,ETH-PERPETUAL,TICK,0,3885.95,0
1762011530063,ETH-PERPETUAL,TICK,0,3885.95,0
1762011530097,ETH-PERPETUAL,TICK,0,3884.65,0
1762011530102,ETH-PERPETUAL,TICK,0,3884.65,0
1762011530143,ETH-PERPETUAL,TICK,0,3885.9,0
1762011530148,ETH-PERPETUAL,TICK,0,3885.9,0
1762011530183,ETH-PERPETUAL,TICK,0,3884.75,0
1762011530189,ETH-PERPETUAL,TICK,0,3884.75,0
1762011530225,ETH-PERPETUAL,TICK,0,3885.8,0
1762011530230,ETH-PERPETUAL,TICK,0,3885.8,0
1762011530265,ETH-PERPETUAL,TICK,0,3884.8,0
1762011530269,ETH-PERPETUAL,TICK,0,3884.8,0
1762011530305,ETH-PERPETUAL,TICK,0,3885.75,0
1762011530308,ETH-PERPETUAL,TICK,0,3885.75,0
1762011530346,ETH-PERPETUAL,TICK,0,3885.1,0
1762011530353,ETH-PERPETUAL,TICK,0,3885.1,0
1762011530389,ETH-PERPETUAL,TICK,0,3885.5,0
1762011530395,ETH-PERPETUAL,TICK,0,3885.5,0
1762011530437,ETH-PERPETUAL,TICK,0,3885.4,0
1762011530442,ETH-PERPETUAL,TICK,0,3885.4,0
1762011530478,BTC-PERPETUAL,TICK,0,111100,0
1762011530483,BTC-PERPETUAL,TICK,0,111100,0
1762011530518,BTC-PERPETUAL,TICK,0,111200,0
1762011530523,BTC-PERPETUAL,TICK,0,111200,0
1762011530556,BTC-PERPETUAL,TICK,0,111300,0
1762011530562,BTC-PERPETUAL,TICK,0,111300,0
1762011530595,BTC-PERPETUAL,TICK,0,110061,0
1762011530601,BTC-PERPETUAL,TICK,0,110061,0
1762011530636,BTC-PERPETUAL,TICK,0,110000,0
1762011530644,BTC-PERPETUAL,TICK,0,110000,0
1762011530676,BTC-PERPETUAL,TICK,0,110060,0
1762011530680,BTC-PERPETUAL,TICK,0,110060,0
1762011530718,BTC-PERPETUAL,TICK,0,110030,0
1762011530722,BTC-PERPETUAL,TICK,0,110030,0
1762011530758,BTC-PERPETUAL,TICK,0,110060,0
1762011530762,BTC-PERPETUAL,TICK,0,110060,0
1762011530794,BTC-PERPETUAL,TICK,0,110002,0
1762011530798,BTC-PERPETUAL,TICK,0,110002,0
1762011530833,BTC-PERPETUAL,TICK,0,111400,0
1762011530836,BTC-PERPETUAL,TICK,0,111400,0
1762011530871,BTC-PERPETUAL,TICK,0,110058,0
1762011530877,BTC-PERPETUAL,TICK,0,110058,0
1762011530914,BTC-PERPETUAL,TICK,0,110003,0
1762011530919,BTC-PERPETUAL,TICK,0,110003,0
1762011530951,BTC-PERPETUAL,TICK,0,110055,0
1762011530955,BTC-PERPETUAL,TICK,0,110055,0
1762011530986,BTC-PERPETUAL,TICK,0,110007,0
1762011530992,BTC-PERPETUAL,TICK,0,110007,0
1762011531025,BTC-PERPETUAL,TICK,0,110050,0
1762011531030,BTC-PERPETUAL,TICK,0,110050,0
1762011531063,BTC-PERPETUAL,TICK,0,110008,0
1762011531068,BTC-PERPETUAL,TICK,0,110008,0
1762011531100,BTC-PERPETUAL,TICK,0,110050,0
1762011531103,BTC-PERPETUAL,TICK,0,110050,0
1762011531136,BTC-PERPETUAL,TICK,0,110011,0
1762011531142,BTC-PERPETUAL,TICK,0,110011,0
1762011531175,BTC-PERPETUAL,TICK,0,110048,0
1762011531182,BTC-PERPETUAL,TICK,0,110048,0
1762011531213,BTC-PERPETUAL,TICK,0,110012,0
1762011531217,BTC-PERPETUAL,TICK,0,110012,0
1762011531250,BTC-PERPETUAL,TICK,0,110048,0
1762011531256,BTC-PERPETUAL,TICK,0,110048,0
1762011531297,BTC-PERPETUAL,TICK,0,110012,0
1762011531299,BTC-PERPETUAL,TICK,0,110012,0
1762011531332,BTC-PERPETUAL,TICK,0,111500,0
1762011531336,BTC-PERPETUAL,TICK,0,111500,0
1762011531378,BTC-PERPETUAL,TICK,0,110046,0
1762011531383,BTC-PERPETUAL,TICK,0,110046,0
1762011531417,BTC-PERPETUAL,TICK,0,110016,0
1762011531422,BTC-PERPETUAL,TICK,0,110016,0
1762011531454,BTC-PERPETUAL,TICK,0,110045,0
1762011531458,BTC-PERPETUAL,TICK,0,110045,0
1762011531489,BTC-PERPETUAL,TICK,0,110016,0
1762011531493,BTC-PERPETUAL,TICK,0,110016,0
1762011531527,BTC-PERPETUAL,TICK,0,110044,0
1762011531535,BTC-PERPETUAL,TICK,0,110044,0
1762011531569,BTC-PERPETUAL,TICK,0,110017,0
1762011531576,BTC-PERPETUAL,TICK,0,110017,0
1762011531615,BTC-PERPETUAL,TICK,0,110044,0
1762011531621,BTC-PERPETUAL,TICK,0,110044,0
1762011531655,BTC-PERPETUAL,TICK,0,110020,0
1762011531659,BTC-PERPETUAL,TICK,0,110020,0
1762011531692,BTC-PERPETUAL,TICK,0,110041,0
1762011531696,BTC-PERPETUAL,TICK,0,110041,0
1762011531725,BTC-PERPETUAL,TICK,0,110022,0
1762011531730,BTC-PERPETUAL,TICK,0,110022,0
1762011531762,BTC-PERPETUAL,TICK,0,110040,0
1762011531765,BTC-PERPETUAL,TICK,0,110040,0
1762011531805,BTC-PERPETUAL,TICK,0,110022,0
1762011531810,BTC-PERPETUAL,TICK,0,110022,0
1762011531844,BTC-PERPETUAL,TICK,0,111600,0
1762011531849,BTC-PERPETUAL,TICK,0,111600,0
1762011531881,BTC-PERPETUAL,TICK,0,110040,0
1762011531885,BTC-PERPETUAL,TICK,0,110040,0
1762011531924,BTC-PERPETUAL,TICK,0,110023,0
1762011531929,BTC-PERPETUAL,TICK,0,110023,0
1762011531962,BTC-PERPETUAL,TICK,0,110038,0
1762011531966,BTC-PERPETUAL,TICK,0,110038,0
1762011532005,BTC-PERPETUAL,TICK,0,110024,0
1762011532010,BTC-PERPETUAL,TICK,0,110024,0
1762011532050,BTC-PERPETUAL,TICK,0,110038,0
1762011532056,BTC-PERPETUAL,TICK,0,110038,0
1762011532086,BTC-PERPETUAL,TICK,0,110024,0
1762011532091,BTC-PERPETUAL,TICK,0,110024,0
1762011532123,BTC-PERPETUAL,TICK,0,110034,0
1762011532127,BTC-PERPETUAL,TICK,0,110034,0
1762011532162,BTC-PERPETUAL,TICK,0,110028,0
1762011532168,BTC-PERPETUAL,TICK,0,110028,0
1762011532203,BTC-PERPETUAL,TICK,0,110034,0
1762011532209,BTC-PERPETUAL,TICK,0,110034,0
1762011532238,BTC-PERPETUAL,TICK,0,110033,0
1762011532244,BTC-PERPETUAL,TICK,0,110033,0
1762011532274,BTC-PERPETUAL,TICK,0,111700,0
1762011532280,BTC-PERPETUAL,TICK,0,111700,0
1762011532308,BTC-PERPETUAL,TICK,0,111800,0
1762011532312,BTC-PERPETUAL,TICK,0,111800,0
1762011532342,BTC-PERPETUAL,TICK,0,111900,0
1762011532346,BTC-PERPETUAL,TICK,0,111900,0
1762011532377,BTC-PERPETUAL,TICK,0,112000,0
1762011532381,BTC-PERPETUAL,TICK,0,112000,0
1762011532412,BTC-PERPETUAL,TICK,0,112100,0
1762011532417,BTC-PERPETUAL,TICK,0,112100,0
1762011532525,BTC-PERPETUAL,TICK,0,112200,0
1762011532530,BTC-PERPETUAL,TICK,0,112200,0
1762011532802,BTC-PERPETUAL,TICK,0,112300,0
1762011532809,BTC-PERPETUAL,TICK,0,112300,0
1762011533096,BTC-PERPETUAL,TICK,0,112400,0
1762011533101,BTC-PERPETUAL,TICK,0,112400,0
1762011533403,BTC-PERPETUAL,TICK,0,112500,0
1762011533407,BTC-PERPETUAL,TICK,0,112500,0
1762011533660,BTC-PERPETUAL,TICK,0,112600,0
1762011533664,BTC-PERPETUAL,TICK,0,112600,0
1762011533909,BTC-PERPETUAL,TICK,0,112700,0
1762011533917,BTC-PERPETUAL,TICK,0,112700,0
1762011534029,ETH-PERPETUAL,TICK,0,3886.7,0
1762011534034,ETH-PERPETUAL,TICK,0,3886.7,0
1762011534064,ETH-PERPETUAL,TICK,0,3883.65,0
1762011534068,ETH-PERPETUAL,TICK,0,3883.65,0
1762011534100,ETH-PERPETUAL,TICK,0,3886.6,0
1762011534106,ETH-PERPETUAL,TICK,0,3886.6,0
1762011534138,ETH-PERPETUAL,TICK,0,3883.75,0
1762011534141,ETH-PERPETUAL,TICK,0,3883.75,0
1762011534172,ETH-PERPETUAL,TICK,0,3886.55,0
1762011534176,ETH-PERPETUAL,TICK,0,3886.55,0
1762011534205,ETH-PERPETUAL,TICK,0,3883.8,0
1762011534209,ETH-PERPETUAL,TICK,0,3883.8,0
1762011534237,ETH-PERPETUAL,TICK,0,3886.5,0
1762011534244,ETH-PERPETUAL,TICK,0,3886.5,0
1762011534278,ETH-PERPETUAL,TICK,0,3883.85,0
1762011534283,ETH-PERPETUAL,TICK,0,3883.85,0
1762011534316,BTC-PERPETUAL,TICK,0,112800,0
1762011534320,BTC-PERPETUAL,TICK,0,112800,0
1762011534350,ETH-PERPETUAL,TICK,0,3886.4,0
1762011534355,ETH-PERPETUAL,TICK,0,3886.4,0
1762011534384,ETH-PERPETUAL,TICK,0,3883.9,0
1762011534391,ETH-PERPETUAL,TICK,0,3883.9,0
1762011534421,ETH-PERPETUAL,TICK,0,3886.3,0
1762011534425,ETH-PERPETUAL,TICK,0,3886.3,0
1762011534453,ETH-PERPETUAL,TICK,0,3884,0
1762011534458,ETH-PERPETUAL,TICK,0,3884,0
1762011534488,ETH-PERPETUAL,TICK,0,3886.25,0
1762011534492,ETH-PERPETUAL,TICK,0,3886.25,0
1762011534520,ETH-PERPETUAL,TICK,0,3884.05,0
1762011534525,ETH-PERPETUAL,TICK,0,3884.05,0
1762011534552,ETH-PERPETUAL,TICK,0,3886.2,0
1762011534558,ETH-PERPETUAL,TICK,0,3886.2,0
1762011534587,ETH-PERPETUAL,TICK,0,3884.1,0
1762011534591,ETH-PERPETUAL,TICK,0,3884.1,0
1762011534620,ETH-PERPETUAL,TICK,0,3886.15,0
1762011534625,ETH-PERPETUAL,TICK,0,3886.15,0
1762011534657,ETH-PERPETUAL,TICK,0,3884.15,0
1762011534662,ETH-PERPETUAL,TICK,0,3884.15,0
1762011534694,ETH-PERPETUAL,TICK,0,3886.1,0
1762011534697,ETH-PERPETUAL,TICK,0,3886.1,0
1762011534731,BTC-PERPETUAL,TICK,0,112900,0
1762011534736,BTC-PERPETUAL,TICK,0,112900,0
1762011534762,ETH-PERPETUAL,TICK,0,3886.05,0
1762011534770,ETH-PERPETUAL,TICK,0,3886.05,0
1762011534801,ETH-PERPETUAL,TICK,0,3884.3,0
1762011534806,ETH-PERPETUAL,TICK,0,3884.3,0
1762011534837,ETH-PERPETUAL,TICK,0,3886,0
1762011534842,ETH-PERPETUAL,TICK,0,3886,0
1762011534873,ETH-PERPETUAL,TICK,0,3884.35,0
1762011534879,ETH-PERPETUAL,TICK,0,3884.35,0
1762011534907,ETH-PERPETUAL,TICK,0,3885.9,0
1762011534911,ETH-PERPETUAL,TICK,0,3885.9,0
1762011534943,ETH-PERPETUAL,TICK,0,3884.4,0
1762011534948,ETH-PERPETUAL,TICK,0,3884.4,0
1762011534980,ETH-PERPETUAL,TICK,0,3885.8,0
1762011534984,ETH-PERPETUAL,TICK,0,3885.8,0
1762011535013,ETH-PERPETUAL,TICK,0,3884.5,0
1762011535017,ETH-PERPETUAL,TICK,0,3884.5,0
1762011535046,ETH-PERPETUAL,TICK,0,3885.75,0
1762011535052,ETH-PERPETUAL,TICK,0,3885.75,0
1762011535085,ETH-PERPETUAL,TICK,0,3884.55,0
1762011535089,ETH-PERPETUAL,TICK,0,3884.55,0
1762011535120,BTC-PERPETUAL,TICK,0,113000,0
1762011535124,BTC-PERPETUAL,TICK,0,113000,0
1762011535153,ETH-PERPETUAL,TICK,0,3885.5,0
1762011535157,ETH-PERPETUAL,TICK,0,3885.5,0
1762011535191,ETH-PERPETUAL,TICK,0,3884.6,0
1762011535197,ETH-PERPETUAL,TICK,0,3884.6,0
1762011535234,ETH-PERPETUAL,TICK,0,3885.45,0
1762011535238,ETH-PERPETUAL,TICK,0,3885.45,0
1762011535269,ETH-PERPETUAL,TICK,0,3884.65,0
1762011535274,ETH-PERPETUAL,TICK,0,3884.65,0
1762011535308,ETH-PERPETUAL,TICK,0,3885.4,0
1762011535313,ETH-PERPETUAL,TICK,0,3885.4,0
1762011535345,ETH-PERPETUAL,TICK,0,3884.75,0
1762011535350,ETH-PERPETUAL,TICK,0,3884.75,0
1762011535382,ETH-PERPETUAL,TICK,0,3885.35,0
1762011535385,ETH-PERPETUAL,TICK,0,3885.35,0
1762011535414,ETH-PERPETUAL,TICK,0,3884.8,0
1762011535418,ETH-PERPETUAL,TICK,0,3884.8,0
1762011535454,ETH-PERPETUAL,TICK,0,3885.05,0
1762011535459,ETH-PERPETUAL,TICK,0,3885.05,0
1762011535489,ETH-PERPETUAL,TICK,0,3885,0
1762011535493,ETH-PERPETUAL,TICK,0,3885,0
1762011535529,BTC-PERPETUAL,TICK,0,113100,0
1762011535534,BTC-PERPETUAL,TICK,0,113100,0
1762011535566,BTC-PERPETUAL,TICK,0,113200,0
1762011535571,BTC-PERPETUAL,TICK,0,113200,0
1762011535606,BTC-PERPETUAL,TICK,0,113300,0
1762011535612,BTC-PERPETUAL,TICK,0,113300,0
1762011535647,BTC-PERPETUAL,TICK,0,110061,0
1762011535652,BTC-PERPETUAL,TICK,0,110061,0
1762011535686,BTC-PERPETUAL,TICK,0,110007,0
1762011535691,BTC-PERPETUAL,TICK,0,110007,0
1762011535725,BTC-PERPETUAL,TICK,0,110060,0
1762011535730,BTC-PERPETUAL,TICK,0,110060,0
1762011535764,BTC-PERPETUAL,TICK,0,110008,0
1762011535768,BTC-PERPETUAL,TICK,0,110008,0
1762011535797,BTC-PERPETUAL,TICK,0,110060,0
1762011535801,BTC-PERPETUAL,TICK,0,110060,0
1762011535833,BTC-PERPETUAL,TICK,0,110011,0
1762011535840,BTC-PERPETUAL,TICK,0,110011,0
1762011535878,BTC-PERPETUAL,TICK,0,113400,0
1762011535884,BTC-PERPETUAL,TICK,0,113400,0
1762011535915,BTC-PERPETUAL,TICK,0,110058,0
1762011535921,BTC-PERPETUAL,TICK,0,110058,0
1762011535950,BTC-PERPETUAL,TICK,0,110012,0
1762011535958,BTC-PERPETUAL,TICK,0,110012,0
1762011535990,BTC-PERPETUAL,TICK,0,110055,0
1762011535993,BTC-PERPETUAL,TICK,0,110055,0
1762011534360,BTC-PERPETUAL,TICK,0,110012,0
1762011534365,BTC-PERPETUAL,TICK,0,110012,0
1762011534397,BTC-PERPETUAL,TICK,0,110050,0
1762011534403,BTC-PERPETUAL,TICK,0,110050,0
1762011534433,BTC-PERPETUAL,TICK,0,110016,0
1762011534438,BTC-PERPETUAL,TICK,0,110016,0
1762011534468,BTC-PERPETUAL,TICK,0,110050,0
1762011534473,BTC-PERPETUAL,TICK,0,110050,0
1762011534506,BTC-PERPETUAL,TICK,0,110017,0
1762011534510,BTC-PERPETUAL,TICK,0,110017,0
1762011534537,BTC-PERPETUAL,TICK,0,110048,0
1762011534540,BTC-PERPETUAL,TICK,0,110048,0
1762011534574,BTC-PERPETUAL,TICK,0,110018,0
1762011534579,BTC-PERPETUAL,TICK,0,110018,0
1762011534608,BTC-PERPETUAL,TICK,0,110048,0
1762011534613,BTC-PERPETUAL,TICK,0,110048,0
1762011534645,BTC-PERPETUAL,TICK,0,110020,0
1762011534652,BTC-PERPETUAL,TICK,0,110020,0
1762011534687,BTC-PERPETUAL,TICK,0,113500,0
1762011534692,BTC-PERPETUAL,TICK,0,113500,0
1762011534720,BTC-PERPETUAL,TICK,0,110046,0
1762011534726,BTC-PERPETUAL,TICK,0,110046,0
1762011534763,BTC-PERPETUAL,TICK,0,110022,0
1762011534769,BTC-PERPETUAL,TICK,0,110022,0
1762011534801,BTC-PERPETUAL,TICK,0,110045,0
1762011534803,BTC-PERPETUAL,TICK,0,110045,0
1762011534838,BTC-PERPETUAL,TICK,0,110024,0
1762011534844,BTC-PERPETUAL,TICK,0,110024,0
1762011534877,BTC-PERPETUAL,TICK,0,110044,0
1762011534881,BTC-PERPETUAL,TICK,0,110044,0
1762011534915,BTC-PERPETUAL,TICK,0,110024,0
1762011534919,BTC-PERPETUAL,TICK,0,110024,0
1762011534953,BTC-PERPETUAL,TICK,0,110044,0
1762011534959,BTC-PERPETUAL,TICK,0,110044,0
1762011534991,BTC-PERPETUAL,TICK,0,110024,0
1762011534995,BTC-PERPETUAL,TICK,0,110024,0
1762011535031,BTC-PERPETUAL,TICK,0,110041,0
1762011535035,BTC-PERPETUAL,TICK,0,110041,0
1762011535070,BTC-PERPETUAL,TICK,0,110025,0
1762011535075,BTC-PERPETUAL,TICK,0,110025,0
1762011535112,BTC-PERPETUAL,TICK,0,110040,0
1762011535119,BTC-PERPETUAL,TICK,0,110040,0
1762011535152,BTC-PERPETUAL,TICK,0,110026,0
1762011535157,BTC-PERPETUAL,TICK,0,110026,0
1762011535190,BTC-PERPETUAL,TICK,0,113600,0
1762011535194,BTC-PERPETUAL,TICK,0,113600,0
1762011535227,BTC-PERPETUAL,TICK,0,110040,0
1762011535235,BTC-PERPETUAL,TICK,0,110040,0
1762011535268,BTC-PERPETUAL,TICK,0,110026,0
1762011535274,BTC-PERPETUAL,TICK,0,110026,0
1762011535309,BTC-PERPETUAL,TICK,0,110038,0
1762011535314,BTC-PERPETUAL,TICK,0,110038,0
1762011535343,BTC-PERPETUAL,TICK,0,110026,0
1762011535348,BTC-PERPETUAL,TICK,0,110026,0
1762011535378,BTC-PERPETUAL,TICK,0,110038,0
1762011535383,BTC-PERPETUAL,TICK,0,110038,0
1762011535418,BTC-PERPETUAL,TICK,0,110027,0
1762011535422,BTC-PERPETUAL,TICK,0,110027,0
1762011535452,BTC-PERPETUAL,TICK,0,110034,0
1762011535457,BTC-PERPETUAL,TICK,0,110034,0
1762011535500,BTC-PERPETUAL,TICK,0,110028,0
1762011535505,BTC-PERPETUAL,TICK,0,110028,0
1762011535533,BTC-PERPETUAL,TICK,0,110034,0
1762011535538,BTC-PERPETUAL,TICK,0,110034,0
1762011535571,BTC-PERPETUAL,TICK,0,110033,0
1762011535575,BTC-PERPETUAL,TICK,0,110033,0
1762011535610,BTC-PERPETUAL,TICK,0,113700,0
1762011535614,BTC-PERPETUAL,TICK,0,113700,0
1762011535653,BTC-PERPETUAL,TICK,0,113800,0
1762011535659,BTC-PERPETUAL,TICK,0,113800,0
1762011535696,BTC-PERPETUAL,TICK,0,113900,0
1762011535701,BTC-PERPETUAL,TICK,0,113900,0
1762011535739,BTC-PERPETUAL,TICK,0,114000,0
1762011535746,BTC-PERPETUAL,TICK,0,114000,0
1762011535848,BTC-PERPETUAL,TICK,0,114100,0
1762011535853,BTC-PERPETUAL,TICK,0,114100,0
1762011536096,BTC-PERPETUAL,TICK,0,114200,0
1762011536099,BTC-PERPETUAL,TICK,0,114200,0
1762011536370,BTC-PERPETUAL,TICK,0,114300,0
1762011536377,BTC-PERPETUAL,TICK,0,114300,0
1762011536640,BTC-PERPETUAL,TICK,0,114400,0
1762011536652,BTC-PERPETUAL,TICK,0,114400,0
1762011536909,BTC-PERPETUAL,TICK,0,114500,0
1762011536913,BTC-PERPETUAL,TICK,0,114500,0
1762011537172,BTC-PERPETUAL,TICK,0,114600,0
1762011537176,BTC-PERPETUAL,TICK,0,114600,0
1762011537421,BTC-PERPETUAL,TICK,0,114700,0
1762011537426,BTC-PERPETUAL,TICK,0,114700,0
1762011537637,ETH-PERPETUAL,TICK,0,3886.6,0
1762011537650,ETH-PERPETUAL,TICK,0,3886.6,0
1762011537683,ETH-PERPETUAL,TICK,0,3883.55,0
1762011537691,ETH-PERPETUAL,TICK,0,3883.55,0
1762011537723,BTC-PERPETUAL,TICK,0,114800,0
1762011537729,BTC-PERPETUAL,TICK,0,114800,0
1762011537757,ETH-PERPETUAL,TICK,0,3886.5,0
1762011537763,ETH-PERPETUAL,TICK,0,3886.5,0
1762011537792,ETH-PERPETUAL,TICK,0,3883.65,0
1762011537797,ETH-PERPETUAL,TICK,0,3883.65,0
1762011537831,ETH-PERPETUAL,TICK,0,3886.45,0
1762011537836,ETH-PERPETUAL,TICK,0,3886.45,0
1762011537864,ETH-PERPETUAL,TICK,0,3883.75,0
1762011537870,ETH-PERPETUAL,TICK,0,3883.75,0
1762011537898,ETH-PERPETUAL,TICK,0,3886.4,0
1762011537903,ETH-PERPETUAL,TICK,0,3886.4,0
1762011537930,ETH-PERPETUAL,TICK,0,3883.8,0
1762011537935,ETH-PERPETUAL,TICK,0,3883.8,0
1762011537963,ETH-PERPETUAL,TICK,0,3886.3,0
1762011537968,ETH-PERPETUAL,TICK,0,3886.3,0
1762011538000,ETH-PERPETUAL,TICK,0,3883.85,0
1762011538005,ETH-PERPETUAL,TICK,0,3883.85,0
1762011538034,ETH-PERPETUAL,TICK,0,3886.25,0
1762011538040,ETH-PERPETUAL,TICK,0,3886.25,0
1762011538078,ETH-PERPETUAL,TICK,0,3883.9,0
1762011538082,ETH-PERPETUAL,TICK,0,3883.9,0
1762011538116,ETH-PERPETUAL,TICK,0,3886.2,0
1762011538121,ETH-PERPETUAL,TICK,0,3886.2,0
1762011538152,ETH-PERPETUAL,TICK,0,3884,0
1762011538156,ETH-PERPETUAL,TICK,0,3884,0
1762011538187,ETH-PERPETUAL,TICK,0,3886.15,0
1762011538191,ETH-PERPETUAL,TICK,0,3886.15,0
1762011538221,ETH-PERPETUAL,TICK,0,3884.05,0
1762011538226,ETH-PERPETUAL,TICK,0,3884.05,0
1762011538260,ETH-PERPETUAL,TICK,0,3886.05,0
1762011538268,ETH-PERPETUAL,TICK,0,3886.05,0
1762011538299,ETH-PERPETUAL,TICK,0,3884.1,0
1762011538306,ETH-PERPETUAL,TICK,0,3884.1,0
1762011538342,ETH-PERPETUAL,TICK,0,3886,0
1762011538345,ETH-PERPETUAL,TICK,0,3886,0
1762011538379,ETH-PERPETUAL,TICK,0,3884.15,0
1762011538384,ETH-PERPETUAL,TICK,0,3884.15,0
1762011538419,ETH-PERPETUAL,TICK,0,3885.95,0
1762011538425,ETH-PERPETUAL,TICK,0,3885.95,0
1762011538459,ETH-PERPETUAL,TICK,0,3885.9,0
1762011538463,ETH-PERPETUAL,TICK,0,3885.9,0
1762011538497,ETH-PERPETUAL,TICK,0,3884.3,0
1762011538502,ETH-PERPETUAL,TICK,0,3884.3,0
1762011538536,BTC-PERPETUAL,TICK,0,114900,0
1762011538541,BTC-PERPETUAL,TICK,0,114900,0
1762011538569,ETH-PERPETUAL,TICK,0,3885.8,0
1762011538575,ETH-PERPETUAL,TICK,0,3885.8,0
1762011538613,ETH-PERPETUAL,TICK,0,3884.35,0
1762011538619,ETH-PERPETUAL,TICK,0,3884.35,0
1762011538650,ETH-PERPETUAL,TICK,0,3885.75,0
1762011538654,ETH-PERPETUAL,TICK,0,3885.75,0
1762011538690,ETH-PERPETUAL,TICK,0,3884.4,0
1762011538695,ETH-PERPETUAL,TICK,0,3884.4,0
1762011538728,ETH-PERPETUAL,TICK,0,3885.55,0
1762011538735,ETH-PERPETUAL,TICK,0,3885.55,0
1762011538767,ETH-PERPETUAL,TICK,0,3884.5,0
1762011538770,ETH-PERPETUAL,TICK,0,3884.5,0
1762011538805,ETH-PERPETUAL,TICK,0,3885.5,0
1762011538810,ETH-PERPETUAL,TICK,0,3885.5,0
1762011538843,ETH-PERPETUAL,TICK,0,3884.55,0
1762011538848,ETH-PERPETUAL,TICK,0,3884.55,0
1762011538881,ETH-PERPETUAL,TICK,0,3885.45,0
1762011538885,ETH-PERPETUAL,TICK,0,3885.45,0
1762011538913,ETH-PERPETUAL,TICK,0,3884.6,0
1762011538918,ETH-PERPETUAL,TICK,0,3884.6,0
1762011538949,ETH-PERPETUAL,TICK,0,3885.4,0
1762011538954,ETH-PERPETUAL,TICK,0,3885.4,0
1762011538986,ETH-PERPETUAL,TICK,0,3884.65,0
1762011538991,ETH-PERPETUAL,TICK,0,3884.65,0
1762011539021,BTC-PERPETUAL,TICK,0,115000,0
1762011539028,BTC-PERPETUAL,TICK,0,115000,0
1762011539061,ETH-PERPETUAL,TICK,0,3885.25,0
1762011539065,ETH-PERPETUAL,TICK,0,3885.25,0
1762011539102,ETH-PERPETUAL,TICK,0,3884.8,0
1762011539106,ETH-PERPETUAL,TICK,0,3884.8,0
1762011539136,ETH-PERPETUAL,TICK,0,3885.05,0
1762011539141,ETH-PERPETUAL,TICK,0,3885.05,0
1762011539169,ETH-PERPETUAL,TICK,0,3885,0
1762011539176,ETH-PERPETUAL,TICK,0,3885,0
1762011539207,BTC-PERPETUAL,TICK,0,115100,0
1762011539211,BTC-PERPETUAL,TICK,0,115100,0
1762011539242,BTC-PERPETUAL,TICK,0,110033,0
1762011539248,BTC-PERPETUAL,TICK,0,110033,0
1762011539280,BTC-PERPETUAL,TICK,0,115200,0
1762011539285,BTC-PERPETUAL,TICK,0,115200,0
1762011539316,BTC-PERPETUAL,TICK,0,110039,0
1762011539324,BTC-PERPETUAL,TICK,0,110039,0
1762011539359,BTC-PERPETUAL,TICK,0,110033,0
1762011539364,BTC-PERPETUAL,TICK,0,110033,0
1762011539399,BTC-PERPETUAL,TICK,0,115300,0
1762011539404,BTC-PERPETUAL,TICK,0,115300,0
1762011539437,BTC-PERPETUAL,TICK,0,110038,0
1762011539441,BTC-PERPETUAL,TICK,0,110038,0
1762011539474,BTC-PERPETUAL,TICK,0,109993,0
1762011539480,BTC-PERPETUAL,TICK,0,109993,0
1762011539517,BTC-PERPETUAL,TICK,0,110038,0
1762011539524,BTC-PERPETUAL,TICK,0,110038,0
1762011539563,BTC-PERPETUAL,TICK,0,109994,0
1762011539573,BTC-PERPETUAL,TICK,0,109994,0
1762011539616,BTC-PERPETUAL,TICK,0,110037,0
1762011539622,BTC-PERPETUAL,TICK,0,110037,0
1762011539662,BTC-PERPETUAL,TICK,0,109996,0
1762011539668,BTC-PERPETUAL,TICK,0,109996,0
1762011539704,BTC-PERPETUAL,TICK,0,110036,0
1762011539712,BTC-PERPETUAL,TICK,0,110036,0
1762011539745,BTC-PERPETUAL,TICK,0,109996,0
1762011539750,BTC-PERPETUAL,TICK,0,109996,0
1762011539788,BTC-PERPETUAL,TICK,0,110034,0
1762011539795,BTC-PERPETUAL,TICK,0,110034,0
1762011539832,BTC-PERPETUAL,TICK,0,110000,0
1762011539838,BTC-PERPETUAL,TICK,0,110000,0
1762011539869,BTC-PERPETUAL,TICK,0,110033,0
1762011539874,BTC-PERPETUAL,TICK,0,110033,0
1762011539879,BTC-PERPETUAL,TICK,0,110033,0
1762011539883,BTC-PERPETUAL,TICK,0,110033,0
1762011539916,BTC-PERPETUAL,TICK,0,110000,0
1762011539925,BTC-PERPETUAL,TICK,0,110000,0
1762011539957,BTC-PERPETUAL,TICK,0,110032,0
1762011539959,BTC-PERPETUAL,TICK,0,110032,0
1762011539993,BTC-PERPETUAL,TICK,0,115400,0
1762011540002,BTC-PERPETUAL,TICK,0,115400,0
1762011540040,BTC-PERPETUAL,TICK,0,110000,0
1762011540044,BTC-PERPETUAL,TICK,0,110000,0
1762011540078,BTC-PERPETUAL,TICK,0,110032,0
1762011540084,BTC-PERPETUAL,TICK,0,110032,0
1762011540116,BTC-PERPETUAL,TICK,0,110002,0
1762011540122,BTC-PERPETUAL,TICK,0,110002,0
1762011540150,BTC-PERPETUAL,TICK,0,110030,0
1762011540157,BTC-PERPETUAL,TICK,0,110030,0
1762011540162,BTC-PERPETUAL,TICK,0,110025,0
1762011540167,BTC-PERPETUAL,TICK,0,110025,0
1762011540194,BTC-PERPETUAL,TICK,0,110003,0
1762011540198,BTC-PERPETUAL,TICK,0,110003,0
1762011540233,BTC-PERPETUAL,TICK,0,110024,0
1762011540239,BTC-PERPETUAL,TICK,0,110024,0
1762011540271,BTC-PERPETUAL,TICK,0,110005,0
1762011540275,BTC-PERPETUAL,TICK,0,110005,0
1762011540308,BTC-PERPETUAL,TICK,0,110024,0
1762011540315,BTC-PERPETUAL,TICK,0,110024,0
1762011540355,BTC-PERPETUAL,TICK,0,110006,0
1762011540360,BTC-PERPETUAL,TICK,0,110006,0
1762011540394,BTC-PERPETUAL,TICK,0,110024,0
1762011540400,BTC-PERPETUAL,TICK,0,110024,0
1762011540433,BTC-PERPETUAL,TICK,0,110006,0
1762011540436,BTC-PERPETUAL,TICK,0,110006,0
1762011540469,BTC-PERPETUAL,TICK,0,110023,0
1762011540473,BTC-PERPETUAL,TICK,0,110023,0
1762011540505,BTC-PERPETUAL,TICK,0,110006,0
1762011540509,BTC-PERPETUAL,TICK,0,110006,0
1762011540540,BTC-PERPETUAL,TICK,0,115500,0
1762011540545,BTC-PERPETUAL,TICK,0,115500,0
1762011540575,BTC-PERPETUAL,TICK,0,110017,0
1762011540581,BTC-PERPETUAL,TICK,0,110017,0
1762011540613,BTC-PERPETUAL,TICK,0,110007,0
1762011540618,BTC-PERPETUAL,TICK,0,110007,0
1762011540653,BTC-PERPETUAL,TICK,0,110016,0
1762011540661,BTC-PERPETUAL,TICK,0,110016,0
1762011540694,BTC-PERPETUAL,TICK,0,110008,0
1762011540699,BTC-PERPETUAL,TICK,0,110008,0
1762011540732,BTC-PERPETUAL,TICK,0,110016,0
1762011540737,BTC-PERPETUAL,TICK,0,110016,0
1762011540768,BTC-PERPETUAL,TICK,0,110008,0
1762011540772,BTC-PERPETUAL,TICK,0,110008,0
1762011540802,BTC-PERPETUAL,TICK,0,110012,0
1762011540808,BTC-PERPETUAL,TICK,0,110012,0
1762011540843,BTC-PERPETUAL,TICK,0,110008,0
1762011540847,BTC-PERPETUAL,TICK,0,110008,0
1762011540882,BTC-PERPETUAL,TICK,0,110012,0
1762011540887,BTC-PERPETUAL,TICK,0,110012,0
1762011540926,BTC-PERPETUAL,TICK,0,110010,0
1762011540930,BTC-PERPETUAL,TICK,0,110010,0
1762011540960,BTC-PERPETUAL,TICK,0,110010,0
1762011540965,BTC-PERPETUAL,TICK,0,110010,0
1762011540993,BTC-PERPETUAL,TICK,0,110010,0
1762011540998,BTC-PERPETUAL,TICK,0,110010,0
1762011541028,BTC-PERPETUAL,TICK,0,115600,0
1762011541032,BTC-PERPETUAL,TICK,0,115600,0
1762011541064,BTC-PERPETUAL,TICK,0,115700,0
1762011541067,BTC-PERPETUAL,TICK,0,115700,0
1762011541098,BTC-PERPETUAL,TICK,0,115800,0
1762011541105,BTC-PERPETUAL,TICK,0,115800,0
1762011541138,BTC-PERPETUAL,TICK,0,115900,0
1762011541143,BTC-PERPETUAL,TICK,0,115900,0
1762011541178,BTC-PERPETUAL,TICK,0,116000,0
1762011541182,BTC-PERPETUAL,TICK,0,116000,0
1762011541322,BTC-PERPETUAL,TICK,0,116100,0
1762011541327,BTC-PERPETUAL,TICK,0,116100,0
1762011541594,BTC-PERPETUAL,TICK,0,116200,0
1762011541599,BTC-PERPETUAL,TICK,0,116200,0
1762011541830,BTC-PERPETUAL,TICK,0,116300,0
1762011541834,BTC-PERPETUAL,TICK,0,116300,0
1762011542089,BTC-PERPETUAL,TICK,0,116400,0
1762011542095,BTC-PERPETUAL,TICK,0,116400,0
1762011542351,BTC-PERPETUAL,TICK,0,116500,0
1762011542355,BTC-PERPETUAL,TICK,0,116500,0
1762011542611,BTC-PERPETUAL,TICK,0,116600,0
1762011542616,BTC-PERPETUAL,TICK,0,116600,0
1762011542877,BTC-PERPETUAL,TICK,0,116700,0
1762011542880,BTC-PERPETUAL,TICK,0,116700,0
1762011542915,ETH-PERPETUAL,TICK,0,3886.5,0
1762011542918,ETH-PERPETUAL,TICK,0,3886.5,0
1762011542943,ETH-PERPETUAL,TICK,0,3883.15,0
1762011542947,ETH-PERPETUAL,TICK,0,3883.15,0
1762011542975,ETH-PERPETUAL,TICK,0,3886.45,0
1762011542981,ETH-PERPETUAL,TICK,0,3886.45,0
1762011543010,ETH-PERPETUAL,TICK,0,3883.35,0
1762011543015,ETH-PERPETUAL,TICK,0,3883.35,0
1762011543047,ETH-PERPETUAL,TICK,0,3886.4,0
1762011543051,ETH-PERPETUAL,TICK,0,3886.4,0
1762011543084,ETH-PERPETUAL,TICK,0,3883.4,0
1762011543088,ETH-PERPETUAL,TICK,0,3883.4,0
1762011543121,ETH-PERPETUAL,TICK,0,3886.15,0
1762011543125,ETH-PERPETUAL,TICK,0,3886.15,0
1762011543159,ETH-PERPETUAL,TICK,0,3883.55,0
1762011543163,ETH-PERPETUAL,TICK,0,3883.55,0
1762011543199,ETH-PERPETUAL,TICK,0,3886.05,0
1762011543204,ETH-PERPETUAL,TICK,0,3886.05,0
1762011543237,ETH-PERPETUAL,TICK,0,3883.6,0
1762011543241,ETH-PERPETUAL,TICK,0,3883.6,0
1762011543272,ETH-PERPETUAL,TICK,0,3886,0
1762011543277,ETH-PERPETUAL,TICK,0,3886,0
1762011543308,ETH-PERPETUAL,TICK,0,3883.65,0
1762011543312,ETH-PERPETUAL,TICK,0,3883.65,0
1762011543342,ETH-PERPETUAL,TICK,0,3885.9,0
1762011543348,ETH-PERPETUAL,TICK,0,3885.9,0
1762011543378,ETH-PERPETUAL,TICK,0,3883.75,0
1762011543382,ETH-PERPETUAL,TICK,0,3883.75,0
1762011543414,BTC-PERPETUAL,TICK,0,116800,0
1762011543419,BTC-PERPETUAL,TICK,0,116800,0
1762011543450,ETH-PERPETUAL,TICK,0,3885.85,0
1762011543457,ETH-PERPETUAL,TICK,0,3885.85,0
1762011543483,ETH-PERPETUAL,TICK,0,3883.8,0
1762011543488,ETH-PERPETUAL,TICK,0,3883.8,0
1762011543517,ETH-PERPETUAL,TICK,0,3885.8,0
1762011543521,ETH-PERPETUAL,TICK,0,3885.8,0
1762011543548,ETH-PERPETUAL,TICK,0,3883.85,0
1762011543553,ETH-PERPETUAL,TICK,0,3883.85,0
1762011543582,ETH-PERPETUAL,TICK,0,3885.75,0
1762011543587,ETH-PERPETUAL,TICK,0,3885.75,0
1762011543616,ETH-PERPETUAL,TICK,0,3883.9,0
1762011543621,ETH-PERPETUAL,TICK,0,3883.9,0
1762011543656,ETH-PERPETUAL,TICK,0,3885.55,0
1762011543661,ETH-PERPETUAL,TICK,0,3885.55,0
1762011543694,ETH-PERPETUAL,TICK,0,3883.95,0
1762011543713,ETH-PERPETUAL,TICK,0,3883.95,0
1762011543726,ETH-PERPETUAL,TICK,0,3885.5,0
1762011543733,ETH-PERPETUAL,TICK,0,3885.5,0
1762011543765,ETH-PERPETUAL,TICK,0,3884,0
1762011543769,ETH-PERPETUAL,TICK,0,3884,0
1762011543799,ETH-PERPETUAL,TICK,0,3885.45,0
1762011543804,ETH-PERPETUAL,TICK,0,3885.45,0
1762011543836,ETH-PERPETUAL,TICK,0,3885.35,0
1762011543840,ETH-PERPETUAL,TICK,0,3885.35,0
1762011543870,ETH-PERPETUAL,TICK,0,3884.1,0
1762011543875,ETH-PERPETUAL,TICK,0,3884.1,0
1762011543906,ETH-PERPETUAL,TICK,0,3885.3,0
1762011543912,ETH-PERPETUAL,TICK,0,3885.3,0
1762011543944,ETH-PERPETUAL,TICK,0,3884.15,0
1762011543949,ETH-PERPETUAL,TICK,0,3884.15,0
1762011543976,BTC-PERPETUAL,TICK,0,116900,0
1762011543981,BTC-PERPETUAL,TICK,0,116900,0
1762011544012,ETH-PERPETUAL,TICK,0,3885.25,0
1762011544017,ETH-PERPETUAL,TICK,0,3885.25,0
1762011544051,ETH-PERPETUAL,TICK,0,3884.25,0
1762011544056,ETH-PERPETUAL,TICK,0,3884.25,0
1762011544085,ETH-PERPETUAL,TICK,0,3885.2,0
1762011544090,ETH-PERPETUAL,TICK,0,3885.2,0
1762011544124,ETH-PERPETUAL,TICK,0,3884.4,0
1762011544131,ETH-PERPETUAL,TICK,0,3884.4,0
1762011544161,ETH-PERPETUAL,TICK,0,3885.05,0
1762011544166,ETH-PERPETUAL,TICK,0,3885.05,0
1762011544202,ETH-PERPETUAL,TICK,0,3884.55,0
1762011544208,ETH-PERPETUAL,TICK,0,3884.55,0
1762011544244,ETH-PERPETUAL,TICK,0,3885,0
1762011544249,ETH-PERPETUAL,TICK,0,3885,0
1762011544283,ETH-PERPETUAL,TICK,0,3884.6,0
1762011544289,ETH-PERPETUAL,TICK,0,3884.6,0
1762011544322,ETH-PERPETUAL,TICK,0,3884.75,0
1762011544326,ETH-PERPETUAL,TICK,0,3884.75,0
1762011544358,ETH-PERPETUAL,TICK,0,3884.65,0
1762011544365,ETH-PERPETUAL,TICK,0,3884.65,0
1762011544400,BTC-PERPETUAL,TICK,0,117000,0
1762011544406,BTC-PERPETUAL,TICK,0,117000,0
1762011544435,BTC-PERPETUAL,TICK,0,117100,0
1762011544440,BTC-PERPETUAL,TICK,0,117100,0
1762011544471,BTC-PERPETUAL,TICK,0,117200,0
1762011544477,BTC-PERPETUAL,TICK,0,117200,0
1762011544509,BTC-PERPETUAL,TICK,0,110038,0
1762011544514,BTC-PERPETUAL,TICK,0,110038,0
1762011544543,BTC-PERPETUAL,TICK,0,109991,0
1762011544547,BTC-PERPETUAL,TICK,0,109991,0
1762011544575,BTC-PERPETUAL,TICK,0,110037,0
1762011544579,BTC-PERPETUAL,TICK,0,110037,0
1762011544611,BTC-PERPETUAL,TICK,0,109993,0
1762011544616,BTC-PERPETUAL,TICK,0,109993,0
1762011544652,BTC-PERPETUAL,TICK,0,117300,0
1762011544658,BTC-PERPETUAL,TICK,0,117300,0
1762011544693,BTC-PERPETUAL,TICK,0,110034,0
1762011544699,BTC-PERPETUAL,TICK,0,110034,0
1762011544736,BTC-PERPETUAL,TICK,0,109994,0
1762011544741,BTC-PERPETUAL,TICK,0,109994,0
1762011544773,BTC-PERPETUAL,TICK,0,110033,0
1762011544779,BTC-PERPETUAL,TICK,0,110033,0
1762011544811,BTC-PERPETUAL,TICK,0,109994,0
1762011544817,BTC-PERPETUAL,TICK,0,109994,0
1762011544853,BTC-PERPETUAL,TICK,0,110032,0
1762011544859,BTC-PERPETUAL,TICK,0,110032,0
1762011544888,BTC-PERPETUAL,TICK,0,109996,0
1762011544893,BTC-PERPETUAL,TICK,0,109996,0
1762011544929,BTC-PERPETUAL,TICK,0,110031,0
1762011544935,BTC-PERPETUAL,TICK,0,110031,0
1762011544964,BTC-PERPETUAL,TICK,0,110000,0
1762011544969,BTC-PERPETUAL,TICK,0,110000,0
1762011545000,BTC-PERPETUAL,TICK,0,110030,0
1762011545005,BTC-PERPETUAL,TICK,0,110030,0
1762011545036,BTC-PERPETUAL,TICK,0,110000,0
1762011545041,BTC-PERPETUAL,TICK,0,110000,0
1762011545072,BTC-PERPETUAL,TICK,0,110030,0
1762011545076,BTC-PERPETUAL,TICK,0,110030,0
1762011545116,BTC-PERPETUAL,TICK,0,110002,0
1762011545120,BTC-PERPETUAL,TICK,0,110002,0
1762011545149,BTC-PERPETUAL,TICK,0,117400,0
1762011545154,BTC-PERPETUAL,TICK,0,117400,0
1762011545185,BTC-PERPETUAL,TICK,0,110030,0
1762011545190,BTC-PERPETUAL,TICK,0,110030,0
1762011545225,BTC-PERPETUAL,TICK,0,110003,0
1762011545229,BTC-PERPETUAL,TICK,0,110003,0
1762011545264,BTC-PERPETUAL,TICK,0,110028,0
1762011545270,BTC-PERPETUAL,TICK,0,110028,0
1762011545302,BTC-PERPETUAL,TICK,0,110005,0
1762011545307,BTC-PERPETUAL,TICK,0,110005,0
1762011545340,BTC-PERPETUAL,TICK,0,110028,0
1762011545344,BTC-PERPETUAL,TICK,0,110028,0
1762011545377,BTC-PERPETUAL,TICK,0,110006,0
1762011545382,BTC-PERPETUAL,TICK,0,110006,0
1762011545412,BTC-PERPETUAL,TICK,0,110024,0
1762011545415,BTC-PERPETUAL,TICK,0,110024,0
1762011545448,BTC-PERPETUAL,TICK,0,110006,0
1762011545453,BTC-PERPETUAL,TICK,0,110006,0
1762011545484,BTC-PERPETUAL,TICK,0,110022,0
1762011545488,BTC-PERPETUAL,TICK,0,110022,0
1762011545517,BTC-PERPETUAL,TICK,0,110006,0
1762011545523,BTC-PERPETUAL,TICK,0,110006,0
1762011545555,BTC-PERPETUAL,TICK,0,110020,0
1762011545558,BTC-PERPETUAL,TICK,0,110020,0
1762011545589,BTC-PERPETUAL,TICK,0,110007,0
1762011545594,BTC-PERPETUAL,TICK,0,110007,0
1762011545624,BTC-PERPETUAL,TICK,0,110018,0
1762011545629,BTC-PERPETUAL,TICK,0,110018,0
1762011545658,BTC-PERPETUAL,TICK,0,110008,0
1762011545661,BTC-PERPETUAL,TICK,0,110008,0
1762011545698,BTC-PERPETUAL,TICK,0,117500,0
1762011545703,BTC-PERPETUAL,TICK,0,117500,0
1762011545736,BTC-PERPETUAL,TICK,0,110017,0
1762011545740,BTC-PERPETUAL,TICK,0,110017,0
1762011545772,BTC-PERPETUAL,TICK,0,110008,0
1762011545777,BTC-PERPETUAL,TICK,0,110008,0
1762011545807,BTC-PERPETUAL,TICK,0,110016,0
1762011545811,BTC-PERPETUAL,TICK,0,110016,0
1762011545844,BTC-PERPETUAL,TICK,0,110008,0
1762011545850,BTC-PERPETUAL,TICK,0,110008,0
1762011545881,BTC-PERPETUAL,TICK,0,110016,0
1762011545887,BTC-PERPETUAL,TICK,0,110016,0
1762011545920,BTC-PERPETUAL,TICK,0,110009,0
1762011545925,BTC-PERPETUAL,TICK,0,110009,0
1762011545956,BTC-PERPETUAL,TICK,0,110016,0
1762011545961,BTC-PERPETUAL,TICK,0,110016,0
1762011545990,BTC-PERPETUAL,TICK,0,110010,0
1762011545994,BTC-PERPETUAL,TICK,0,110010,0
1762011546024,BTC-PERPETUAL,TICK,0,110010,0
1762011546031,BTC-PERPETUAL,TICK,0,110010,0
1762011546062,BTC-PERPETUAL,TICK,0,110010,0
1762011546067,BTC-PERPETUAL,TICK,0,110010,0
1762011546104,BTC-PERPETUAL,TICK,0,117600,0
1762011546109,BTC-PERPETUAL,TICK,0,117600,0
1762011546141,BTC-PERPETUAL,TICK,0,117700,0
1762011546147,BTC-PERPETUAL,TICK,0,117700,0
1762011546181,BTC-PERPETUAL,TICK,0,117800,0
1762011546186,BTC-PERPETUAL,TICK,0,117800,0
1762011546217,BTC-PERPETUAL,TICK,0,117900,0
1762011546221,BTC-PERPETUAL,TICK,0,117900,0
1762011546423,BTC-PERPETUAL,TICK,0,118000,0
1762011546426,BTC-PERPETUAL,TICK,0,118000,0
1762011546735,BTC-PERPETUAL,TICK,0,118100,0
1762011546738,BTC-PERPETUAL,TICK,0,118100,0
1762011546987,BTC-PERPETUAL,TICK,0,118200,0
1762011546991,BTC-PERPETUAL,TICK,0,118200,0
1762011547252,BTC-PERPETUAL,TICK,0,118300,0
1762011547256,BTC-PERPETUAL,TICK,0,118300,0
1762011547514,BTC-PERPETUAL,TICK,0,118400,0
1762011547520,BTC-PERPETUAL,TICK,0,118400,0
1762011547784,BTC-PERPETUAL,TICK,0,118500,0
1762011547787,BTC-PERPETUAL,TICK,0,118500,0
1762011548037,BTC-PERPETUAL,TICK,0,118600,0
1762011548043,BTC-PERPETUAL,TICK,0,118600,0
1762011548189,ETH-PERPETUAL,TICK,0,3886.7,0
1762011548194,ETH-PERPETUAL,TICK,0,3886.7,0
1762011548219,ETH-PERPETUAL,TICK,0,3883.35,0
1762011548222,ETH-PERPETUAL,TICK,0,3883.35,0
1762011548249,ETH-PERPETUAL,TICK,0,3886.6,0
1762011548254,ETH-PERPETUAL,TICK,0,3886.6,0
1762011548278,ETH-PERPETUAL,TICK,0,3883.4,0
1762011548281,ETH-PERPETUAL,TICK,0,3883.4,0
1762011548312,ETH-PERPETUAL,TICK,0,3886.5,0
1762011548317,ETH-PERPETUAL,TICK,0,3886.5,0
1762011548343,ETH-PERPETUAL,TICK,0,3883.55,0
1762011548347,ETH-PERPETUAL,TICK,0,3883.55,0
1762011548386,BTC-PERPETUAL,TICK,0,118700,0
1762011548392,BTC-PERPETUAL,TICK,0,118700,0
1762011548420,ETH-PERPETUAL,TICK,0,3886.4,0
1762011548425,ETH-PERPETUAL,TICK,0,3886.4,0
1762011548456,ETH-PERPETUAL,TICK,0,3883.65,0
1762011548460,ETH-PERPETUAL,TICK,0,3883.65,0
1762011548488,ETH-PERPETUAL,TICK,0,3886.35,0
1762011548492,ETH-PERPETUAL,TICK,0,3886.35,0
1762011548525,ETH-PERPETUAL,TICK,0,3883.8,0
1762011548530,ETH-PERPETUAL,TICK,0,3883.8,0
1762011548559,ETH-PERPETUAL,TICK,0,3886.2,0
1762011548564,ETH-PERPETUAL,TICK,0,3886.2,0
1762011548595,ETH-PERPETUAL,TICK,0,3883.85,0
1762011548599,ETH-PERPETUAL,TICK,0,3883.85,0
1762011548629,ETH-PERPETUAL,TICK,0,3886.15,0
1762011548634,ETH-PERPETUAL,TICK,0,3886.15,0
1762011548662,ETH-PERPETUAL,TICK,0,3883.9,0
1762011548667,ETH-PERPETUAL,TICK,0,3883.9,0
1762011548693,ETH-PERPETUAL,TICK,0,3886.05,0
1762011548698,ETH-PERPETUAL,TICK,0,3886.05,0
1762011548732,ETH-PERPETUAL,TICK,0,3884,0
1762011548737,ETH-PERPETUAL,TICK,0,3884,0
1762011548768,ETH-PERPETUAL,TICK,0,3886,0
1762011548774,ETH-PERPETUAL,TICK,0,3886,0
1762011548806,ETH-PERPETUAL,TICK,0,3884.05,0
1762011548810,ETH-PERPETUAL,TICK,0,3884.05,0
1762011548840,BTC-PERPETUAL,TICK,0,118800,0
1762011548847,BTC-PERPETUAL,TICK,0,118800,0
1762011548881,ETH-PERPETUAL,TICK,0,3885.95,0
1762011548885,ETH-PERPETUAL,TICK,0,3885.95,0
1762011548916,ETH-PERPETUAL,TICK,0,3884.1,0
1762011548921,ETH-PERPETUAL,TICK,0,3884.1,0
1762011548953,ETH-PERPETUAL,TICK,0,3885.85,0
1762011548957,ETH-PERPETUAL,TICK,0,3885.85,0
1762011548992,ETH-PERPETUAL,TICK,0,3884.15,0
1762011548996,ETH-PERPETUAL,TICK,0,3884.15,0
1762011549027,ETH-PERPETUAL,TICK,0,3885.8,0
1762011549032,ETH-PERPETUAL,TICK,0,3885.8,0
1762011549061,ETH-PERPETUAL,TICK,0,3884.25,0
1762011549067,ETH-PERPETUAL,TICK,0,3884.25,0
1762011549095,ETH-PERPETUAL,TICK,0,3885.75,0
1762011549100,ETH-PERPETUAL,TICK,0,3885.75,0
1762011549131,ETH-PERPETUAL,TICK,0,3884.35,0
1762011549135,ETH-PERPETUAL,TICK,0,3884.35,0
1762011549165,ETH-PERPETUAL,TICK,0,3885.7,0
1762011549170,ETH-PERPETUAL,TICK,0,3885.7,0
1762011549201,ETH-PERPETUAL,TICK,0,3884.4,0
1762011549207,ETH-PERPETUAL,TICK,0,3884.4,0
1762011549238,ETH-PERPETUAL,TICK,0,3885.65,0
1762011549243,ETH-PERPETUAL,TICK,0,3885.65,0
1762011549276,ETH-PERPETUAL,TICK,0,3884.5,0
1762011549282,ETH-PERPETUAL,TICK,0,3884.5,0
1762011549315,BTC-PERPETUAL,TICK,0,118900,0
1762011549320,BTC-PERPETUAL,TICK,0,118900,0
1762011549352,ETH-PERPETUAL,TICK,0,3885.6,0
1762011549356,ETH-PERPETUAL,TICK,0,3885.6,0
1762011549388,ETH-PERPETUAL,TICK,0,3884.55,0
1762011549392,ETH-PERPETUAL,TICK,0,3884.55,0
1762011549424,ETH-PERPETUAL,TICK,0,3885.5,0
1762011549429,ETH-PERPETUAL,TICK,0,3885.5,0
1762011549461,ETH-PERPETUAL,TICK,0,3884.8,0
1762011549467,ETH-PERPETUAL,TICK,0,3884.8,0
1762011549495,ETH-PERPETUAL,TICK,0,3885.45,0
1762011549500,ETH-PERPETUAL,TICK,0,3885.45,0
1762011549531,ETH-PERPETUAL,TICK,0,3884.85,0
1762011549537,ETH-PERPETUAL,TICK,0,3884.85,0
1762011549565,ETH-PERPETUAL,TICK,0,3885.4,0
1762011549571,ETH-PERPETUAL,TICK,0,3885.4,0
1762011549608,ETH-PERPETUAL,TICK,0,3884.9,0
1762011549613,ETH-PERPETUAL,TICK,0,3884.9,0
1762011549646,ETH-PERPETUAL,TICK,0,3885.05,0
1762011549651,ETH-PERPETUAL,TICK,0,3885.05,0
1762011549685,ETH-PERPETUAL,TICK,0,3885,0
1762011549688,ETH-PERPETUAL,TICK,0,3885,0
1762011549722,BTC-PERPETUAL,TICK,0,119000,0
1762011549725,BTC-PERPETUAL,TICK,0,119000,0
1762011549753,BTC-PERPETUAL,TICK,0,119100,0
1762011549758,BTC-PERPETUAL,TICK,0,119100,0
1762011549792,BTC-PERPETUAL,TICK,0,119200,0
1762011549797,BTC-PERPETUAL,TICK,0,119200,0
1762011549829,BTC-PERPETUAL,TICK,0,110033,0
1762011549833,BTC-PERPETUAL,TICK,0,110033,0
1762011549867,BTC-PERPETUAL,TICK,0,109992,0
1762011549872,BTC-PERPETUAL,TICK,0,109992,0
1762011549905,BTC-PERPETUAL,TICK,0,110032,0
1762011549911,BTC-PERPETUAL,TICK,0,110032,0
1762011549940,BTC-PERPETUAL,TICK,0,109993,0
1762011549944,BTC-PERPETUAL,TICK,0,109993,0
1762011549976,BTC-PERPETUAL,TICK,0,110032,0
1762011549981,BTC-PERPETUAL,TICK,0,110032,0
1762011550012,BTC-PERPETUAL,TICK,0,109994,0
1762011550018,BTC-PERPETUAL,TICK,0,109994,0
1762011550053,BTC-PERPETUAL,TICK,0,119300,0
1762011550058,BTC-PERPETUAL,TICK,0,119300,0
1762011550098,BTC-PERPETUAL,TICK,0,110028,0
1762011550105,BTC-PERPETUAL,TICK,0,110028,0
1762011550138,BTC-PERPETUAL,TICK,0,109994,0
1762011550142,BTC-PERPETUAL,TICK,0,109994,0
1762011550176,BTC-PERPETUAL,TICK,0,110028,0
1762011550180,BTC-PERPETUAL,TICK,0,110028,0
1762011550209,BTC-PERPETUAL,TICK,0,109994,0
1762011550214,BTC-PERPETUAL,TICK,0,109994,0
1762011550244,BTC-PERPETUAL,TICK,0,110027,0
1762011550248,BTC-PERPETUAL,TICK,0,110027,0
1762011550287,BTC-PERPETUAL,TICK,0,109996,0
1762011550294,BTC-PERPETUAL,TICK,0,109996,0
1762011550328,BTC-PERPETUAL,TICK,0,110026,0
1762011550331,BTC-PERPETUAL,TICK,0,110026,0
1762011550366,BTC-PERPETUAL,TICK,0,110000,0
1762011550370,BTC-PERPETUAL,TICK,0,110000,0
1762011550404,BTC-PERPETUAL,TICK,0,110026,0
1762011550409,BTC-PERPETUAL,TICK,0,110026,0
1762011550443,BTC-PERPETUAL,TICK,0,110000,0
1762011550448,BTC-PERPETUAL,TICK,0,110000,0
1762011550479,BTC-PERPETUAL,TICK,0,110000,0
1762011550485,BTC-PERPETUAL,TICK,0,110000,0
1762011550517,BTC-PERPETUAL,TICK,0,119400,0
1762011550522,BTC-PERPETUAL,TICK,0,119400,0
1762011550555,BTC-PERPETUAL,TICK,0,110022,0
1762011550559,BTC-PERPETUAL,TICK,0,110022,0
1762011550592,BTC-PERPETUAL,TICK,0,110002,0
1762011550598,BTC-PERPETUAL,TICK,0,110002,0
1762011550632,BTC-PERPETUAL,TICK,0,110022,0
1762011550636,BTC-PERPETUAL,TICK,0,110022,0
1762011550670,BTC-PERPETUAL,TICK,0,110021,0
1762011550675,BTC-PERPETUAL,TICK,0,110021,0
1762011550706,BTC-PERPETUAL,TICK,0,110006,0
1762011550710,BTC-PERPETUAL,TICK,0,110006,0
1762011550740,BTC-PERPETUAL,TICK,0,110020,0
1762011550744,BTC-PERPETUAL,TICK,0,110020,0
1762011550777,BTC-PERPETUAL,TICK,0,110006,0
1762011550783,BTC-PERPETUAL,TICK,0,110006,0
1762011550816,BTC-PERPETUAL,TICK,0,110018,0
1762011550821,BTC-PERPETUAL,TICK,0,110018,0
1762011550851,BTC-PERPETUAL,TICK,0,110007,0
1762011550856,BTC-PERPETUAL,TICK,0,110007,0
1762011550887,BTC-PERPETUAL,TICK,0,110017,0
1762011550892,BTC-PERPETUAL,TICK,0,110017,0
1762011550927,BTC-PERPETUAL,TICK,0,110008,0
1762011550933,BTC-PERPETUAL,TICK,0,110008,0
1762011550963,BTC-PERPETUAL,TICK,0,110016,0
1762011550970,BTC-PERPETUAL,TICK,0,110016,0
1762011551000,BTC-PERPETUAL,TICK,0,110008,0
1762011551004,BTC-PERPETUAL,TICK,0,110008,0
1762011551036,BTC-PERPETUAL,TICK,0,119500,0
1762011551042,BTC-PERPETUAL,TICK,0,119500,0
1762011551080,BTC-PERPETUAL,TICK,0,110016,0
1762011551087,BTC-PERPETUAL,TICK,0,110016,0
1762011551121,BTC-PERPETUAL,TICK,0,110008,0
1762011551125,BTC-PERPETUAL,TICK,0,110008,0
1762011551156,BTC-PERPETUAL,TICK,0,110016,0
1762011551161,BTC-PERPETUAL,TICK,0,110016,0
1762011551192,BTC-PERPETUAL,TICK,0,110009,0
1762011551197,BTC-PERPETUAL,TICK,0,110009,0
1762011551228,BTC-PERPETUAL,TICK,0,110014,0
1762011551232,BTC-PERPETUAL,TICK,0,110014,0
1762011551264,BTC-PERPETUAL,TICK,0,110010,0
1762011551269,BTC-PERPETUAL,TICK,0,110010,0
1762011551303,BTC-PERPETUAL,TICK,0,110010,0
1762011551308,BTC-PERPETUAL,TICK,0,110010,0
1762011551340,BTC-PERPETUAL,TICK,0,110010,0
1762011551344,BTC-PERPETUAL,TICK,0,110010,0
1762011551377,BTC-PERPETUAL,TICK,0,119600,0
1762011551382,BTC-PERPETUAL,TICK,0,119600,0
1762011551412,BTC-PERPETUAL,TICK,0,119700,0
1762011551417,BTC-PERPETUAL,TICK,0,119700,0
1762011551447,BTC-PERPETUAL,TICK,0,119800,0
1762011551451,BTC-PERPETUAL,TICK,0,119800,0
1762011551482,BTC-PERPETUAL,TICK,0,119900,0
1762011551490,BTC-PERPETUAL,TICK,0,119900,0
1762011551725,BTC-PERPETUAL,TICK,0,120000,0
1762011551732,BTC-PERPETUAL,TICK,0,120000,0
1762011552005,BTC-PERPETUAL,TICK,0,120100,0
1762011552014,BTC-PERPETUAL,TICK,0,120100,0
1762011552266,BTC-PERPETUAL,TICK,0,120200,0
1762011552273,BTC-PERPETUAL,TICK,0,120200,0
1762011552543,BTC-PERPETUAL,TICK,0,120300,0
1762011552545,BTC-PERPETUAL,TICK,0,120300,0
1762011552794,BTC-PERPETUAL,TICK,0,120400,0
1762011552801,BTC-PERPETUAL,TICK,0,120400,0
1762011553081,BTC-PERPETUAL,TICK,0,120500,0
1762011553084,BTC-PERPETUAL,TICK,0,120500,0
1762011553377,BTC-PERPETUAL,TICK,0,120600,0
1762011553382,BTC-PERPETUAL,TICK,0,120600,0
1762011553476,ETH-PERPETUAL,TICK,0,3886.9,0
1762011553481,ETH-PERPETUAL,TICK,0,3886.9,0
1762011553514,ETH-PERPETUAL,TICK,0,3883.55,0
1762011553519,ETH-PERPETUAL,TICK,0,3883.55,0
1762011553551,ETH-PERPETUAL,TICK,0,3886.8,0
1762011553556,ETH-PERPETUAL,TICK,0,3886.8,0
1762011553584,ETH-PERPETUAL,TICK,0,3883.6,0
1762011553591,ETH-PERPETUAL,TICK,0,3883.6,0
1762011553631,ETH-PERPETUAL,TICK,0,3886.75,0
1762011553637,ETH-PERPETUAL,TICK,0,3886.75,0
1762011553671,ETH-PERPETUAL,TICK,0,3883.65,0
1762011553677,ETH-PERPETUAL,TICK,0,3883.65,0
1762011553706,ETH-PERPETUAL,TICK,0,3886.7,0
1762011553710,ETH-PERPETUAL,TICK,0,3886.7,0
1762011553741,ETH-PERPETUAL,TICK,0,3883.8,0
1762011553745,ETH-PERPETUAL,TICK,0,3883.8,0
1762011553771,BTC-PERPETUAL,TICK,0,120700,0
1762011553776,BTC-PERPETUAL,TICK,0,120700,0
1762011553811,ETH-PERPETUAL,TICK,0,3886.6,0
1762011553816,ETH-PERPETUAL,TICK,0,3886.6,0
1762011553845,ETH-PERPETUAL,TICK,0,3884,0
1762011553849,ETH-PERPETUAL,TICK,0,3884,0
1762011553882,ETH-PERPETUAL,TICK,0,3886.5,0
1762011553889,ETH-PERPETUAL,TICK,0,3886.5,0
1762011553919,ETH-PERPETUAL,TICK,0,3884.05,0
1762011553923,ETH-PERPETUAL,TICK,0,3884.05,0
1762011553955,ETH-PERPETUAL,TICK,0,3886.45,0
1762011553961,ETH-PERPETUAL,TICK,0,3886.45,0
1762011553992,ETH-PERPETUAL,TICK,0,3884.1,0
1762011553996,ETH-PERPETUAL,TICK,0,3884.1,0
1762011554026,ETH-PERPETUAL,TICK,0,3886.4,0
1762011554031,ETH-PERPETUAL,TICK,0,3886.4,0
1762011554059,ETH-PERPETUAL,TICK,0,3884.15,0
1762011554064,ETH-PERPETUAL,TICK,0,3884.15,0
1762011554095,ETH-PERPETUAL,TICK,0,3886.35,0
1762011554101,ETH-PERPETUAL,TICK,0,3886.35,0
1762011554132,ETH-PERPETUAL,TICK,0,3884.25,0
1762011554135,ETH-PERPETUAL,TICK,0,3884.25,0
1762011554170,ETH-PERPETUAL,TICK,0,3886.25,0
1762011554175,ETH-PERPETUAL,TICK,0,3886.25,0
1762011554205,ETH-PERPETUAL,TICK,0,3884.3,0
1762011554209,ETH-PERPETUAL,TICK,0,3884.3,0
1762011554238,ETH-PERPETUAL,TICK,0,3886.2,0
1762011554242,ETH-PERPETUAL,TICK,0,3886.2,0
1762011554272,ETH-PERPETUAL,TICK,0,3884.35,0
1762011554279,ETH-PERPETUAL,TICK,0,3884.35,0
1762011554311,BTC-PERPETUAL,TICK,0,120800,0
1762011554317,BTC-PERPETUAL,TICK,0,120800,0
1762011554347,ETH-PERPETUAL,TICK,0,3886.15,0
1762011554353,ETH-PERPETUAL,TICK,0,3886.15,0
1762011554383,ETH-PERPETUAL,TICK,0,3884.4,0
1762011554387,ETH-PERPETUAL,TICK,0,3884.4,0
1762011554417,ETH-PERPETUAL,TICK,0,3886.05,0
1762011554420,ETH-PERPETUAL,TICK,0,3886.05,0
1762011554450,ETH-PERPETUAL,TICK,0,3884.55,0
1762011554454,ETH-PERPETUAL,TICK,0,3884.55,0
1762011554489,ETH-PERPETUAL,TICK,0,3886,0
1762011554493,ETH-PERPETUAL,TICK,0,3886,0
1762011554524,ETH-PERPETUAL,TICK,0,3884.6,0
1762011554532,ETH-PERPETUAL,TICK,0,3884.6,0
1762011554566,ETH-PERPETUAL,TICK,0,3885.9,0
1762011554571,ETH-PERPETUAL,TICK,0,3885.9,0
1762011554605,ETH-PERPETUAL,TICK,0,3884.65,0
1762011554610,ETH-PERPETUAL,TICK,0,3884.65,0
1762011554640,ETH-PERPETUAL,TICK,0,3885.85,0
1762011554646,ETH-PERPETUAL,TICK,0,3885.85,0
1762011554676,ETH-PERPETUAL,TICK,0,3884.9,0
1762011554680,ETH-PERPETUAL,TICK,0,3884.9,0
1762011554708,ETH-PERPETUAL,TICK,0,3885.8,0
1762011554713,ETH-PERPETUAL,TICK,0,3885.8,0
1762011554745,ETH-PERPETUAL,TICK,0,3885,0
1762011554749,ETH-PERPETUAL,TICK,0,3885,0
1762011554779,ETH-PERPETUAL,TICK,0,3885.75,0
1762011554784,ETH-PERPETUAL,TICK,0,3885.75,0
1762011554819,ETH-PERPETUAL,TICK,0,3885.15,0
1762011554824,ETH-PERPETUAL,TICK,0,3885.15,0
1762011554853,BTC-PERPETUAL,TICK,0,120900,0
1762011554858,BTC-PERPETUAL,TICK,0,120900,0
1762011554887,ETH-PERPETUAL,TICK,0,3885.5,0
1762011554893,ETH-PERPETUAL,TICK,0,3885.5,0
1762011554923,ETH-PERPETUAL,TICK,0,3885.25,0
1762011554927,ETH-PERPETUAL,TICK,0,3885.25,0
1762011554964,ETH-PERPETUAL,TICK,0,3885.35,0
1762011554968,ETH-PERPETUAL,TICK,0,3885.35,0
1762011555000,ETH-PERPETUAL,TICK,0,3885.3,0
1762011555006,ETH-PERPETUAL,TICK,0,3885.3,0
1762011555036,BTC-PERPETUAL,TICK,0,121000,0
1762011555039,BTC-PERPETUAL,TICK,0,121000,0
1762011555071,BTC-PERPETUAL,TICK,0,121100,0
1762011555074,BTC-PERPETUAL,TICK,0,121100,0
1762011555106,BTC-PERPETUAL,TICK,0,110039,0
1762011555111,BTC-PERPETUAL,TICK,0,110039,0
1762011555145,BTC-PERPETUAL,TICK,0,109994,0
1762011555152,BTC-PERPETUAL,TICK,0,109994,0
1762011555187,BTC-PERPETUAL,TICK,0,110038,0
1762011555192,BTC-PERPETUAL,TICK,0,110038,0
1762011555236,BTC-PERPETUAL,TICK,0,109994,0
1762011555243,BTC-PERPETUAL,TICK,0,109994,0
1762011555276,BTC-PERPETUAL,TICK,0,121200,0
1762011555282,BTC-PERPETUAL,TICK,0,121200,0
1762011555311,BTC-PERPETUAL,TICK,0,110037,0
1762011555317,BTC-PERPETUAL,TICK,0,110037,0
1762011555351,BTC-PERPETUAL,TICK,0,109996,0
1762011555356,BTC-PERPETUAL,TICK,0,109996,0
1762011555391,BTC-PERPETUAL,TICK,0,110036,0
1762011555397,BTC-PERPETUAL,TICK,0,110036,0
1762011555429,BTC-PERPETUAL,TICK,0,109996,0
1762011555434,BTC-PERPETUAL,TICK,0,109996,0
1762011555470,BTC-PERPETUAL,TICK,0,110034,0
1762011555472,BTC-PERPETUAL,TICK,0,110034,0
1762011555506,BTC-PERPETUAL,TICK,0,109997,0
1762011555511,BTC-PERPETUAL,TICK,0,109997,0
1762011555544,BTC-PERPETUAL,TICK,0,110034,0
1762011555547,BTC-PERPETUAL,TICK,0,110034,0
1762011555580,BTC-PERPETUAL,TICK,0,109998,0
1762011555584,BTC-PERPETUAL,TICK,0,109998,0
1762011555622,BTC-PERPETUAL,TICK,0,110033,0
1762011555627,BTC-PERPETUAL,TICK,0,110033,0
1762011555663,BTC-PERPETUAL,TICK,0,110000,0
1762011555667,BTC-PERPETUAL,TICK,0,110000,0
1762011555700,BTC-PERPETUAL,TICK,0,110032,0
1762011555705,BTC-PERPETUAL,TICK,0,110032,0
1762011555735,BTC-PERPETUAL,TICK,0,110000,0
1762011555740,BTC-PERPETUAL,TICK,0,110000,0
1762011555781,BTC-PERPETUAL,TICK,0,110028,0
1762011555785,BTC-PERPETUAL,TICK,0,110028,0
1762011555821,BTC-PERPETUAL,TICK,0,110000,0
1762011555826,BTC-PERPETUAL,TICK,0,110000,0
1762011555858,BTC-PERPETUAL,TICK,0,121300,0
1762011555864,BTC-PERPETUAL,TICK,0,121300,0
1762011555896,BTC-PERPETUAL,TICK,0,110027,0
1762011555901,BTC-PERPETUAL,TICK,0,110027,0
1762011555932,BTC-PERPETUAL,TICK,0,110002,0
1762011555938,BTC-PERPETUAL,TICK,0,110002,0
1762011555971,BTC-PERPETUAL,TICK,0,110024,0
1762011555979,BTC-PERPETUAL,TICK,0,110024,0
1762011556011,BTC-PERPETUAL,TICK,0,110005,0
1762011556016,BTC-PERPETUAL,TICK,0,110005,0
1762011556047,BTC-PERPETUAL,TICK,0,110023,0
1762011556052,BTC-PERPETUAL,TICK,0,110023,0
1762011556084,BTC-PERPETUAL,TICK,0,110006,0
1762011556089,BTC-PERPETUAL,TICK,0,110006,0
1762011556118,BTC-PERPETUAL,TICK,0,110022,0
1762011556125,BTC-PERPETUAL,TICK,0,110022,0
1762011556153,BTC-PERPETUAL,TICK,0,110006,0
1762011556158,BTC-PERPETUAL,TICK,0,110006,0
1762011556188,BTC-PERPETUAL,TICK,0,110022,0
1762011556192,BTC-PERPETUAL,TICK,0,110022,0
1762011556226,BTC-PERPETUAL,TICK,0,110007,0
1762011556231,BTC-PERPETUAL,TICK,0,110007,0
1762011556263,BTC-PERPETUAL,TICK,0,110019,0
1762011556267,BTC-PERPETUAL,TICK,0,110019,0
1762011556303,BTC-PERPETUAL,TICK,0,110008,0
1762011556309,BTC-PERPETUAL,TICK,0,110008,0
1762011556343,BTC-PERPETUAL,TICK,0,121400,0
1762011556350,BTC-PERPETUAL,TICK,0,121400,0
1762011556384,BTC-PERPETUAL,TICK,0,110018,0
1762011556390,BTC-PERPETUAL,TICK,0,110018,0
1762011556421,BTC-PERPETUAL,TICK,0,110008,0
1762011556425,BTC-PERPETUAL,TICK,0,110008,0
1762011556460,BTC-PERPETUAL,TICK,0,110018,0
1762011556466,BTC-PERPETUAL,TICK,0,110018,0
1762011556499,BTC-PERPETUAL,TICK,0,110008,0
1762011556504,BTC-PERPETUAL,TICK,0,110008,0
1762011556535,BTC-PERPETUAL,TICK,0,110017,0
1762011556539,BTC-PERPETUAL,TICK,0,110017,0
1762011556570,BTC-PERPETUAL,TICK,0,110009,0
1762011556574,BTC-PERPETUAL,TICK,0,110009,0
1762011556605,BTC-PERPETUAL,TICK,0,110016,0
1762011556610,BTC-PERPETUAL,TICK,0,110016,0
1762011556643,BTC-PERPETUAL,TICK,0,110010,0
1762011556646,BTC-PERPETUAL,TICK,0,110010,0
1762011556677,BTC-PERPETUAL,TICK,0,110010,0
1762011556682,BTC-PERPETUAL,TICK,0,110010,0
1762011556720,BTC-PERPETUAL,TICK,0,110010,0
1762011556723,BTC-PERPETUAL,TICK,0,110010,0
1762011556755,BTC-PERPETUAL,TICK,0,121500,0
1762011556760,BTC-PERPETUAL,TICK,0,121500,0
1762011556791,BTC-PERPETUAL,TICK,0,121600,0
1762011556795,BTC-PERPETUAL,TICK,0,121600,0
1762011556827,BTC-PERPETUAL,TICK,0,121700,0
1762011556834,BTC-PERPETUAL,TICK,0,121700,0
1762011556872,BTC-PERPETUAL,TICK,0,121800,0
1762011556878,BTC-PERPETUAL,TICK,0,121800,0
1762011557149,BTC-PERPETUAL,TICK,0,121900,0
1762011557152,BTC-PERPETUAL,TICK,0,121900,0
1762011557433,BTC-PERPETUAL,TICK,0,122000,0
1762011557438,BTC-PERPETUAL,TICK,0,122000,0
1762011557674,BTC-PERPETUAL,TICK,0,122100,0
1762011557679,BTC-PERPETUAL,TICK,0,122100,0
1762011557935,BTC-PERPETUAL,TICK,0,122200,0
1762011557943,BTC-PERPETUAL,TICK,0,122200,0
1762011558185,BTC-PERPETUAL,TICK,0,122300,0
1762011558190,BTC-PERPETUAL,TICK,0,122300,0
1762011558478,BTC-PERPETUAL,TICK,0,122400,0
1762011558492,BTC-PERPETUAL,TICK,0,122400,0
1762011558754,BTC-PERPETUAL,TICK,0,122500,0
1762011558757,BTC-PERPETUAL,TICK,0,122500,0
1762011558791,ETH-PERPETUAL,TICK,0,3887.25,0
1762011558801,ETH-PERPETUAL,TICK,0,3887.25,0
1762011558832,ETH-PERPETUAL,TICK,0,3883.65,0
1762011558838,ETH-PERPETUAL,TICK,0,3883.65,0
1762011558871,ETH-PERPETUAL,TICK,0,3887.2,0
1762011558875,ETH-PERPETUAL,TICK,0,3887.2,0
1762011558916,ETH-PERPETUAL,TICK,0,3883.75,0
1762011558921,ETH-PERPETUAL,TICK,0,3883.75,0
1762011558951,ETH-PERPETUAL,TICK,0,3887.15,0
1762011558961,ETH-PERPETUAL,TICK,0,3887.15,0
1762011558993,ETH-PERPETUAL,TICK,0,3883.8,0
1762011558998,ETH-PERPETUAL,TICK,0,3883.8,0
1762011559031,ETH-PERPETUAL,TICK,0,3887.1,0
1762011559037,ETH-PERPETUAL,TICK,0,3887.1,0
1762011559066,ETH-PERPETUAL,TICK,0,3884,0
1762011559073,ETH-PERPETUAL,TICK,0,3884,0
1762011559111,ETH-PERPETUAL,TICK,0,3886.95,0
1762011559116,ETH-PERPETUAL,TICK,0,3886.95,0
1762011559148,ETH-PERPETUAL,TICK,0,3884.05,0
1762011559155,ETH-PERPETUAL,TICK,0,3884.05,0
1762011559190,ETH-PERPETUAL,TICK,0,3886.9,0
1762011559196,ETH-PERPETUAL,TICK,0,3886.9,0
1762011559234,ETH-PERPETUAL,TICK,0,3884.1,0
1762011559239,ETH-PERPETUAL,TICK,0,3884.1,0
1762011559274,ETH-PERPETUAL,TICK,0,3886.85,0
1762011559279,ETH-PERPETUAL,TICK,0,3886.85,0
1762011559309,ETH-PERPETUAL,TICK,0,3884.15,0
1762011559313,ETH-PERPETUAL,TICK,0,3884.15,0
1762011559345,BTC-PERPETUAL,TICK,0,122600,0
1762011559350,BTC-PERPETUAL,TICK,0,122600,0
1762011559380,BTC-PERPETUAL,TICK,0,110010,0
1762011559384,BTC-PERPETUAL,TICK,0,110010,0
1762011559417,ETH-PERPETUAL,TICK,0,3886.8,0
1762011559421,ETH-PERPETUAL,TICK,0,3886.8,0
1762011559451,ETH-PERPETUAL,TICK,0,3884.25,0
1762011559455,ETH-PERPETUAL,TICK,0,3884.25,0
1762011559486,ETH-PERPETUAL,TICK,0,3886.75,0
1762011559492,ETH-PERPETUAL,TICK,0,3886.75,0
1762011559519,ETH-PERPETUAL,TICK,0,3884.3,0
1762011559525,ETH-PERPETUAL,TICK,0,3884.3,0
1762011559555,ETH-PERPETUAL,TICK,0,3886.65,0
1762011559559,ETH-PERPETUAL,TICK,0,3886.65,0
1762011559589,ETH-PERPETUAL,TICK,0,3884.4,0
1762011559594,ETH-PERPETUAL,TICK,0,3884.4,0
1762011559625,ETH-PERPETUAL,TICK,0,3886.5,0
1762011559631,ETH-PERPETUAL,TICK,0,3886.5,0
1762011559664,ETH-PERPETUAL,TICK,0,3884.45,0
1762011559673,ETH-PERPETUAL,TICK,0,3884.45,0
1762011559706,ETH-PERPETUAL,TICK,0,3886.4,0
1762011559710,ETH-PERPETUAL,TICK,0,3886.4,0
1762011559739,ETH-PERPETUAL,TICK,0,3884.5,0
1762011559745,ETH-PERPETUAL,TICK,0,3884.5,0
1762011559773,ETH-PERPETUAL,TICK,0,3886.25,0
1762011559782,ETH-PERPETUAL,TICK,0,3886.25,0
1762011559812,ETH-PERPETUAL,TICK,0,3884.55,0
1762011559817,ETH-PERPETUAL,TICK,0,3884.55,0
1762011559845,ETH-PERPETUAL,TICK,0,3886.15,0
1762011559850,ETH-PERPETUAL,TICK,0,3886.15,0
1762011559887,ETH-PERPETUAL,TICK,0,3884.6,0
1762011559895,ETH-PERPETUAL,TICK,0,3884.6,0
1762011559930,BTC-PERPETUAL,TICK,0,122700,0
1762011559933,BTC-PERPETUAL,TICK,0,122700,0
1762011559961,ETH-PERPETUAL,TICK,0,3886.05,0
1762011559966,ETH-PERPETUAL,TICK,0,3886.05,0
1762011559995,ETH-PERPETUAL,TICK,0,3884.65,0
1762011560000,ETH-PERPETUAL,TICK,0,3884.65,0
1762011560028,ETH-PERPETUAL,TICK,0,3886,0
1762011560035,ETH-PERPETUAL,TICK,0,3886,0
1762011560065,ETH-PERPETUAL,TICK,0,3884.85,0
1762011560071,ETH-PERPETUAL,TICK,0,3884.85,0
1762011560101,ETH-PERPETUAL,TICK,0,3885.85,0
1762011560106,ETH-PERPETUAL,TICK,0,3885.85,0
1762011560143,ETH-PERPETUAL,TICK,0,3885,0
1762011560147,ETH-PERPETUAL,TICK,0,3885,0
1762011560182,ETH-PERPETUAL,TICK,0,3885.8,0
1762011560188,ETH-PERPETUAL,TICK,0,3885.8,0
1762011560219,ETH-PERPETUAL,TICK,0,3885.15,0
1762011560223,ETH-PERPETUAL,TICK,0,3885.15,0
1762011560255,ETH-PERPETUAL,TICK,0,3885.75,0
1762011560259,ETH-PERPETUAL,TICK,0,3885.75,0
1762011560288,ETH-PERPETUAL,TICK,0,3885.25,0
1762011560293,ETH-PERPETUAL,TICK,0,3885.25,0
1762011560323,ETH-PERPETUAL,TICK,0,3885.35,0
1762011560327,ETH-PERPETUAL,TICK,0,3885.35,0
1762011560356,ETH-PERPETUAL,TICK,0,3885.3,0
1762011560361,ETH-PERPETUAL,TICK,0,3885.3,0
1762011560394,BTC-PERPETUAL,TICK,0,122800,0
1762011560400,BTC-PERPETUAL,TICK,0,122800,0
1762011560432,BTC-PERPETUAL,TICK,0,122900,0
1762011560436,BTC-PERPETUAL,TICK,0,122900,0
1762011560466,BTC-PERPETUAL,TICK,0,123000,0
1762011560470,BTC-PERPETUAL,TICK,0,123000,0
1762011560501,BTC-PERPETUAL,TICK,0,110010,0
1762011560505,BTC-PERPETUAL,TICK,0,110010,0
1762011560533,BTC-PERPETUAL,TICK,0,109991,0
1762011560538,BTC-PERPETUAL,TICK,0,109991,0
1762011560565,BTC-PERPETUAL,TICK,0,110032,0
1762011560571,BTC-PERPETUAL,TICK,0,110032,0
1762011560603,BTC-PERPETUAL,TICK,0,109992,0
1762011560608,BTC-PERPETUAL,TICK,0,109992,0
1762011560640,BTC-PERPETUAL,TICK,0,123100,0
1762011560643,BTC-PERPETUAL,TICK,0,123100,0
1762011560676,BTC-PERPETUAL,TICK,0,110032,0
1762011560682,BTC-PERPETUAL,TICK,0,110032,0
1762011560719,BTC-PERPETUAL,TICK,0,109993,0
1762011560726,BTC-PERPETUAL,TICK,0,109993,0
1762011560763,BTC-PERPETUAL,TICK,0,110028,0
1762011560768,BTC-PERPETUAL,TICK,0,110028,0
1762011560812,BTC-PERPETUAL,TICK,0,109994,0
1762011560818,BTC-PERPETUAL,TICK,0,109994,0
1762011560854,BTC-PERPETUAL,TICK,0,110027,0
1762011560859,BTC-PERPETUAL,TICK,0,110027,0
1762011560893,BTC-PERPETUAL,TICK,0,109994,0
1762011560898,BTC-PERPETUAL,TICK,0,109994,0
1762011560931,BTC-PERPETUAL,TICK,0,110026,0
1762011560936,BTC-PERPETUAL,TICK,0,110026,0
1762011560971,BTC-PERPETUAL,TICK,0,109996,0
1762011560975,BTC-PERPETUAL,TICK,0,109996,0
1762011561012,BTC-PERPETUAL,TICK,0,0,0
1762011561017,BTC-PERPETUAL,TICK,0,0,0
1762011561054,BTC-PERPETUAL,TICK,0,110000,0
1762011561060,BTC-PERPETUAL,TICK,0,110000,0
1762011561093,BTC-PERPETUAL,TICK,0,110024,0
1762011561097,BTC-PERPETUAL,TICK,0,110024,0
1762011561132,BTC-PERPETUAL,TICK,0,110000,0
1762011561138,BTC-PERPETUAL,TICK,0,110000,0
1762011561171,BTC-PERPETUAL,TICK,0,110023,0
1762011561177,BTC-PERPETUAL,TICK,0,110023,0
1762011561212,BTC-PERPETUAL,TICK,0,110002,0
1762011561217,BTC-PERPETUAL,TICK,0,110002,0
1762011561251,BTC-PERPETUAL,TICK,0,123200,0
1762011561257,BTC-PERPETUAL,TICK,0,123200,0
1762011561292,BTC-PERPETUAL,TICK,0,110022,0
1762011561298,BTC-PERPETUAL,TICK,0,110022,0
1762011561333,BTC-PERPETUAL,TICK,0,110002,0
1762011561338,BTC-PERPETUAL,TICK,0,110002,0
1762011561380,BTC-PERPETUAL,TICK,0,110022,0
1762011561384,BTC-PERPETUAL,TICK,0,110022,0
1762011561419,BTC-PERPETUAL,TICK,0,110005,0
1762011561425,BTC-PERPETUAL,TICK,0,110005,0
1762011561454,BTC-PERPETUAL,TICK,0,110020,0
1762011561459,BTC-PERPETUAL,TICK,0,110020,0
1762011561489,BTC-PERPETUAL,TICK,0,110006,0
1762011561494,BTC-PERPETUAL,TICK,0,110006,0
1762011561528,BTC-PERPETUAL,TICK,0,110017,0
1762011561532,BTC-PERPETUAL,TICK,0,110017,0
1762011561566,BTC-PERPETUAL,TICK,0,110006,0
1762011561576,BTC-PERPETUAL,TICK,0,110006,0
1762011561611,BTC-PERPETUAL,TICK,0,110016,0
1762011561617,BTC-PERPETUAL,TICK,0,110016,0
1762011561649,BTC-PERPETUAL,TICK,0,110007,0
1762011561653,BTC-PERPETUAL,TICK,0,110007,0
1762011561694,BTC-PERPETUAL,TICK,0,110016,0
1762011561699,BTC-PERPETUAL,TICK,0,110016,0
1762011561729,BTC-PERPETUAL,TICK,0,110008,0
1762011561733,BTC-PERPETUAL,TICK,0,110008,0
1762011561772,BTC-PERPETUAL,TICK,0,123300,0
1762011561776,BTC-PERPETUAL,TICK,0,123300,0
1762011561811,BTC-PERPETUAL,TICK,0,110016,0
1762011561816,BTC-PERPETUAL,TICK,0,110016,0
1762011561848,BTC-PERPETUAL,TICK,0,110008,0
1762011561854,BTC-PERPETUAL,TICK,0,110008,0
1762011561885,BTC-PERPETUAL,TICK,0,110014,0
1762011561890,BTC-PERPETUAL,TICK,0,110014,0
1762011561923,BTC-PERPETUAL,TICK,0,110008,0
1762011561927,BTC-PERPETUAL,TICK,0,110008,0
1762011561962,BTC-PERPETUAL,TICK,0,110013,0
1762011561966,BTC-PERPETUAL,TICK,0,110013,0
1762011562002,BTC-PERPETUAL,TICK,0,110009,0
1762011562008,BTC-PERPETUAL,TICK,0,110009,0
1762011562034,BTC-PERPETUAL,TICK,0,110012,0
1762011562039,BTC-PERPETUAL,TICK,0,110012,0
1762011562071,BTC-PERPETUAL,TICK,0,110010,0
1762011562078,BTC-PERPETUAL,TICK,0,110010,0
1762011562109,BTC-PERPETUAL,TICK,0,110010,0
1762011562112,BTC-PERPETUAL,TICK,0,110010,0
1762011562143,BTC-PERPETUAL,TICK,0,110010,0
1762011562147,BTC-PERPETUAL,TICK,0,110010,0
1762011562178,BTC-PERPETUAL,TICK,0,123400,0
1762011562184,BTC-PERPETUAL,TICK,0,123400,0
1762011562215,BTC-PERPETUAL,TICK,0,123500,0
1762011562220,BTC-PERPETUAL,TICK,0,123500,0
1762011562253,BTC-PERPETUAL,TICK,0,123600,0
1762011562259,BTC-PERPETUAL,TICK,0,123600,0
1762011562295,BTC-PERPETUAL,TICK,0,123700,0
1762011562301,BTC-PERPETUAL,TICK,0,123700,0
1762011562342,BTC-PERPETUAL,TICK,0,123800,0
1762011562346,BTC-PERPETUAL,TICK,0,123800,0
1762011562585,BTC-PERPETUAL,TICK,0,123900,0
1762011562589,BTC-PERPETUAL,TICK,0,123900,0
1762011562864,BTC-PERPETUAL,TICK,0,124000,0
1762011562869,BTC-PERPETUAL,TICK,0,124000,0
1762011563114,BTC-PERPETUAL,TICK,0,124100,0
1762011563118,BTC-PERPETUAL,TICK,0,124100,0
1762011563368,BTC-PERPETUAL,TICK,0,124200,0
1762011563373,BTC-PERPETUAL,TICK,0,124200,0
1762011563656,BTC-PERPETUAL,TICK,0,124300,0
1762011563662,BTC-PERPETUAL,TICK,0,124300,0
1762011563911,BTC-PERPETUAL,TICK,0,124400,0
1762011563916,BTC-PERPETUAL,TICK,0,124400,0
1762011564036,ETH-PERPETUAL,TICK,0,3886.95,0
1762011564041,ETH-PERPETUAL,TICK,0,3886.95,0
1762011564068,ETH-PERPETUAL,TICK,0,3883.75,0
1762011564075,ETH-PERPETUAL,TICK,0,3883.75,0
1762011564110,ETH-PERPETUAL,TICK,0,3886.9,0
1762011564115,ETH-PERPETUAL,TICK,0,3886.9,0
1762011564144,ETH-PERPETUAL,TICK,0,3883.8,0
1762011564150,ETH-PERPETUAL,TICK,0,3883.8,0
1762011564183,ETH-PERPETUAL,TICK,0,3886.8,0
1762011564188,ETH-PERPETUAL,TICK,0,3886.8,0
1762011564219,ETH-PERPETUAL,TICK,0,3883.85,0
1762011564223,ETH-PERPETUAL,TICK,0,3883.85,0
1762011564255,ETH-PERPETUAL,TICK,0,3886.75,0
1762011564261,ETH-PERPETUAL,TICK,0,3886.75,0
1762011564288,ETH-PERPETUAL,TICK,0,3883.9,0
1762011564295,ETH-PERPETUAL,TICK,0,3883.9,0
1762011564329,BTC-PERPETUAL,TICK,0,124500,0
1762011564333,BTC-PERPETUAL,TICK,0,124500,0
1762011564365,ETH-PERPETUAL,TICK,0,3886.65,0
1762011564370,ETH-PERPETUAL,TICK,0,3886.65,0
1762011564405,ETH-PERPETUAL,TICK,0,3884,0
1762011564411,ETH-PERPETUAL,TICK,0,3884,0
1762011564445,ETH-PERPETUAL,TICK,0,3886.5,0
1762011564450,ETH-PERPETUAL,TICK,0,3886.5,0
1762011564486,ETH-PERPETUAL,TICK,0,3884.05,0
1762011564492,ETH-PERPETUAL,TICK,0,3884.05,0
1762011564522,ETH-PERPETUAL,TICK,0,3886.45,0
1762011564528,ETH-PERPETUAL,TICK,0,3886.45,0
1762011564553,ETH-PERPETUAL,TICK,0,3884.1,0
1762011564559,ETH-PERPETUAL,TICK,0,3884.1,0
1762011564586,ETH-PERPETUAL,TICK,0,3886.4,0
1762011564591,ETH-PERPETUAL,TICK,0,3886.4,0
1762011564622,ETH-PERPETUAL,TICK,0,3884.15,0
1762011564626,ETH-PERPETUAL,TICK,0,3884.15,0
1762011564656,ETH-PERPETUAL,TICK,0,3886.3,0
1762011564662,ETH-PERPETUAL,TICK,0,3886.3,0
1762011564695,ETH-PERPETUAL,TICK,0,3884.25,0
1762011564699,ETH-PERPETUAL,TICK,0,3884.25,0
1762011564730,ETH-PERPETUAL,TICK,0,3886.25,0
1762011564733,ETH-PERPETUAL,TICK,0,3886.25,0
1762011564763,ETH-PERPETUAL,TICK,0,3884.3,0
1762011564769,ETH-PERPETUAL,TICK,0,3884.3,0
1762011564796,BTC-PERPETUAL,TICK,0,124600,0
1762011564800,BTC-PERPETUAL,TICK,0,124600,0
1762011564831,ETH-PERPETUAL,TICK,0,3886.15,0
1762011564836,ETH-PERPETUAL,TICK,0,3886.15,0
1762011564867,ETH-PERPETUAL,TICK,0,3884.4,0
1762011564872,ETH-PERPETUAL,TICK,0,3884.4,0
1762011564906,ETH-PERPETUAL,TICK,0,3886.1,0
1762011564912,ETH-PERPETUAL,TICK,0,3886.1,0
1762011564941,ETH-PERPETUAL,TICK,0,3884.5,0
1762011564946,ETH-PERPETUAL,TICK,0,3884.5,0
1762011564976,ETH-PERPETUAL,TICK,0,3886.05,0
1762011564981,ETH-PERPETUAL,TICK,0,3886.05,0
1762011565009,ETH-PERPETUAL,TICK,0,3884.55,0
1762011565012,ETH-PERPETUAL,TICK,0,3884.55,0
1762011565041,ETH-PERPETUAL,TICK,0,3886,0
1762011565045,ETH-PERPETUAL,TICK,0,3886,0
1762011565075,ETH-PERPETUAL,TICK,0,3884.6,0
1762011565079,ETH-PERPETUAL,TICK,0,3884.6,0
1762011565111,ETH-PERPETUAL,TICK,0,3885.85,0
1762011565116,ETH-PERPETUAL,TICK,0,3885.85,0
1762011565143,ETH-PERPETUAL,TICK,0,3884.65,0
1762011565148,ETH-PERPETUAL,TICK,0,3884.65,0
1762011565177,ETH-PERPETUAL,TICK,0,3885.75,0
1762011565182,ETH-PERPETUAL,TICK,0,3885.75,0
1762011565214,ETH-PERPETUAL,TICK,0,3884.75,0
1762011565219,ETH-PERPETUAL,TICK,0,3884.75,0
1762011565250,ETH-PERPETUAL,TICK,0,3885.7,0
1762011565254,ETH-PERPETUAL,TICK,0,3885.7,0
1762011565285,ETH-PERPETUAL,TICK,0,3884.8,0
1762011565288,ETH-PERPETUAL,TICK,0,3884.8,0
1762011565319,BTC-PERPETUAL,TICK,0,124700,0
1762011565323,BTC-PERPETUAL,TICK,0,124700,0
1762011565357,ETH-PERPETUAL,TICK,0,3885.5,0
1762011565361,ETH-PERPETUAL,TICK,0,3885.5,0
1762011565394,ETH-PERPETUAL,TICK,0,3884.85,0
1762011565400,ETH-PERPETUAL,TICK,0,3884.85,0
1762011565432,ETH-PERPETUAL,TICK,0,3885.4,0
1762011565436,ETH-PERPETUAL,TICK,0,3885.4,0
1762011565470,ETH-PERPETUAL,TICK,0,3885.25,0
1762011565476,ETH-PERPETUAL,TICK,0,3885.25,0
1762011565510,ETH-PERPETUAL,TICK,0,3885.35,0
1762011565515,ETH-PERPETUAL,TICK,0,3885.35,0
1762011565551,ETH-PERPETUAL,TICK,0,3885.3,0
1762011565556,ETH-PERPETUAL,TICK,0,3885.3,0
1762011565594,BTC-PERPETUAL,TICK,0,124800,0
1762011565602,BTC-PERPETUAL,TICK,0,124800,0
1762011565632,BTC-PERPETUAL,TICK,0,124900,0
1762011565636,BTC-PERPETUAL,TICK,0,124900,0
1762011565670,BTC-PERPETUAL,TICK,0,110010,0
1762011565677,BTC-PERPETUAL,TICK,0,110010,0
1762011565710,BTC-PERPETUAL,TICK,0,109991,0
1762011565715,BTC-PERPETUAL,TICK,0,109991,0
1762011565747,BTC-PERPETUAL,TICK,0,125000,0
1762011565753,BTC-PERPETUAL,TICK,0,125000,0
1762011565793,BTC-PERPETUAL,TICK,0,110034,0
1762011565797,BTC-PERPETUAL,TICK,0,110034,0
1762011565839,BTC-PERPETUAL,TICK,0,109993,0
1762011565843,BTC-PERPETUAL,TICK,0,109993,0
1762011565879,BTC-PERPETUAL,TICK,0,110034,0
1762011565885,BTC-PERPETUAL,TICK,0,110034,0
1762011565918,BTC-PERPETUAL,TICK,0,109994,0
1762011565921,BTC-PERPETUAL,TICK,0,109994,0
1762011565959,BTC-PERPETUAL,TICK,0,110033,0
1762011565963,BTC-PERPETUAL,TICK,0,110033,0
1762011565999,BTC-PERPETUAL,TICK,0,109994,0
1762011566003,BTC-PERPETUAL,TICK,0,109994,0
1762011566034,BTC-PERPETUAL,TICK,0,110032,0
1762011566037,BTC-PERPETUAL,TICK,0,110032,0
1762011566071,BTC-PERPETUAL,TICK,0,109994,0
1762011566076,BTC-PERPETUAL,TICK,0,109994,0
1762011566110,BTC-PERPETUAL,TICK,0,110028,0
1762011566114,BTC-PERPETUAL,TICK,0,110028,0
1762011566146,BTC-PERPETUAL,TICK,0,109995,0
1762011566152,BTC-PERPETUAL,TICK,0,109995,0
1762011566181,BTC-PERPETUAL,TICK,0,110026,0
1762011566186,BTC-PERPETUAL,TICK,0,110026,0
1762011566222,BTC-PERPETUAL,TICK,0,109996,0
1762011566225,BTC-PERPETUAL,TICK,0,109996,0
1762011566257,BTC-PERPETUAL,TICK,0,125100,0
1762011566262,BTC-PERPETUAL,TICK,0,125100,0
1762011566292,BTC-PERPETUAL,TICK,0,110024,0
1762011566297,BTC-PERPETUAL,TICK,0,110024,0
1762011566325,BTC-PERPETUAL,TICK,0,110000,0
1762011566330,BTC-PERPETUAL,TICK,0,110000,0
1762011566363,BTC-PERPETUAL,TICK,0,110022,0
1762011566367,BTC-PERPETUAL,TICK,0,110022,0
1762011566402,BTC-PERPETUAL,TICK,0,110000,0
1762011566405,BTC-PERPETUAL,TICK,0,110000,0
1762011566434,BTC-PERPETUAL,TICK,0,110002,0
1762011566438,BTC-PERPETUAL,TICK,0,110002,0
1762011566468,BTC-PERPETUAL,TICK,0,110021,0
1762011566472,BTC-PERPETUAL,TICK,0,110021,0
1762011566502,BTC-PERPETUAL,TICK,0,110003,0
1762011566507,BTC-PERPETUAL,TICK,0,110003,0
1762011566535,BTC-PERPETUAL,TICK,0,110020,0
1762011566539,BTC-PERPETUAL,TICK,0,110020,0
1762011566568,BTC-PERPETUAL,TICK,0,110005,0
1762011566574,BTC-PERPETUAL,TICK,0,110005,0
1762011566605,BTC-PERPETUAL,TICK,0,110020,0
1762011566609,BTC-PERPETUAL,TICK,0,110020,0
1762011564937,BTC-PERPETUAL,TICK,0,110006,0
1762011564943,BTC-PERPETUAL,TICK,0,110006,0
1762011564975,BTC-PERPETUAL,TICK,0,125200,0
1762011564983,BTC-PERPETUAL,TICK,0,125200,0
1762011565014,BTC-PERPETUAL,TICK,0,110020,0
1762011565019,BTC-PERPETUAL,TICK,0,110020,0
1762011565051,BTC-PERPETUAL,TICK,0,110006,0
1762011565056,BTC-PERPETUAL,TICK,0,110006,0
1762011565091,BTC-PERPETUAL,TICK,0,110019,0
1762011565094,BTC-PERPETUAL,TICK,0,110019,0
1762011565125,BTC-PERPETUAL,TICK,0,110006,0
1762011565131,BTC-PERPETUAL,TICK,0,110006,0
1762011565162,BTC-PERPETUAL,TICK,0,110017,0
1762011565168,BTC-PERPETUAL,TICK,0,110017,0
1762011565199,BTC-PERPETUAL,TICK,0,110007,0
1762011565203,BTC-PERPETUAL,TICK,0,110007,0
1762011565234,BTC-PERPETUAL,TICK,0,110016,0
1762011565240,BTC-PERPETUAL,TICK,0,110016,0
1762011565269,BTC-PERPETUAL,TICK,0,110008,0
1762011565273,BTC-PERPETUAL,TICK,0,110008,0
1762011565305,BTC-PERPETUAL,TICK,0,110013,0
1762011565310,BTC-PERPETUAL,TICK,0,110013,0
1762011565343,BTC-PERPETUAL,TICK,0,110008,0
1762011565348,BTC-PERPETUAL,TICK,0,110008,0
1762011565378,BTC-PERPETUAL,TICK,0,110012,0
1762011565382,BTC-PERPETUAL,TICK,0,110012,0
1762011565413,BTC-PERPETUAL,TICK,0,110009,0
1762011565418,BTC-PERPETUAL,TICK,0,110009,0
1762011565451,BTC-PERPETUAL,TICK,0,125300,0
1762011565457,BTC-PERPETUAL,TICK,0,125300,0
1762011565490,BTC-PERPETUAL,TICK,0,110010,0
1762011565495,BTC-PERPETUAL,TICK,0,110010,0
1762011565526,BTC-PERPETUAL,TICK,0,110010,0
1762011565529,BTC-PERPETUAL,TICK,0,110010,0
1762011565567,BTC-PERPETUAL,TICK,0,125400,0
1762011565575,BTC-PERPETUAL,TICK,0,125400,0
1762011565615,BTC-PERPETUAL,TICK,0,125500,0
1762011565619,BTC-PERPETUAL,TICK,0,125500,0
1762011565652,BTC-PERPETUAL,TICK,0,125600,0
1762011565657,BTC-PERPETUAL,TICK,0,125600,0
1762011565731,BTC-PERPETUAL,TICK,0,125700,0
1762011565736,BTC-PERPETUAL,TICK,0,125700,0
1762011566009,BTC-PERPETUAL,TICK,0,125800,0
1762011566018,BTC-PERPETUAL,TICK,0,125800,0
1762011566267,BTC-PERPETUAL,TICK,0,125900,0
1762011566271,BTC-PERPETUAL,TICK,0,125900,0
1762011566563,BTC-PERPETUAL,TICK,0,126000,0
1762011566567,BTC-PERPETUAL,TICK,0,126000,0
1762011566813,BTC-PERPETUAL,TICK,0,126100,0
1762011566815,BTC-PERPETUAL,TICK,0,126100,0
1762011567111,BTC-PERPETUAL,TICK,0,126200,0
1762011567137,BTC-PERPETUAL,TICK,0,126200,0
1762011567437,BTC-PERPETUAL,TICK,0,126300,0
1762011567495,BTC-PERPETUAL,TICK,0,126300,0
1762011567606,ETH-PERPETUAL,TICK,0,3886.95,0
1762011567626,ETH-PERPETUAL,TICK,0,3886.95,0
1762011567702,ETH-PERPETUAL,TICK,0,3883.55,0
1762011567715,ETH-PERPETUAL,TICK,0,3883.55,0
1762011567768,ETH-PERPETUAL,TICK,0,3886.9,0
1762011567781,ETH-PERPETUAL,TICK,0,3886.9,0
1762011567853,ETH-PERPETUAL,TICK,0,3883.65,0
1762011567870,ETH-PERPETUAL,TICK,0,3883.65,0
1762011567921,ETH-PERPETUAL,TICK,0,3886.8,0
1762011567927,ETH-PERPETUAL,TICK,0,3886.8,0
1762011567990,ETH-PERPETUAL,TICK,0,3883.75,0
1762011568010,ETH-PERPETUAL,TICK,0,3883.75,0
1762011568060,BTC-PERPETUAL,TICK,0,126400,0
1762011568065,BTC-PERPETUAL,TICK,0,126400,0
1762011568142,ETH-PERPETUAL,TICK,0,3886.75,0
1762011568149,ETH-PERPETUAL,TICK,0,3886.75,0
1762011568211,ETH-PERPETUAL,TICK,0,3883.8,0
1762011568216,ETH-PERPETUAL,TICK,0,3883.8,0
1762011568261,ETH-PERPETUAL,TICK,0,3886.65,0
1762011568274,ETH-PERPETUAL,TICK,0,3886.65,0
1762011568350,ETH-PERPETUAL,TICK,0,3883.95,0
1762011568354,ETH-PERPETUAL,TICK,0,3883.95,0
1762011568396,ETH-PERPETUAL,TICK,0,3886.6,0
1762011568402,ETH-PERPETUAL,TICK,0,3886.6,0
1762011568436,ETH-PERPETUAL,TICK,0,3884,0
1762011568443,ETH-PERPETUAL,TICK,0,3884,0
1762011568480,ETH-PERPETUAL,TICK,0,3886.5,0
1762011568486,ETH-PERPETUAL,TICK,0,3886.5,0
1762011568522,ETH-PERPETUAL,TICK,0,3884.05,0
1762011568529,ETH-PERPETUAL,TICK,0,3884.05,0
1762011568565,ETH-PERPETUAL,TICK,0,3886.45,0
1762011568573,ETH-PERPETUAL,TICK,0,3886.45,0
1762011568611,ETH-PERPETUAL,TICK,0,3884.1,0
1762011568616,ETH-PERPETUAL,TICK,0,3884.1,0
1762011568652,ETH-PERPETUAL,TICK,0,3886.4,0
1762011568658,ETH-PERPETUAL,TICK,0,3886.4,0
1762011568695,ETH-PERPETUAL,TICK,0,3884.15,0
1762011568699,ETH-PERPETUAL,TICK,0,3884.15,0
1762011568735,BTC-PERPETUAL,TICK,0,126500,0
1762011568757,BTC-PERPETUAL,TICK,0,126500,0
1762011568773,ETH-PERPETUAL,TICK,0,3886.3,0
1762011568779,ETH-PERPETUAL,TICK,0,3886.3,0
1762011568809,ETH-PERPETUAL,TICK,0,3884.2,0
1762011568814,ETH-PERPETUAL,TICK,0,3884.2,0
1762011568847,ETH-PERPETUAL,TICK,0,3886.25,0
1762011568852,ETH-PERPETUAL,TICK,0,3886.25,0
1762011568886,ETH-PERPETUAL,TICK,0,3884.25,0
1762011568891,ETH-PERPETUAL,TICK,0,3884.25,0
1762011568922,ETH-PERPETUAL,TICK,0,3886.15,0
1762011568929,ETH-PERPETUAL,TICK,0,3886.15,0
1762011568965,ETH-PERPETUAL,TICK,0,3884.3,0
1762011568972,ETH-PERPETUAL,TICK,0,3884.3,0
1762011569012,ETH-PERPETUAL,TICK,0,3886.05,0
1762011569018,ETH-PERPETUAL,TICK,0,3886.05,0
1762011569052,ETH-PERPETUAL,TICK,0,3884.35,0
1762011569056,ETH-PERPETUAL,TICK,0,3884.35,0
1762011569090,ETH-PERPETUAL,TICK,0,3886,0
1762011569097,ETH-PERPETUAL,TICK,0,3886,0
1762011569128,ETH-PERPETUAL,TICK,0,3884.4,0
1762011569131,ETH-PERPETUAL,TICK,0,3884.4,0
1762011569163,ETH-PERPETUAL,TICK,0,3885.95,0
1762011569168,ETH-PERPETUAL,TICK,0,3885.95,0
1762011569201,ETH-PERPETUAL,TICK,0,3884.5,0
1762011569204,ETH-PERPETUAL,TICK,0,3884.5,0
1762011569238,ETH-PERPETUAL,TICK,0,3885.75,0
1762011569243,ETH-PERPETUAL,TICK,0,3885.75,0
1762011569275,ETH-PERPETUAL,TICK,0,3884.85,0
1762011569281,ETH-PERPETUAL,TICK,0,3884.85,0
1762011569315,BTC-PERPETUAL,TICK,0,126600,0
1762011569317,BTC-PERPETUAL,TICK,0,126600,0
1762011569354,ETH-PERPETUAL,TICK,0,3885.6,0
1762011569359,ETH-PERPETUAL,TICK,0,3885.6,0
1762011569392,ETH-PERPETUAL,TICK,0,3884.9,0
1762011569396,ETH-PERPETUAL,TICK,0,3884.9,0
1762011569430,ETH-PERPETUAL,TICK,0,3885.45,0
1762011569434,ETH-PERPETUAL,TICK,0,3885.45,0
1762011569472,ETH-PERPETUAL,TICK,0,3885,0
1762011569478,ETH-PERPETUAL,TICK,0,3885,0
1762011569514,ETH-PERPETUAL,TICK,0,3885.4,0
1762011569519,ETH-PERPETUAL,TICK,0,3885.4,0
1762011569555,ETH-PERPETUAL,TICK,0,3885.25,0
1762011569561,ETH-PERPETUAL,TICK,0,3885.25,0
1762011569598,ETH-PERPETUAL,TICK,0,3885.35,0
1762011569604,ETH-PERPETUAL,TICK,0,3885.35,0
1762011569639,ETH-PERPETUAL,TICK,0,3885.3,0
1762011569645,ETH-PERPETUAL,TICK,0,3885.3,0
1762011569679,BTC-PERPETUAL,TICK,0,126700,0
1762011569683,BTC-PERPETUAL,TICK,0,126700,0
1762011569715,BTC-PERPETUAL,TICK,0,126800,0
1762011569722,BTC-PERPETUAL,TICK,0,126800,0
1762011569754,BTC-PERPETUAL,TICK,0,126900,0
1762011569761,BTC-PERPETUAL,TICK,0,126900,0
1762011569794,BTC-PERPETUAL,TICK,0,110010,0
1762011569799,BTC-PERPETUAL,TICK,0,110010,0
1762011569832,BTC-PERPETUAL,TICK,0,109989,0
1762011569837,BTC-PERPETUAL,TICK,0,109989,0
1762011569872,BTC-PERPETUAL,TICK,0,110037,0
1762011569876,BTC-PERPETUAL,TICK,0,110037,0
1762011569910,BTC-PERPETUAL,TICK,0,109990,0
1762011569915,BTC-PERPETUAL,TICK,0,109990,0
1762011569946,BTC-PERPETUAL,TICK,0,110034,0
1762011569952,BTC-PERPETUAL,TICK,0,110034,0
1762011569986,BTC-PERPETUAL,TICK,0,109991,0
1762011569992,BTC-PERPETUAL,TICK,0,109991,0
1762011570031,BTC-PERPETUAL,TICK,0,110033,0
1762011570038,BTC-PERPETUAL,TICK,0,110033,0
1762011570073,BTC-PERPETUAL,TICK,0,109992,0
1762011570079,BTC-PERPETUAL,TICK,0,109992,0
1762011570119,BTC-PERPETUAL,TICK,0,110028,0
1762011570126,BTC-PERPETUAL,TICK,0,110028,0
1762011570162,BTC-PERPETUAL,TICK,0,109993,0
1762011570168,BTC-PERPETUAL,TICK,0,109993,0
1762011570203,BTC-PERPETUAL,TICK,0,127000,0
1762011570208,BTC-PERPETUAL,TICK,0,127000,0
1762011570240,BTC-PERPETUAL,TICK,0,110028,0
1762011570243,BTC-PERPETUAL,TICK,0,110028,0
1762011570283,BTC-PERPETUAL,TICK,0,109994,0
1762011570289,BTC-PERPETUAL,TICK,0,109994,0
1762011570324,BTC-PERPETUAL,TICK,0,110024,0
1762011570330,BTC-PERPETUAL,TICK,0,110024,0
1762011570364,BTC-PERPETUAL,TICK,0,109996,0
1762011570370,BTC-PERPETUAL,TICK,0,109996,0
1762011570403,BTC-PERPETUAL,TICK,0,110010,0
1762011570406,BTC-PERPETUAL,TICK,0,110010,0
1762011570442,BTC-PERPETUAL,TICK,0,110024,0
1762011570448,BTC-PERPETUAL,TICK,0,110024,0
1762011570479,BTC-PERPETUAL,TICK,0,109996,0
1762011570484,BTC-PERPETUAL,TICK,0,109996,0
1762011570516,BTC-PERPETUAL,TICK,0,110023,0
1762011570523,BTC-PERPETUAL,TICK,0,110023,0
1762011570556,BTC-PERPETUAL,TICK,0,110000,0
1762011570563,BTC-PERPETUAL,TICK,0,110000,0
1762011570595,BTC-PERPETUAL,TICK,0,0,0
1762011570599,BTC-PERPETUAL,TICK,0,0,0
1762011570632,BTC-PERPETUAL,TICK,0,110000,0
1762011570638,BTC-PERPETUAL,TICK,0,110000,0
1762011570674,BTC-PERPETUAL,TICK,0,110022,0
1762011570681,BTC-PERPETUAL,TICK,0,110022,0
1762011570713,BTC-PERPETUAL,TICK,0,110002,0
1762011570718,BTC-PERPETUAL,TICK,0,110002,0
1762011570749,BTC-PERPETUAL,TICK,0,127100,0
1762011570754,BTC-PERPETUAL,TICK,0,127100,0
1762011570784,BTC-PERPETUAL,TICK,0,110022,0
1762011570788,BTC-PERPETUAL,TICK,0,110022,0
1762011570818,BTC-PERPETUAL,TICK,0,110006,0
1762011570823,BTC-PERPETUAL,TICK,0,110006,0
1762011570853,BTC-PERPETUAL,TICK,0,110021,0
1762011570858,BTC-PERPETUAL,TICK,0,110021,0
1762011570889,BTC-PERPETUAL,TICK,0,110006,0
1762011570892,BTC-PERPETUAL,TICK,0,110006,0
1762011570925,BTC-PERPETUAL,TICK,0,110020,0
1762011570928,BTC-PERPETUAL,TICK,0,110020,0
1762011570963,BTC-PERPETUAL,TICK,0,110007,0
1762011570967,BTC-PERPETUAL,TICK,0,110007,0
1762011571002,BTC-PERPETUAL,TICK,0,110018,0
1762011571006,BTC-PERPETUAL,TICK,0,110018,0
1762011571036,BTC-PERPETUAL,TICK,0,110008,0
1762011571040,BTC-PERPETUAL,TICK,0,110008,0
1762011571072,BTC-PERPETUAL,TICK,0,110016,0
1762011571078,BTC-PERPETUAL,TICK,0,110016,0
1762011571107,BTC-PERPETUAL,TICK,0,110008,0
1762011571112,BTC-PERPETUAL,TICK,0,110008,0
1762011571144,BTC-PERPETUAL,TICK,0,110016,0
1762011571148,BTC-PERPETUAL,TICK,0,110016,0
1762011571179,BTC-PERPETUAL,TICK,0,110008,0
1762011571185,BTC-PERPETUAL,TICK,0,110008,0
1762011571215,BTC-PERPETUAL,TICK,0,110012,0
1762011571218,BTC-PERPETUAL,TICK,0,110012,0
1762011571251,BTC-PERPETUAL,TICK,0,110009,0
1762011571256,BTC-PERPETUAL,TICK,0,110009,0
1762011571289,BTC-PERPETUAL,TICK,0,110011,0
1762011571293,BTC-PERPETUAL,TICK,0,110011,0
1762011571327,BTC-PERPETUAL,TICK,0,127200,0
1762011571333,BTC-PERPETUAL,TICK,0,127200,0
1762011571362,BTC-PERPETUAL,TICK,0,110010,0
1762011571367,BTC-PERPETUAL,TICK,0,110010,0
1762011571398,BTC-PERPETUAL,TICK,0,110010,0
1762011571402,BTC-PERPETUAL,TICK,0,110010,0
1762011571435,BTC-PERPETUAL,TICK,0,110010,0
1762011571440,BTC-PERPETUAL,TICK,0,110010,0
1762011571473,BTC-PERPETUAL,TICK,0,127300,0
1762011571480,BTC-PERPETUAL,TICK,0,127300,0
1762011571512,BTC-PERPETUAL,TICK,0,127400,0
1762011571517,BTC-PERPETUAL,TICK,0,127400,0
1762011571547,BTC-PERPETUAL,TICK,0,127500,0
1762011571553,BTC-PERPETUAL,TICK,0,127500,0
1762011571586,BTC-PERPETUAL,TICK,0,127600,0
1762011571590,BTC-PERPETUAL,TICK,0,127600,0
1762011571624,BTC-PERPETUAL,TICK,0,127700,0
1762011571631,BTC-PERPETUAL,TICK,0,127700,0
1762011571667,BTC-PERPETUAL,TICK,0,127800,0
1762011571672,BTC-PERPETUAL,TICK,0,127800,0
1762011571741,BTC-PERPETUAL,TICK,0,127900,0
1762011571746,BTC-PERPETUAL,TICK,0,127900,0
1762011571998,BTC-PERPETUAL,TICK,0,128000,0
1762011572005,BTC-PERPETUAL,TICK,0,128000,0
1762011572266,BTC-PERPETUAL,TICK,0,128100,0
1762011572271,BTC-PERPETUAL,TICK,0,128100,0
1762011572531,BTC-PERPETUAL,TICK,0,128200,0
1762011572536,BTC-PERPETUAL,TICK,0,128200,0
1762011572782,BTC-PERPETUAL,TICK,0,128300,0
1762011572786,BTC-PERPETUAL,TICK,0,128300,0
1762011572877,ETH-PERPETUAL,TICK,0,3886.65,0
1762011572883,ETH-PERPETUAL,TICK,0,3886.65,0
1762011572909,ETH-PERPETUAL,TICK,0,3883.5,0
1762011572915,ETH-PERPETUAL,TICK,0,3883.5,0
1762011572945,ETH-PERPETUAL,TICK,0,3886.6,0
1762011572948,ETH-PERPETUAL,TICK,0,3886.6,0
1762011572979,ETH-PERPETUAL,TICK,0,3883.55,0
1762011572983,ETH-PERPETUAL,TICK,0,3883.55,0
1762011573015,ETH-PERPETUAL,TICK,0,3886.5,0
1762011573021,ETH-PERPETUAL,TICK,0,3886.5,0
1762011573054,ETH-PERPETUAL,TICK,0,3883.65,0
1762011573061,ETH-PERPETUAL,TICK,0,3883.65,0
1762011573090,ETH-PERPETUAL,TICK,0,3886.45,0
1762011573095,ETH-PERPETUAL,TICK,0,3886.45,0
1762011573123,ETH-PERPETUAL,TICK,0,3883.75,0
1762011573127,ETH-PERPETUAL,TICK,0,3883.75,0
1762011573162,BTC-PERPETUAL,TICK,0,128400,0
1762011573167,BTC-PERPETUAL,TICK,0,128400,0
1762011573200,ETH-PERPETUAL,TICK,0,3886.4,0
1762011573204,ETH-PERPETUAL,TICK,0,3886.4,0
1762011573234,ETH-PERPETUAL,TICK,0,3883.8,0
1762011573238,ETH-PERPETUAL,TICK,0,3883.8,0
1762011573271,ETH-PERPETUAL,TICK,0,3886.35,0
1762011573276,ETH-PERPETUAL,TICK,0,3886.35,0
1762011573311,ETH-PERPETUAL,TICK,0,3883.95,0
1762011573316,ETH-PERPETUAL,TICK,0,3883.95,0
1762011573350,ETH-PERPETUAL,TICK,0,3886.3,0
1762011573355,ETH-PERPETUAL,TICK,0,3886.3,0
1762011573388,ETH-PERPETUAL,TICK,0,3884,0
1762011573394,ETH-PERPETUAL,TICK,0,3884,0
1762011573425,ETH-PERPETUAL,TICK,0,3886.25,0
1762011573430,ETH-PERPETUAL,TICK,0,3886.25,0
1762011573466,ETH-PERPETUAL,TICK,0,3884.05,0
1762011573472,ETH-PERPETUAL,TICK,0,3884.05,0
1762011573507,ETH-PERPETUAL,TICK,0,3886.15,0
1762011573511,ETH-PERPETUAL,TICK,0,3886.15,0
1762011573546,ETH-PERPETUAL,TICK,0,3884.1,0
1762011573551,ETH-PERPETUAL,TICK,0,3884.1,0
1762011573583,ETH-PERPETUAL,TICK,0,3886.1,0
1762011573588,ETH-PERPETUAL,TICK,0,3886.1,0
1762011573629,ETH-PERPETUAL,TICK,0,3884.15,0
1762011573633,ETH-PERPETUAL,TICK,0,3884.15,0
1762011573669,BTC-PERPETUAL,TICK,0,128500,0
1762011573674,BTC-PERPETUAL,TICK,0,128500,0
1762011573712,ETH-PERPETUAL,TICK,0,3886.05,0
1762011573716,ETH-PERPETUAL,TICK,0,3886.05,0
1762011573754,ETH-PERPETUAL,TICK,0,3886,0
1762011573758,ETH-PERPETUAL,TICK,0,3886,0
1762011573799,ETH-PERPETUAL,TICK,0,3884.25,0
1762011573803,ETH-PERPETUAL,TICK,0,3884.25,0
1762011573842,ETH-PERPETUAL,TICK,0,3885.95,0
1762011573846,ETH-PERPETUAL,TICK,0,3885.95,0
1762011573885,ETH-PERPETUAL,TICK,0,3884.3,0
1762011573889,ETH-PERPETUAL,TICK,0,3884.3,0
1762011573923,ETH-PERPETUAL,TICK,0,3885.9,0
1762011573928,ETH-PERPETUAL,TICK,0,3885.9,0
1762011573969,ETH-PERPETUAL,TICK,0,3884.35,0
1762011573974,ETH-PERPETUAL,TICK,0,3884.35,0
1762011574011,ETH-PERPETUAL,TICK,0,3885.85,0
1762011574015,ETH-PERPETUAL,TICK,0,3885.85,0
1762011574053,ETH-PERPETUAL,TICK,0,3884.4,0
1762011574057,ETH-PERPETUAL,TICK,0,3884.4,0
1762011574092,ETH-PERPETUAL,TICK,0,3885.75,0
1762011574098,ETH-PERPETUAL,TICK,0,3885.75,0
1762011574135,ETH-PERPETUAL,TICK,0,3884.5,0
1762011574140,ETH-PERPETUAL,TICK,0,3884.5,0
1762011574180,ETH-PERPETUAL,TICK,0,3885.6,0
1762011574185,ETH-PERPETUAL,TICK,0,3885.6,0
1762011574220,ETH-PERPETUAL,TICK,0,3884.8,0
1762011574223,ETH-PERPETUAL,TICK,0,3884.8,0
1762011574260,ETH-PERPETUAL,TICK,0,3885.55,0
1762011574264,ETH-PERPETUAL,TICK,0,3885.55,0
1762011574304,ETH-PERPETUAL,TICK,0,3885,0
1762011574307,ETH-PERPETUAL,TICK,0,3885,0
1762011574346,ETH-PERPETUAL,TICK,0,3885.5,0
1762011574351,ETH-PERPETUAL,TICK,0,3885.5,0
1762011574386,ETH-PERPETUAL,TICK,0,3885.25,0
1762011574392,ETH-PERPETUAL,TICK,0,3885.25,0
1762011574423,BTC-PERPETUAL,TICK,0,128600,0
1762011574429,BTC-PERPETUAL,TICK,0,128600,0
1762011574463,ETH-PERPETUAL,TICK,0,3885.35,0
1762011574471,ETH-PERPETUAL,TICK,0,3885.35,0
1762011574511,ETH-PERPETUAL,TICK,0,3885.3,0
1762011574514,ETH-PERPETUAL,TICK,0,3885.3,0
1762011574554,BTC-PERPETUAL,TICK,0,128700,0
1762011574561,BTC-PERPETUAL,TICK,0,128700,0
1762011574599,BTC-PERPETUAL,TICK,0,128800,0
1762011574604,BTC-PERPETUAL,TICK,0,128800,0
1762011574653,BTC-PERPETUAL,TICK,0,110010,0
1762011574661,BTC-PERPETUAL,TICK,0,110010,0
1762011574702,BTC-PERPETUAL,TICK,0,110010,0
1762011574708,BTC-PERPETUAL,TICK,0,110010,0
1762011574743,BTC-PERPETUAL,TICK,0,110037,0
1762011574750,BTC-PERPETUAL,TICK,0,110037,0
1762011574792,BTC-PERPETUAL,TICK,0,109991,0
1762011574800,BTC-PERPETUAL,TICK,0,109991,0
1762011574844,BTC-PERPETUAL,TICK,0,110034,0
1762011574850,BTC-PERPETUAL,TICK,0,110034,0
1762011574890,BTC-PERPETUAL,TICK,0,109992,0
1762011574897,BTC-PERPETUAL,TICK,0,109992,0
1762011574937,BTC-PERPETUAL,TICK,0,128900,0
1762011574942,BTC-PERPETUAL,TICK,0,128900,0
1762011574980,BTC-PERPETUAL,TICK,0,110033,0
1762011574984,BTC-PERPETUAL,TICK,0,110033,0
1762011575025,BTC-PERPETUAL,TICK,0,109992,0
1762011575029,BTC-PERPETUAL,TICK,0,109992,0
1762011575067,BTC-PERPETUAL,TICK,0,110028,0
1762011575071,BTC-PERPETUAL,TICK,0,110028,0
1762011575108,BTC-PERPETUAL,TICK,0,109993,0
1762011575113,BTC-PERPETUAL,TICK,0,109993,0
1762011575153,BTC-PERPETUAL,TICK,0,110028,0
1762011575157,BTC-PERPETUAL,TICK,0,110028,0
1762011575199,BTC-PERPETUAL,TICK,0,109994,0
1762011575204,BTC-PERPETUAL,TICK,0,109994,0
1762011575242,BTC-PERPETUAL,TICK,0,110027,0
1762011575247,BTC-PERPETUAL,TICK,0,110027,0
1762011575286,BTC-PERPETUAL,TICK,0,109996,0
1762011575292,BTC-PERPETUAL,TICK,0,109996,0
1762011575326,BTC-PERPETUAL,TICK,0,110026,0
1762011575331,BTC-PERPETUAL,TICK,0,110026,0
1762011575373,BTC-PERPETUAL,TICK,0,110000,0
1762011575385,BTC-PERPETUAL,TICK,0,110000,0
1762011575423,BTC-PERPETUAL,TICK,0,110026,0
1762011575429,BTC-PERPETUAL,TICK,0,110026,0
1762011575469,BTC-PERPETUAL,TICK,0,110000,0
1762011575477,BTC-PERPETUAL,TICK,0,110000,0
1762011575515,BTC-PERPETUAL,TICK,0,129000,0
1762011575521,BTC-PERPETUAL,TICK,0,129000,0
1762011575565,BTC-PERPETUAL,TICK,0,110023,0
1762011575571,BTC-PERPETUAL,TICK,0,110023,0
1762011575613,BTC-PERPETUAL,TICK,0,110000,0
1762011575622,BTC-PERPETUAL,TICK,0,110000,0
1762011575656,BTC-PERPETUAL,TICK,0,110022,0
1762011575663,BTC-PERPETUAL,TICK,0,110022,0
1762011575699,BTC-PERPETUAL,TICK,0,110002,0
1762011575704,BTC-PERPETUAL,TICK,0,110002,0
1762011575740,BTC-PERPETUAL,TICK,0,110022,0
1762011575749,BTC-PERPETUAL,TICK,0,110022,0
1762011575790,BTC-PERPETUAL,TICK,0,110006,0
1762011575795,BTC-PERPETUAL,TICK,0,110006,0
1762011575832,BTC-PERPETUAL,TICK,0,110022,0
1762011575838,BTC-PERPETUAL,TICK,0,110022,0
1762011575874,BTC-PERPETUAL,TICK,0,110006,0
1762011575879,BTC-PERPETUAL,TICK,0,110006,0
1762011575919,BTC-PERPETUAL,TICK,0,110019,0
1762011575925,BTC-PERPETUAL,TICK,0,110019,0
1762011575960,BTC-PERPETUAL,TICK,0,110007,0
1762011575963,BTC-PERPETUAL,TICK,0,110007,0
1762011575998,BTC-PERPETUAL,TICK,0,110018,0
1762011576005,BTC-PERPETUAL,TICK,0,110018,0
1762011576041,BTC-PERPETUAL,TICK,0,110008,0
1762011576048,BTC-PERPETUAL,TICK,0,110008,0
1762011576083,BTC-PERPETUAL,TICK,0,129100,0
1762011576088,BTC-PERPETUAL,TICK,0,129100,0
1762011576126,BTC-PERPETUAL,TICK,0,110016,0
1762011576131,BTC-PERPETUAL,TICK,0,110016,0
1762011576165,BTC-PERPETUAL,TICK,0,110008,0
1762011576170,BTC-PERPETUAL,TICK,0,110008,0
1762011576210,BTC-PERPETUAL,TICK,0,110016,0
1762011576215,BTC-PERPETUAL,TICK,0,110016,0
1762011576251,BTC-PERPETUAL,TICK,0,110008,0
1762011576257,BTC-PERPETUAL,TICK,0,110008,0
1762011576290,BTC-PERPETUAL,TICK,0,110016,0
1762011576296,BTC-PERPETUAL,TICK,0,110016,0
1762011576328,BTC-PERPETUAL,TICK,0,110009,0
1762011576334,BTC-PERPETUAL,TICK,0,110009,0
1762011576368,BTC-PERPETUAL,TICK,0,110011,0
1762011576373,BTC-PERPETUAL,TICK,0,110011,0
1762011576412,BTC-PERPETUAL,TICK,0,110010,0
1762011576418,BTC-PERPETUAL,TICK,0,110010,0
1762011576451,BTC-PERPETUAL,TICK,0,110010,0
1762011576457,BTC-PERPETUAL,TICK,0,110010,0
1762011576493,BTC-PERPETUAL,TICK,0,110010,0
1762011576499,BTC-PERPETUAL,TICK,0,110010,0
1762011576531,BTC-PERPETUAL,TICK,0,129200,0
1762011576536,BTC-PERPETUAL,TICK,0,129200,0
1762011578150,ETH-PERPETUAL,TICK,0,3886.75,0
1762011578154,ETH-PERPETUAL,TICK,0,3886.75,0
1762011578186,ETH-PERPETUAL,TICK,0,3883.5,0
1762011578190,ETH-PERPETUAL,TICK,0,3883.5,0
1762011578224,ETH-PERPETUAL,TICK,0,3886.65,0
1762011578229,ETH-PERPETUAL,TICK,0,3886.65,0
1762011578254,ETH-PERPETUAL,TICK,0,3883.55,0
1762011578258,ETH-PERPETUAL,TICK,0,3883.55,0
1762011578286,ETH-PERPETUAL,TICK,0,3886.6,0
1762011578290,ETH-PERPETUAL,TICK,0,3886.6,0
1762011578324,ETH-PERPETUAL,TICK,0,3883.6,0
1762011578328,ETH-PERPETUAL,TICK,0,3883.6,0
1762011578362,ETH-PERPETUAL,TICK,0,3886.55,0
1762011578367,ETH-PERPETUAL,TICK,0,3886.55,0
1762011578399,ETH-PERPETUAL,TICK,0,3883.65,0
1762011578404,ETH-PERPETUAL,TICK,0,3883.65,0
1762011578433,ETH-PERPETUAL,TICK,0,3886.5,0
1762011578437,ETH-PERPETUAL,TICK,0,3886.5,0
1762011578469,ETH-PERPETUAL,TICK,0,3883.75,0
1762011578474,ETH-PERPETUAL,TICK,0,3883.75,0
1762011578513,ETH-PERPETUAL,TICK,0,3886.45,0
1762011578519,ETH-PERPETUAL,TICK,0,3886.45,0
1762011578550,ETH-PERPETUAL,TICK,0,3883.8,0
1762011578555,ETH-PERPETUAL,TICK,0,3883.8,0
1762011578591,ETH-PERPETUAL,TICK,0,3886.4,0
1762011578596,ETH-PERPETUAL,TICK,0,3886.4,0
1762011578626,ETH-PERPETUAL,TICK,0,3883.95,0
1762011578631,ETH-PERPETUAL,TICK,0,3883.95,0
1762011578665,ETH-PERPETUAL,TICK,0,3886.25,0
1762011578671,ETH-PERPETUAL,TICK,0,3886.25,0
1762011578705,ETH-PERPETUAL,TICK,0,3884,0
1762011578710,ETH-PERPETUAL,TICK,0,3884,0
1762011578745,ETH-PERPETUAL,TICK,0,3886.15,0
1762011578752,ETH-PERPETUAL,TICK,0,3886.15,0
1762011578785,ETH-PERPETUAL,TICK,0,3884.05,0
1762011578791,ETH-PERPETUAL,TICK,0,3884.05,0
1762011578832,ETH-PERPETUAL,TICK,0,3886.1,0
1762011578842,ETH-PERPETUAL,TICK,0,3886.1,0
1762011578878,ETH-PERPETUAL,TICK,0,3884.1,0
1762011578882,ETH-PERPETUAL,TICK,0,3884.1,0
1762011578920,ETH-PERPETUAL,TICK,0,3886.05,0
1762011578925,ETH-PERPETUAL,TICK,0,3886.05,0
1762011578958,ETH-PERPETUAL,TICK,0,3884.15,0
1762011578963,ETH-PERPETUAL,TICK,0,3884.15,0
1762011578995,ETH-PERPETUAL,TICK,0,3886,0
1762011579004,ETH-PERPETUAL,TICK,0,3886,0
1762011579039,ETH-PERPETUAL,TICK,0,3884.25,0
1762011579044,ETH-PERPETUAL,TICK,0,3884.25,0
1762011579079,ETH-PERPETUAL,TICK,0,3885.95,0
1762011579085,ETH-PERPETUAL,TICK,0,3885.95,0
1762011579118,ETH-PERPETUAL,TICK,0,3884.35,0
1762011579124,ETH-PERPETUAL,TICK,0,3884.35,0
1762011579163,ETH-PERPETUAL,TICK,0,3885.8,0
1762011579171,ETH-PERPETUAL,TICK,0,3885.8,0
1762011579204,ETH-PERPETUAL,TICK,0,3884.4,0
1762011579210,ETH-PERPETUAL,TICK,0,3884.4,0
1762011579241,ETH-PERPETUAL,TICK,0,3885.75,0
1762011579246,ETH-PERPETUAL,TICK,0,3885.75,0
1762011579278,ETH-PERPETUAL,TICK,0,3884.5,0
1762011579282,ETH-PERPETUAL,TICK,0,3884.5,0
1762011579312,ETH-PERPETUAL,TICK,0,3885.65,0
1762011579317,ETH-PERPETUAL,TICK,0,3885.65,0
1762011579353,ETH-PERPETUAL,TICK,0,3884.55,0
1762011579360,ETH-PERPETUAL,TICK,0,3884.55,0
1762011579394,ETH-PERPETUAL,TICK,0,3885.6,0
1762011579399,ETH-PERPETUAL,TICK,0,3885.6,0
1762011579440,ETH-PERPETUAL,TICK,0,3884.8,0
1762011579444,ETH-PERPETUAL,TICK,0,3884.8,0
1762011579482,ETH-PERPETUAL,TICK,0,3885.45,0
1762011579487,ETH-PERPETUAL,TICK,0,3885.45,0
1762011579525,ETH-PERPETUAL,TICK,0,3884.85,0
1762011579530,ETH-PERPETUAL,TICK,0,3884.85,0
1762011579570,ETH-PERPETUAL,TICK,0,3885.4,0
1762011579577,ETH-PERPETUAL,TICK,0,3885.4,0
1762011579611,ETH-PERPETUAL,TICK,0,3885.25,0
1762011579616,ETH-PERPETUAL,TICK,0,3885.25,0
1762011579650,ETH-PERPETUAL,TICK,0,3885.35,0
1762011579654,ETH-PERPETUAL,TICK,0,3885.35,0
1762011579685,ETH-PERPETUAL,TICK,0,3885.3,0
1762011579689,ETH-PERPETUAL,TICK,0,3885.3,0
1762011579735,BTC-PERPETUAL,TICK,0,110010,0
1762011579739,BTC-PERPETUAL,TICK,0,110010,0
1762011579776,BTC-PERPETUAL,TICK,0,110010,0
1762011579781,BTC-PERPETUAL,TICK,0,110010,0
1762011579816,BTC-PERPETUAL,TICK,0,110028,0
1762011579821,BTC-PERPETUAL,TICK,0,110028,0
1762011579856,BTC-PERPETUAL,TICK,0,109991,0
1762011579863,BTC-PERPETUAL,TICK,0,109991,0
1762011579900,BTC-PERPETUAL,TICK,0,110027,0
1762011579906,BTC-PERPETUAL,TICK,0,110027,0
1762011579948,BTC-PERPETUAL,TICK,0,109992,0
1762011579954,BTC-PERPETUAL,TICK,0,109992,0
1762011579990,BTC-PERPETUAL,TICK,0,110026,0
1762011579995,BTC-PERPETUAL,TICK,0,110026,0
1762011580030,BTC-PERPETUAL,TICK,0,109992,0
1762011580035,BTC-PERPETUAL,TICK,0,109992,0
1762011580070,BTC-PERPETUAL,TICK,0,110026,0
1762011580076,BTC-PERPETUAL,TICK,0,110026,0
1762011580120,BTC-PERPETUAL,TICK,0,109993,0
1762011580126,BTC-PERPETUAL,TICK,0,109993,0
1762011580163,BTC-PERPETUAL,TICK,0,110025,0
1762011580168,BTC-PERPETUAL,TICK,0,110025,0
1762011580202,BTC-PERPETUAL,TICK,0,109994,0
1762011580206,BTC-PERPETUAL,TICK,0,109994,0
1762011580244,BTC-PERPETUAL,TICK,0,110024,0
1762011580251,BTC-PERPETUAL,TICK,0,110024,0
1762011580286,BTC-PERPETUAL,TICK,0,109996,0
1762011580291,BTC-PERPETUAL,TICK,0,109996,0
1762011580322,BTC-PERPETUAL,TICK,0,110024,0
1762011580327,BTC-PERPETUAL,TICK,0,110024,0
1762011580359,BTC-PERPETUAL,TICK,0,110000,0
1762011580365,BTC-PERPETUAL,TICK,0,110000,0
1762011580400,BTC-PERPETUAL,TICK,0,110023,0
1762011580404,BTC-PERPETUAL,TICK,0,110023,0
1762011580441,BTC-PERPETUAL,TICK,0,110000,0
1762011580444,BTC-PERPETUAL,TICK,0,110000,0
1762011580478,BTC-PERPETUAL,TICK,0,110000,0
1762011580484,BTC-PERPETUAL,TICK,0,110000,0
1762011580512,BTC-PERPETUAL,TICK,0,110022,0
1762011580518,BTC-PERPETUAL,TICK,0,110022,0
1762011580553,BTC-PERPETUAL,TICK,0,110002,0
1762011580562,BTC-PERPETUAL,TICK,0,110002,0
1762011580594,BTC-PERPETUAL,TICK,0,110022,0
1762011580599,BTC-PERPETUAL,TICK,0,110022,0
1762011580635,BTC-PERPETUAL,TICK,0,110006,0
1762011580638,BTC-PERPETUAL,TICK,0,110006,0
1762011580673,BTC-PERPETUAL,TICK,0,110019,0
1762011580682,BTC-PERPETUAL,TICK,0,110019,0
1762011580718,BTC-PERPETUAL,TICK,0,110006,0
1762011580722,BTC-PERPETUAL,TICK,0,110006,0
1762011580750,BTC-PERPETUAL,TICK,0,110018,0
1762011580754,BTC-PERPETUAL,TICK,0,110018,0
1762011580779,BTC-PERPETUAL,TICK,0,110007,0
1762011580783,BTC-PERPETUAL,TICK,0,110007,0
1762011580819,BTC-PERPETUAL,TICK,0,110016,0
1762011580825,BTC-PERPETUAL,TICK,0,110016,0
1762011580858,BTC-PERPETUAL,TICK,0,110008,0
1762011580864,BTC-PERPETUAL,TICK,0,110008,0
1762011580898,BTC-PERPETUAL,TICK,0,110016,0
1762011580902,BTC-PERPETUAL,TICK,0,110016,0
1762011580933,BTC-PERPETUAL,TICK,0,110008,0
1762011580938,BTC-PERPETUAL,TICK,0,110008,0
1762011580974,BTC-PERPETUAL,TICK,0,110016,0
1762011580983,BTC-PERPETUAL,TICK,0,110016,0
1762011581033,BTC-PERPETUAL,TICK,0,110008,0
1762011581039,BTC-PERPETUAL,TICK,0,110008,0
1762011581080,BTC-PERPETUAL,TICK,0,110015,0
1762011581087,BTC-PERPETUAL,TICK,0,110015,0
1762011581134,BTC-PERPETUAL,TICK,0,110009,0
1762011581141,BTC-PERPETUAL,TICK,0,110009,0
1762011581183,BTC-PERPETUAL,TICK,0,110011,0
1762011581190,BTC-PERPETUAL,TICK,0,110011,0
1762011581232,BTC-PERPETUAL,TICK,0,110010,0
1762011581239,BTC-PERPETUAL,TICK,0,110010,0
1762011581279,BTC-PERPETUAL,TICK,0,110010,0
1762011581285,BTC-PERPETUAL,TICK,0,110010,0
1762011581324,BTC-PERPETUAL,TICK,0,110010,0
1762011581331,BTC-PERPETUAL,TICK,0,110010,0
1762011583430,ETH-PERPETUAL,TICK,0,3886.8,0
1762011583436,ETH-PERPETUAL,TICK,0,3886.8,0
1762011583472,ETH-PERPETUAL,TICK,0,3882.9,0
1762011583477,ETH-PERPETUAL,TICK,0,3882.9,0
1762011583506,ETH-PERPETUAL,TICK,0,3886.75,0
1762011583512,ETH-PERPETUAL,TICK,0,3886.75,0
1762011583540,ETH-PERPETUAL,TICK,0,3883,0
1762011583545,ETH-PERPETUAL,TICK,0,3883,0
1762011583574,ETH-PERPETUAL,TICK,0,3886.7,0
1762011583578,ETH-PERPETUAL,TICK,0,3886.7,0
1762011583612,ETH-PERPETUAL,TICK,0,3883.1,0
1762011583617,ETH-PERPETUAL,TICK,0,3883.1,0
1762011583653,ETH-PERPETUAL,TICK,0,3886.65,0
1762011583659,ETH-PERPETUAL,TICK,0,3886.65,0
1762011583688,ETH-PERPETUAL,TICK,0,3883.15,0
1762011583692,ETH-PERPETUAL,TICK,0,3883.15,0
1762011583722,ETH-PERPETUAL,TICK,0,3886.6,0
1762011583726,ETH-PERPETUAL,TICK,0,3886.6,0
1762011583758,ETH-PERPETUAL,TICK,0,3883.35,0
1762011583764,ETH-PERPETUAL,TICK,0,3883.35,0
1762011583801,ETH-PERPETUAL,TICK,0,3886.5,0
1762011583807,ETH-PERPETUAL,TICK,0,3886.5,0
1762011583841,ETH-PERPETUAL,TICK,0,3883.55,0
1762011583846,ETH-PERPETUAL,TICK,0,3883.55,0
1762011583882,ETH-PERPETUAL,TICK,0,3886.45,0
1762011583886,ETH-PERPETUAL,TICK,0,3886.45,0
1762011583917,ETH-PERPETUAL,TICK,0,3883.65,0
1762011583923,ETH-PERPETUAL,TICK,0,3883.65,0
1762011583955,ETH-PERPETUAL,TICK,0,3886.4,0
1762011583958,ETH-PERPETUAL,TICK,0,3886.4,0
1762011583992,ETH-PERPETUAL,TICK,0,3883.75,0
1762011583997,ETH-PERPETUAL,TICK,0,3883.75,0
1762011584031,ETH-PERPETUAL,TICK,0,3886.35,0
1762011584039,ETH-PERPETUAL,TICK,0,3886.35,0
1762011584075,ETH-PERPETUAL,TICK,0,3883.8,0
1762011584081,ETH-PERPETUAL,TICK,0,3883.8,0
1762011584127,ETH-PERPETUAL,TICK,0,3886.25,0
1762011584138,ETH-PERPETUAL,TICK,0,3886.25,0
1762011584176,ETH-PERPETUAL,TICK,0,3883.95,0
1762011584180,ETH-PERPETUAL,TICK,0,3883.95,0
1762011584212,ETH-PERPETUAL,TICK,0,3886.15,0
1762011584220,ETH-PERPETUAL,TICK,0,3886.15,0
1762011584267,ETH-PERPETUAL,TICK,0,3884,0
1762011584273,ETH-PERPETUAL,TICK,0,3884,0
1762011584306,ETH-PERPETUAL,TICK,0,3886.1,0
1762011584312,ETH-PERPETUAL,TICK,0,3886.1,0
1762011584342,ETH-PERPETUAL,TICK,0,3884.05,0
1762011584345,ETH-PERPETUAL,TICK,0,3884.05,0
1762011584379,ETH-PERPETUAL,TICK,0,3886,0
1762011584383,ETH-PERPETUAL,TICK,0,3886,0
1762011584414,ETH-PERPETUAL,TICK,0,3884.1,0
1762011584420,ETH-PERPETUAL,TICK,0,3884.1,0
1762011584448,ETH-PERPETUAL,TICK,0,3885.8,0
1762011584452,ETH-PERPETUAL,TICK,0,3885.8,0
1762011584477,ETH-PERPETUAL,TICK,0,3884.15,0
1762011584484,ETH-PERPETUAL,TICK,0,3884.15,0
1762011584510,ETH-PERPETUAL,TICK,0,3885.75,0
1762011584517,ETH-PERPETUAL,TICK,0,3885.75,0
1762011584555,ETH-PERPETUAL,TICK,0,3884.25,0
1762011584560,ETH-PERPETUAL,TICK,0,3884.25,0
1762011584590,ETH-PERPETUAL,TICK,0,3885.7,0
1762011584594,ETH-PERPETUAL,TICK,0,3885.7,0
1762011584625,ETH-PERPETUAL,TICK,0,3884.35,0
1762011584629,ETH-PERPETUAL,TICK,0,3884.35,0
1762011584659,ETH-PERPETUAL,TICK,0,3885.65,0
1762011584664,ETH-PERPETUAL,TICK,0,3885.65,0
1762011584694,ETH-PERPETUAL,TICK,0,3884.4,0
1762011584700,ETH-PERPETUAL,TICK,0,3884.4,0
1762011584732,ETH-PERPETUAL,TICK,0,3885.6,0
1762011584742,ETH-PERPETUAL,TICK,0,3885.6,0
1762011584784,ETH-PERPETUAL,TICK,0,3884.5,0
1762011584793,ETH-PERPETUAL,TICK,0,3884.5,0
1762011584821,ETH-PERPETUAL,TICK,0,3885.5,0
1762011584824,ETH-PERPETUAL,TICK,0,3885.5,0
1762011584857,ETH-PERPETUAL,TICK,0,3885.25,0
1762011584863,ETH-PERPETUAL,TICK,0,3885.25,0
1762011584902,ETH-PERPETUAL,TICK,0,3885.35,0
1762011584914,ETH-PERPETUAL,TICK,0,3885.35,0
1762011584946,ETH-PERPETUAL,TICK,0,3885.3,0
1762011584949,ETH-PERPETUAL,TICK,0,3885.3,0
1762011584990,BTC-PERPETUAL,TICK,0,110010,0
1762011584995,BTC-PERPETUAL,TICK,0,110010,0
1762011585033,BTC-PERPETUAL,TICK,0,110010,0
1762011585039,BTC-PERPETUAL,TICK,0,110010,0
1762011585075,BTC-PERPETUAL,TICK,0,110038,0
1762011585079,BTC-PERPETUAL,TICK,0,110038,0
1762011585115,BTC-PERPETUAL,TICK,0,109991,0
1762011585121,BTC-PERPETUAL,TICK,0,109991,0
1762011585157,BTC-PERPETUAL,TICK,0,110037,0
1762011585164,BTC-PERPETUAL,TICK,0,110037,0
1762011585207,BTC-PERPETUAL,TICK,0,109992,0
1762011585212,BTC-PERPETUAL,TICK,0,109992,0
1762011585246,BTC-PERPETUAL,TICK,0,110036,0
1762011585252,BTC-PERPETUAL,TICK,0,110036,0
1762011585285,BTC-PERPETUAL,TICK,0,109993,0
1762011585288,BTC-PERPETUAL,TICK,0,109993,0
1762011585324,BTC-PERPETUAL,TICK,0,110034,0
1762011585330,BTC-PERPETUAL,TICK,0,110034,0
1762011585362,BTC-PERPETUAL,TICK,0,109994,0
1762011585368,BTC-PERPETUAL,TICK,0,109994,0
1762011585405,BTC-PERPETUAL,TICK,0,110033,0
1762011585412,BTC-PERPETUAL,TICK,0,110033,0
1762011585446,BTC-PERPETUAL,TICK,0,109996,0
1762011585451,BTC-PERPETUAL,TICK,0,109996,0
1762011585483,BTC-PERPETUAL,TICK,0,110032,0
1762011585487,BTC-PERPETUAL,TICK,0,110032,0
1762011585519,BTC-PERPETUAL,TICK,0,110000,0
1762011585522,BTC-PERPETUAL,TICK,0,110000,0
1762011585561,BTC-PERPETUAL,TICK,0,110028,0
1762011585565,BTC-PERPETUAL,TICK,0,110028,0
1762011585600,BTC-PERPETUAL,TICK,0,110000,0
1762011585605,BTC-PERPETUAL,TICK,0,110000,0
1762011585638,BTC-PERPETUAL,TICK,0,110028,0
1762011585644,BTC-PERPETUAL,TICK,0,110028,0
1762011585677,BTC-PERPETUAL,TICK,0,110000,0
1762011585684,BTC-PERPETUAL,TICK,0,110000,0
1762011585719,BTC-PERPETUAL,TICK,0,110024,0
1762011585726,BTC-PERPETUAL,TICK,0,110024,0
1762011585760,BTC-PERPETUAL,TICK,0,110002,0
1762011585764,BTC-PERPETUAL,TICK,0,110002,0
1762011585802,BTC-PERPETUAL,TICK,0,110024,0
1762011585811,BTC-PERPETUAL,TICK,0,110024,0
1762011585843,BTC-PERPETUAL,TICK,0,110002,0
1762011585848,BTC-PERPETUAL,TICK,0,110002,0
1762011585884,BTC-PERPETUAL,TICK,0,110023,0
1762011585890,BTC-PERPETUAL,TICK,0,110023,0
1762011585927,BTC-PERPETUAL,TICK,0,110006,0
1762011585931,BTC-PERPETUAL,TICK,0,110006,0
1762011585966,BTC-PERPETUAL,TICK,0,110022,0
1762011585971,BTC-PERPETUAL,TICK,0,110022,0
1762011586005,BTC-PERPETUAL,TICK,0,110006,0
1762011586011,BTC-PERPETUAL,TICK,0,110006,0
1762011586045,BTC-PERPETUAL,TICK,0,110022,0
1762011586052,BTC-PERPETUAL,TICK,0,110022,0
1762011586092,BTC-PERPETUAL,TICK,0,110007,0
1762011586097,BTC-PERPETUAL,TICK,0,110007,0
1762011586130,BTC-PERPETUAL,TICK,0,110022,0
1762011586136,BTC-PERPETUAL,TICK,0,110022,0
1762011586172,BTC-PERPETUAL,TICK,0,110008,0
1762011586176,BTC-PERPETUAL,TICK,0,110008,0
1762011586211,BTC-PERPETUAL,TICK,0,110018,0
1762011586217,BTC-PERPETUAL,TICK,0,110018,0
1762011586248,BTC-PERPETUAL,TICK,0,110008,0
1762011586254,BTC-PERPETUAL,TICK,0,110008,0
1762011586292,BTC-PERPETUAL,TICK,0,110016,0
1762011586299,BTC-PERPETUAL,TICK,0,110016,0
1762011586334,BTC-PERPETUAL,TICK,0,110008,0
1762011586341,BTC-PERPETUAL,TICK,0,110008,0
1762011586377,BTC-PERPETUAL,TICK,0,110016,0
1762011586386,BTC-PERPETUAL,TICK,0,110016,0
1762011586433,BTC-PERPETUAL,TICK,0,110009,0
1762011586439,BTC-PERPETUAL,TICK,0,110009,0
1762011586475,BTC-PERPETUAL,TICK,0,110011,0
1762011586480,BTC-PERPETUAL,TICK,0,110011,0
1762011586513,BTC-PERPETUAL,TICK,0,110010,0
1762011586518,BTC-PERPETUAL,TICK,0,110010,0
1762011586550,BTC-PERPETUAL,TICK,0,110010,0
1762011586556,BTC-PERPETUAL,TICK,0,110010,0
1762011586590,BTC-PERPETUAL,TICK,0,110010,0
1762011586596,BTC-PERPETUAL,TICK,0,110010,0
1762011588700,ETH-PERPETUAL,TICK,0,3886.75,0
1762011588708,ETH-PERPETUAL,TICK,0,3886.75,0
1762011588743,ETH-PERPETUAL,TICK,0,3883.1,0
1762011588749,ETH-PERPETUAL,TICK,0,3883.1,0
1762011588785,ETH-PERPETUAL,TICK,0,3886.7,0
1762011588790,ETH-PERPETUAL,TICK,0,3886.7,0
1762011588822,ETH-PERPETUAL,TICK,0,3883.15,0
1762011588828,ETH-PERPETUAL,TICK,0,3883.15,0
1762011588862,ETH-PERPETUAL,TICK,0,3886.65,0
1762011588867,ETH-PERPETUAL,TICK,0,3886.65,0
1762011588893,ETH-PERPETUAL,TICK,0,3883.35,0
1762011588899,ETH-PERPETUAL,TICK,0,3883.35,0
1762011588924,ETH-PERPETUAL,TICK,0,3886.6,0
1762011588928,ETH-PERPETUAL,TICK,0,3886.6,0
1762011588958,ETH-PERPETUAL,TICK,0,3883.4,0
1762011588965,ETH-PERPETUAL,TICK,0,3883.4,0
1762011588994,ETH-PERPETUAL,TICK,0,3886.5,0
1762011588998,ETH-PERPETUAL,TICK,0,3886.5,0
1762011589032,ETH-PERPETUAL,TICK,0,3883.55,0
1762011589038,ETH-PERPETUAL,TICK,0,3883.55,0
1762011589069,ETH-PERPETUAL,TICK,0,3886.4,0
1762011589073,ETH-PERPETUAL,TICK,0,3886.4,0
1762011589105,ETH-PERPETUAL,TICK,0,3883.6,0
1762011589111,ETH-PERPETUAL,TICK,0,3883.6,0
1762011589141,ETH-PERPETUAL,TICK,0,3886.25,0
1762011589146,ETH-PERPETUAL,TICK,0,3886.25,0
1762011589177,ETH-PERPETUAL,TICK,0,3883.65,0
1762011589184,ETH-PERPETUAL,TICK,0,3883.65,0
1762011589221,ETH-PERPETUAL,TICK,0,3886.2,0
1762011589228,ETH-PERPETUAL,TICK,0,3886.2,0
1762011589259,ETH-PERPETUAL,TICK,0,3883.75,0
1762011589264,ETH-PERPETUAL,TICK,0,3883.75,0
1762011589298,ETH-PERPETUAL,TICK,0,3886.15,0
1762011589303,ETH-PERPETUAL,TICK,0,3886.15,0
1762011589330,ETH-PERPETUAL,TICK,0,3883.8,0
1762011589337,ETH-PERPETUAL,TICK,0,3883.8,0
1762011589367,ETH-PERPETUAL,TICK,0,3886.05,0
1762011589370,ETH-PERPETUAL,TICK,0,3886.05,0
1762011589426,ETH-PERPETUAL,TICK,0,3883.85,0
1762011589430,ETH-PERPETUAL,TICK,0,3883.85,0
1762011589465,ETH-PERPETUAL,TICK,0,3886,0
1762011589470,ETH-PERPETUAL,TICK,0,3886,0
1762011589503,ETH-PERPETUAL,TICK,0,3884,0
1762011589508,ETH-PERPETUAL,TICK,0,3884,0
1762011589540,ETH-PERPETUAL,TICK,0,3885.85,0
1762011589548,ETH-PERPETUAL,TICK,0,3885.85,0
1762011589584,ETH-PERPETUAL,TICK,0,3884.05,0
1762011589589,ETH-PERPETUAL,TICK,0,3884.05,0
1762011589615,ETH-PERPETUAL,TICK,0,3885.8,0
1762011589619,ETH-PERPETUAL,TICK,0,3885.8,0
1762011589645,ETH-PERPETUAL,TICK,0,3884.1,0
1762011589650,ETH-PERPETUAL,TICK,0,3884.1,0
1762011589680,ETH-PERPETUAL,TICK,0,3885.75,0
1762011589687,ETH-PERPETUAL,TICK,0,3885.75,0
1762011589718,ETH-PERPETUAL,TICK,0,3884.15,0
1762011589722,ETH-PERPETUAL,TICK,0,3884.15,0
1762011589760,ETH-PERPETUAL,TICK,0,3885.7,0
1762011589765,ETH-PERPETUAL,TICK,0,3885.7,0
1762011589797,ETH-PERPETUAL,TICK,0,3884.25,0
1762011589801,ETH-PERPETUAL,TICK,0,3884.25,0
1762011589837,ETH-PERPETUAL,TICK,0,3885.65,0
1762011589843,ETH-PERPETUAL,TICK,0,3885.65,0
1762011589882,ETH-PERPETUAL,TICK,0,3884.35,0
1762011589888,ETH-PERPETUAL,TICK,0,3884.35,0
1762011589923,ETH-PERPETUAL,TICK,0,3885.6,0
1762011589932,ETH-PERPETUAL,TICK,0,3885.6,0
1762011589969,ETH-PERPETUAL,TICK,0,3884.4,0
1762011589974,ETH-PERPETUAL,TICK,0,3884.4,0
1762011590015,ETH-PERPETUAL,TICK,0,3885.55,0
1762011590023,ETH-PERPETUAL,TICK,0,3885.55,0
1762011590057,ETH-PERPETUAL,TICK,0,3884.5,0
1762011590064,ETH-PERPETUAL,TICK,0,3884.5,0
1762011590104,ETH-PERPETUAL,TICK,0,3885.5,0
1762011590110,ETH-PERPETUAL,TICK,0,3885.5,0
1762011590149,ETH-PERPETUAL,TICK,0,3885.25,0
1762011590155,ETH-PERPETUAL,TICK,0,3885.25,0
1762011590187,ETH-PERPETUAL,TICK,0,3885.35,0
1762011590192,ETH-PERPETUAL,TICK,0,3885.35,0
1762011590227,ETH-PERPETUAL,TICK,0,3885.3,0
1762011590232,ETH-PERPETUAL,TICK,0,3885.3,0
1762011590268,BTC-PERPETUAL,TICK,0,110010,0
1762011590274,BTC-PERPETUAL,TICK,0,110010,0
1762011590315,BTC-PERPETUAL,TICK,0,110010,0
1762011590320,BTC-PERPETUAL,TICK,0,110010,0
1762011590358,BTC-PERPETUAL,TICK,0,110033,0
1762011590363,BTC-PERPETUAL,TICK,0,110033,0
1762011590399,BTC-PERPETUAL,TICK,0,109992,0
1762011590404,BTC-PERPETUAL,TICK,0,109992,0
1762011590443,BTC-PERPETUAL,TICK,0,110030,0
1762011590448,BTC-PERPETUAL,TICK,0,110030,0
1762011590490,BTC-PERPETUAL,TICK,0,109993,0
1762011590496,BTC-PERPETUAL,TICK,0,109993,0
1762011590526,BTC-PERPETUAL,TICK,0,110028,0
1762011590529,BTC-PERPETUAL,TICK,0,110028,0
1762011590560,BTC-PERPETUAL,TICK,0,109994,0
1762011590563,BTC-PERPETUAL,TICK,0,109994,0
1762011590594,BTC-PERPETUAL,TICK,0,110028,0
1762011590601,BTC-PERPETUAL,TICK,0,110028,0
1762011590633,BTC-PERPETUAL,TICK,0,109994,0
1762011590638,BTC-PERPETUAL,TICK,0,109994,0
1762011590669,BTC-PERPETUAL,TICK,0,110027,0
1762011590675,BTC-PERPETUAL,TICK,0,110027,0
1762011590705,BTC-PERPETUAL,TICK,0,109996,0
1762011590710,BTC-PERPETUAL,TICK,0,109996,0
1762011590743,BTC-PERPETUAL,TICK,0,110026,0
1762011590750,BTC-PERPETUAL,TICK,0,110026,0
1762011590785,BTC-PERPETUAL,TICK,0,110000,0
1762011590790,BTC-PERPETUAL,TICK,0,110000,0
1762011590822,BTC-PERPETUAL,TICK,0,110026,0
1762011590826,BTC-PERPETUAL,TICK,0,110026,0
1762011590876,BTC-PERPETUAL,TICK,0,110000,0
1762011590887,BTC-PERPETUAL,TICK,0,110000,0
1762011590928,BTC-PERPETUAL,TICK,0,110026,0
1762011590934,BTC-PERPETUAL,TICK,0,110026,0
1762011590962,BTC-PERPETUAL,TICK,0,110002,0
1762011590970,BTC-PERPETUAL,TICK,0,110002,0
1762011590997,BTC-PERPETUAL,TICK,0,110023,0
1762011591005,BTC-PERPETUAL,TICK,0,110023,0
1762011591040,BTC-PERPETUAL,TICK,0,110004,0
1762011591045,BTC-PERPETUAL,TICK,0,110004,0
1762011591075,BTC-PERPETUAL,TICK,0,110022,0
1762011591079,BTC-PERPETUAL,TICK,0,110022,0
1762011591109,BTC-PERPETUAL,TICK,0,110004,0
1762011591116,BTC-PERPETUAL,TICK,0,110004,0
1762011591142,BTC-PERPETUAL,TICK,0,110022,0
1762011591149,BTC-PERPETUAL,TICK,0,110022,0
1762011591183,BTC-PERPETUAL,TICK,0,110006,0
1762011591190,BTC-PERPETUAL,TICK,0,110006,0
1762011591223,BTC-PERPETUAL,TICK,0,110021,0
1762011591227,BTC-PERPETUAL,TICK,0,110021,0
1762011591256,BTC-PERPETUAL,TICK,0,110006,0
1762011591260,BTC-PERPETUAL,TICK,0,110006,0
1762011591296,BTC-PERPETUAL,TICK,0,110019,0
1762011591300,BTC-PERPETUAL,TICK,0,110019,0
1762011591330,BTC-PERPETUAL,TICK,0,110007,0
1762011591334,BTC-PERPETUAL,TICK,0,110007,0
1762011591360,BTC-PERPETUAL,TICK,0,110018,0
1762011591363,BTC-PERPETUAL,TICK,0,110018,0
1762011591390,BTC-PERPETUAL,TICK,0,110008,0
1762011591395,BTC-PERPETUAL,TICK,0,110008,0
1762011591426,BTC-PERPETUAL,TICK,0,110017,0
1762011591432,BTC-PERPETUAL,TICK,0,110017,0
1762011591459,BTC-PERPETUAL,TICK,0,110008,0
1762011591464,BTC-PERPETUAL,TICK,0,110008,0
1762011591488,BTC-PERPETUAL,TICK,0,110016,0
1762011591493,BTC-PERPETUAL,TICK,0,110016,0
1762011591521,BTC-PERPETUAL,TICK,0,110008,0
1762011591530,BTC-PERPETUAL,TICK,0,110008,0
1762011591566,BTC-PERPETUAL,TICK,0,110016,0
1762011591570,BTC-PERPETUAL,TICK,0,110016,0
1762011591597,BTC-PERPETUAL,TICK,0,110009,0
1762011591601,BTC-PERPETUAL,TICK,0,110009,0
1762011591637,BTC-PERPETUAL,TICK,0,110011,0
1762011591646,BTC-PERPETUAL,TICK,0,110011,0
1762011591678,BTC-PERPETUAL,TICK,0,110010,0
1762011591682,BTC-PERPETUAL,TICK,0,110010,0
1762011591711,BTC-PERPETUAL,TICK,0,110010,0
1762011591716,BTC-PERPETUAL,TICK,0,110010,0
1762011591744,BTC-PERPETUAL,TICK,0,110010,0
1762011591748,BTC-PERPETUAL,TICK,0,110010,0
1762011593973,ETH-PERPETUAL,TICK,0,3886.95,0
1762011593978,ETH-PERPETUAL,TICK,0,3886.95,0
1762011594004,ETH-PERPETUAL,TICK,0,3883.15,0
1762011594009,ETH-PERPETUAL,TICK,0,3883.15,0
1762011594033,ETH-PERPETUAL,TICK,0,3886.8,0
1762011594037,ETH-PERPETUAL,TICK,0,3886.8,0
1762011594061,ETH-PERPETUAL,TICK,0,3883.35,0
1762011594064,ETH-PERPETUAL,TICK,0,3883.35,0
1762011594093,ETH-PERPETUAL,TICK,0,3886.75,0
1762011594097,ETH-PERPETUAL,TICK,0,3886.75,0
1762011594127,ETH-PERPETUAL,TICK,0,3883.4,0
1762011594132,ETH-PERPETUAL,TICK,0,3883.4,0
1762011594157,ETH-PERPETUAL,TICK,0,3886.7,0
1762011594162,ETH-PERPETUAL,TICK,0,3886.7,0
1762011594193,ETH-PERPETUAL,TICK,0,3883.55,0
1762011594197,ETH-PERPETUAL,TICK,0,3883.55,0
1762011594221,ETH-PERPETUAL,TICK,0,3886.5,0
1762011594225,ETH-PERPETUAL,TICK,0,3886.5,0
1762011594253,ETH-PERPETUAL,TICK,0,3883.6,0
1762011594257,ETH-PERPETUAL,TICK,0,3883.6,0
1762011594287,ETH-PERPETUAL,TICK,0,3886.4,0
1762011594294,ETH-PERPETUAL,TICK,0,3886.4,0
1762011594329,ETH-PERPETUAL,TICK,0,3883.65,0
1762011594333,ETH-PERPETUAL,TICK,0,3883.65,0
1762011594363,ETH-PERPETUAL,TICK,0,3886.35,0
1762011594367,ETH-PERPETUAL,TICK,0,3886.35,0
1762011594398,ETH-PERPETUAL,TICK,0,3883.75,0
1762011594402,ETH-PERPETUAL,TICK,0,3883.75,0
1762011594432,ETH-PERPETUAL,TICK,0,3886.25,0
1762011594438,ETH-PERPETUAL,TICK,0,3886.25,0
1762011594466,ETH-PERPETUAL,TICK,0,3883.8,0
1762011594472,ETH-PERPETUAL,TICK,0,3883.8,0
1762011594501,ETH-PERPETUAL,TICK,0,3886.15,0
1762011594507,ETH-PERPETUAL,TICK,0,3886.15,0
1762011594548,ETH-PERPETUAL,TICK,0,3883.85,0
1762011594555,ETH-PERPETUAL,TICK,0,3883.85,0
1762011594583,ETH-PERPETUAL,TICK,0,3886.05,0
1762011594587,ETH-PERPETUAL,TICK,0,3886.05,0
1762011594615,ETH-PERPETUAL,TICK,0,3883.9,0
1762011594619,ETH-PERPETUAL,TICK,0,3883.9,0
1762011594649,ETH-PERPETUAL,TICK,0,3886,0
1762011594657,ETH-PERPETUAL,TICK,0,3886,0
1762011594687,ETH-PERPETUAL,TICK,0,3884,0
1762011594693,ETH-PERPETUAL,TICK,0,3884,0
1762011594718,ETH-PERPETUAL,TICK,0,3885.85,0
1762011594722,ETH-PERPETUAL,TICK,0,3885.85,0
1762011594750,ETH-PERPETUAL,TICK,0,3884.05,0
1762011594756,ETH-PERPETUAL,TICK,0,3884.05,0
1762011594784,ETH-PERPETUAL,TICK,0,3885.8,0
1762011594788,ETH-PERPETUAL,TICK,0,3885.8,0
1762011594816,ETH-PERPETUAL,TICK,0,3884.1,0
1762011594821,ETH-PERPETUAL,TICK,0,3884.1,0
1762011594860,ETH-PERPETUAL,TICK,0,3885.75,0
1762011594863,ETH-PERPETUAL,TICK,0,3885.75,0
1762011594892,ETH-PERPETUAL,TICK,0,3884.15,0
1762011594896,ETH-PERPETUAL,TICK,0,3884.15,0
1762011594927,ETH-PERPETUAL,TICK,0,3885.7,0
1762011594934,ETH-PERPETUAL,TICK,0,3885.7,0
1762011594959,ETH-PERPETUAL,TICK,0,3884.25,0
1762011594962,ETH-PERPETUAL,TICK,0,3884.25,0
1762011594989,ETH-PERPETUAL,TICK,0,3885.65,0
1762011594992,ETH-PERPETUAL,TICK,0,3885.65,0
1762011595025,ETH-PERPETUAL,TICK,0,3884.4,0
1762011595031,ETH-PERPETUAL,TICK,0,3884.4,0
1762011595074,ETH-PERPETUAL,TICK,0,3885.6,0
1762011595078,ETH-PERPETUAL,TICK,0,3885.6,0
1762011595114,ETH-PERPETUAL,TICK,0,3884.5,0
1762011595117,ETH-PERPETUAL,TICK,0,3884.5,0
1762011595146,ETH-PERPETUAL,TICK,0,3885.55,0
1762011595150,ETH-PERPETUAL,TICK,0,3885.55,0
1762011595180,ETH-PERPETUAL,TICK,0,3884.75,0
1762011595186,ETH-PERPETUAL,TICK,0,3884.75,0
1762011595211,ETH-PERPETUAL,TICK,0,3885.5,0
1762011595213,ETH-PERPETUAL,TICK,0,3885.5,0
1762011595244,ETH-PERPETUAL,TICK,0,3885.25,0
1762011595249,ETH-PERPETUAL,TICK,0,3885.25,0
1762011595284,ETH-PERPETUAL,TICK,0,3885.35,0
1762011595290,ETH-PERPETUAL,TICK,0,3885.35,0
1762011595327,ETH-PERPETUAL,TICK,0,3885.3,0
1762011595329,ETH-PERPETUAL,TICK,0,3885.3,0
1762011595539,BTC-PERPETUAL,TICK,0,110010,0
1762011595544,BTC-PERPETUAL,TICK,0,110010,0
1762011595579,BTC-PERPETUAL,TICK,0,110010,0
1762011595582,BTC-PERPETUAL,TICK,0,110010,0
1762011595624,BTC-PERPETUAL,TICK,0,110033,0
1762011595629,BTC-PERPETUAL,TICK,0,110033,0
1762011595654,BTC-PERPETUAL,TICK,0,109992,0
1762011595657,BTC-PERPETUAL,TICK,0,109992,0
1762011595693,BTC-PERPETUAL,TICK,0,110032,0
1762011595702,BTC-PERPETUAL,TICK,0,110032,0
1762011595733,BTC-PERPETUAL,TICK,0,109993,0
1762011595737,BTC-PERPETUAL,TICK,0,109993,0
1762011595768,BTC-PERPETUAL,TICK,0,110032,0
1762011595771,BTC-PERPETUAL,TICK,0,110032,0
1762011595799,BTC-PERPETUAL,TICK,0,109994,0
1762011595803,BTC-PERPETUAL,TICK,0,109994,0
1762011595845,BTC-PERPETUAL,TICK,0,110031,0
1762011595853,BTC-PERPETUAL,TICK,0,110031,0
1762011595884,BTC-PERPETUAL,TICK,0,109994,0
1762011595888,BTC-PERPETUAL,TICK,0,109994,0
1762011595916,BTC-PERPETUAL,TICK,0,110030,0
1762011595921,BTC-PERPETUAL,TICK,0,110030,0
1762011595951,BTC-PERPETUAL,TICK,0,109995,0
1762011595957,BTC-PERPETUAL,TICK,0,109995,0
1762011595987,BTC-PERPETUAL,TICK,0,110029,0
1762011595992,BTC-PERPETUAL,TICK,0,110029,0
1762011596023,BTC-PERPETUAL,TICK,0,109996,0
1762011596028,BTC-PERPETUAL,TICK,0,109996,0
1762011596056,BTC-PERPETUAL,TICK,0,110028,0
1762011596063,BTC-PERPETUAL,TICK,0,110028,0
1762011596092,BTC-PERPETUAL,TICK,0,110000,0
1762011596098,BTC-PERPETUAL,TICK,0,110000,0
1762011596137,BTC-PERPETUAL,TICK,0,110028,0
1762011596143,BTC-PERPETUAL,TICK,0,110028,0
1762011596170,BTC-PERPETUAL,TICK,0,110000,0
1762011596173,BTC-PERPETUAL,TICK,0,110000,0
1762011596207,BTC-PERPETUAL,TICK,0,110026,0
1762011596213,BTC-PERPETUAL,TICK,0,110026,0
1762011596248,BTC-PERPETUAL,TICK,0,110002,0
1762011596254,BTC-PERPETUAL,TICK,0,110002,0
1762011596284,BTC-PERPETUAL,TICK,0,110026,0
1762011596289,BTC-PERPETUAL,TICK,0,110026,0
1762011596323,BTC-PERPETUAL,TICK,0,110003,0
1762011596329,BTC-PERPETUAL,TICK,0,110003,0
1762011596369,BTC-PERPETUAL,TICK,0,110023,0
1762011596374,BTC-PERPETUAL,TICK,0,110023,0
1762011596406,BTC-PERPETUAL,TICK,0,110006,0
1762011596412,BTC-PERPETUAL,TICK,0,110006,0
1762011596444,BTC-PERPETUAL,TICK,0,110022,0
1762011596448,BTC-PERPETUAL,TICK,0,110022,0
1762011596481,BTC-PERPETUAL,TICK,0,110006,0
1762011596486,BTC-PERPETUAL,TICK,0,110006,0
1762011596523,BTC-PERPETUAL,TICK,0,110022,0
1762011596532,BTC-PERPETUAL,TICK,0,110022,0
1762011596567,BTC-PERPETUAL,TICK,0,110007,0
1762011596573,BTC-PERPETUAL,TICK,0,110007,0
1762011596611,BTC-PERPETUAL,TICK,0,110019,0
1762011596614,BTC-PERPETUAL,TICK,0,110019,0
1762011596653,BTC-PERPETUAL,TICK,0,110008,0
1762011596658,BTC-PERPETUAL,TICK,0,110008,0
1762011596697,BTC-PERPETUAL,TICK,0,110018,0
1762011596704,BTC-PERPETUAL,TICK,0,110018,0
1762011596740,BTC-PERPETUAL,TICK,0,110008,0
1762011596745,BTC-PERPETUAL,TICK,0,110008,0
1762011596776,BTC-PERPETUAL,TICK,0,110018,0
1762011596780,BTC-PERPETUAL,TICK,0,110018,0
1762011596814,BTC-PERPETUAL,TICK,0,110008,0
1762011596820,BTC-PERPETUAL,TICK,0,110008,0
1762011596855,BTC-PERPETUAL,TICK,0,110016,0
1762011596861,BTC-PERPETUAL,TICK,0,110016,0
1762011596897,BTC-PERPETUAL,TICK,0,110009,0
1762011596902,BTC-PERPETUAL,TICK,0,110009,0
1762011596940,BTC-PERPETUAL,TICK,0,110011,0
1762011596947,BTC-PERPETUAL,TICK,0,110011,0
1762011596986,BTC-PERPETUAL,TICK,0,110010,0
1762011596993,BTC-PERPETUAL,TICK,0,110010,0
1762011597039,BTC-PERPETUAL,TICK,0,110010,0
1762011597045,BTC-PERPETUAL,TICK,0,110010,0
1762011597082,BTC-PERPETUAL,TICK,0,110010,0
1762011597087,BTC-PERPETUAL,TICK,0,110010,0
1762011597569,ETH-PERPETUAL,TICK,0,3886.95,0
1762011597575,ETH-PERPETUAL,TICK,0,3886.95,0
1762011597605,ETH-PERPETUAL,TICK,0,3883.15,0
1762011597614,ETH-PERPETUAL,TICK,0,3883.15,0
1762011597643,ETH-PERPETUAL,TICK,0,3886.8,0
1762011597666,ETH-PERPETUAL,TICK,0,3886.8,0
1762011597679,ETH-PERPETUAL,TICK,0,3883.35,0
1762011597684,ETH-PERPETUAL,TICK,0,3883.35,0
1762011597709,ETH-PERPETUAL,TICK,0,3886.75,0
1762011597717,ETH-PERPETUAL,TICK,0,3886.75,0
1762011597752,ETH-PERPETUAL,TICK,0,3883.4,0
1762011597756,ETH-PERPETUAL,TICK,0,3883.4,0
1762011597785,ETH-PERPETUAL,TICK,0,3886.7,0
1762011597789,ETH-PERPETUAL,TICK,0,3886.7,0
1762011597822,ETH-PERPETUAL,TICK,0,3883.55,0
1762011597825,ETH-PERPETUAL,TICK,0,3883.55,0
1762011597862,ETH-PERPETUAL,TICK,0,3886.5,0
1762011597869,ETH-PERPETUAL,TICK,0,3886.5,0
1762011597903,ETH-PERPETUAL,TICK,0,3883.6,0
1762011597910,ETH-PERPETUAL,TICK,0,3883.6,0
1762011597937,ETH-PERPETUAL,TICK,0,3886.4,0
1762011597944,ETH-PERPETUAL,TICK,0,3886.4,0
1762011597971,ETH-PERPETUAL,TICK,0,3883.65,0
1762011597976,ETH-PERPETUAL,TICK,0,3883.65,0
1762011598004,ETH-PERPETUAL,TICK,0,3886.35,0
1762011598012,ETH-PERPETUAL,TICK,0,3886.35,0
1762011598049,ETH-PERPETUAL,TICK,0,3883.75,0
1762011598052,ETH-PERPETUAL,TICK,0,3883.75,0
1762011598088,ETH-PERPETUAL,TICK,0,3886.25,0
1762011598094,ETH-PERPETUAL,TICK,0,3886.25,0
1762011598124,ETH-PERPETUAL,TICK,0,3883.8,0
1762011598128,ETH-PERPETUAL,TICK,0,3883.8,0
1762011598159,ETH-PERPETUAL,TICK,0,3886.15,0
1762011598163,ETH-PERPETUAL,TICK,0,3886.15,0
1762011598194,ETH-PERPETUAL,TICK,0,3883.85,0
1762011598200,ETH-PERPETUAL,TICK,0,3883.85,0
1762011598227,ETH-PERPETUAL,TICK,0,3886.05,0
1762011598236,ETH-PERPETUAL,TICK,0,3886.05,0
1762011598279,ETH-PERPETUAL,TICK,0,3883.9,0
1762011598284,ETH-PERPETUAL,TICK,0,3883.9,0
1762011598312,ETH-PERPETUAL,TICK,0,3886,0
1762011598318,ETH-PERPETUAL,TICK,0,3886,0
1762011598347,ETH-PERPETUAL,TICK,0,3884,0
1762011598352,ETH-PERPETUAL,TICK,0,3884,0
1762011598382,ETH-PERPETUAL,TICK,0,3885.85,0
1762011598387,ETH-PERPETUAL,TICK,0,3885.85,0
1762011598421,ETH-PERPETUAL,TICK,0,3884.05,0
1762011598425,ETH-PERPETUAL,TICK,0,3884.05,0
1762011598456,ETH-PERPETUAL,TICK,0,3885.8,0
1762011598462,ETH-PERPETUAL,TICK,0,3885.8,0
1762011598503,ETH-PERPETUAL,TICK,0,3884.1,0
1762011598510,ETH-PERPETUAL,TICK,0,3884.1,0
1762011598545,ETH-PERPETUAL,TICK,0,3885.75,0
1762011598553,ETH-PERPETUAL,TICK,0,3885.75,0
1762011598583,ETH-PERPETUAL,TICK,0,3884.15,0
1762011598589,ETH-PERPETUAL,TICK,0,3884.15,0
1762011598625,ETH-PERPETUAL,TICK,0,3885.7,0
1762011598631,ETH-PERPETUAL,TICK,0,3885.7,0
1762011598662,ETH-PERPETUAL,TICK,0,3884.25,0
1762011598667,ETH-PERPETUAL,TICK,0,3884.25,0
1762011598699,ETH-PERPETUAL,TICK,0,3885.65,0
1762011598703,ETH-PERPETUAL,TICK,0,3885.65,0
1762011598733,ETH-PERPETUAL,TICK,0,3884.4,0
1762011598739,ETH-PERPETUAL,TICK,0,3884.4,0
1762011598776,ETH-PERPETUAL,TICK,0,3885.6,0
1762011598779,ETH-PERPETUAL,TICK,0,3885.6,0
1762011598815,ETH-PERPETUAL,TICK,0,3884.5,0
1762011598820,ETH-PERPETUAL,TICK,0,3884.5,0
1762011598853,ETH-PERPETUAL,TICK,0,3885.55,0
1762011598856,ETH-PERPETUAL,TICK,0,3885.55,0
1762011598894,ETH-PERPETUAL,TICK,0,3884.75,0
1762011598897,ETH-PERPETUAL,TICK,0,3884.75,0
1762011598934,ETH-PERPETUAL,TICK,0,3885.5,0
1762011598939,ETH-PERPETUAL,TICK,0,3885.5,0
1762011598976,ETH-PERPETUAL,TICK,0,3885.25,0
1762011598982,ETH-PERPETUAL,TICK,0,3885.25,0
1762011599016,ETH-PERPETUAL,TICK,0,3885.35,0
1762011599021,ETH-PERPETUAL,TICK,0,3885.35,0
1762011599057,ETH-PERPETUAL,TICK,0,3885.3,0
1762011599062,ETH-PERPETUAL,TICK,0,3885.3,0
1762011599132,BTC-PERPETUAL,TICK,0,110010,0
1762011599138,BTC-PERPETUAL,TICK,0,110010,0
1762011599169,BTC-PERPETUAL,TICK,0,110010,0
1762011599175,BTC-PERPETUAL,TICK,0,110010,0
1762011599207,BTC-PERPETUAL,TICK,0,110036,0
1762011599214,BTC-PERPETUAL,TICK,0,110036,0
1762011599264,BTC-PERPETUAL,TICK,0,109992,0
1762011599270,BTC-PERPETUAL,TICK,0,109992,0
1762011599305,BTC-PERPETUAL,TICK,0,110036,0
1762011599313,BTC-PERPETUAL,TICK,0,110036,0
1762011599352,BTC-PERPETUAL,TICK,0,109993,0
1762011599357,BTC-PERPETUAL,TICK,0,109993,0
1762011599390,BTC-PERPETUAL,TICK,0,110034,0
1762011599396,BTC-PERPETUAL,TICK,0,110034,0
1762011599428,BTC-PERPETUAL,TICK,0,109994,0
1762011599433,BTC-PERPETUAL,TICK,0,109994,0
1762011599464,BTC-PERPETUAL,TICK,0,110033,0
1762011599469,BTC-PERPETUAL,TICK,0,110033,0
1762011599513,BTC-PERPETUAL,TICK,0,109994,0
1762011599519,BTC-PERPETUAL,TICK,0,109994,0
1762011599556,BTC-PERPETUAL,TICK,0,110032,0
1762011599560,BTC-PERPETUAL,TICK,0,110032,0
1762011599594,BTC-PERPETUAL,TICK,0,109996,0
1762011599598,BTC-PERPETUAL,TICK,0,109996,0
1762011599630,BTC-PERPETUAL,TICK,0,110029,0
1762011599635,BTC-PERPETUAL,TICK,0,110029,0
1762011599675,BTC-PERPETUAL,TICK,0,109996,0
1762011599680,BTC-PERPETUAL,TICK,0,109996,0
1762011599721,BTC-PERPETUAL,TICK,0,110028,0
1762011599729,BTC-PERPETUAL,TICK,0,110028,0
1762011599765,BTC-PERPETUAL,TICK,0,110000,0
1762011599772,BTC-PERPETUAL,TICK,0,110000,0
1762011599804,BTC-PERPETUAL,TICK,0,110028,0
1762011599810,BTC-PERPETUAL,TICK,0,110028,0
1762011599848,BTC-PERPETUAL,TICK,0,110000,0
1762011599855,BTC-PERPETUAL,TICK,0,110000,0
1762011599897,BTC-PERPETUAL,TICK,0,110028,0
1762011599902,BTC-PERPETUAL,TICK,0,110028,0
1762011599939,BTC-PERPETUAL,TICK,0,110000,0
1762011599943,BTC-PERPETUAL,TICK,0,110000,0
1762011599976,BTC-PERPETUAL,TICK,0,110027,0
1762011599982,BTC-PERPETUAL,TICK,0,110027,0
1762011600014,BTC-PERPETUAL,TICK,0,110023,0
1762011600020,BTC-PERPETUAL,TICK,0,110023,0
1762011600057,BTC-PERPETUAL,TICK,0,110006,0
1762011600065,BTC-PERPETUAL,TICK,0,110006,0
1762011600102,BTC-PERPETUAL,TICK,0,110022,0
1762011600109,BTC-PERPETUAL,TICK,0,110022,0
1762011600148,BTC-PERPETUAL,TICK,0,110006,0
1762011600153,BTC-PERPETUAL,TICK,0,110006,0
1762011600190,BTC-PERPETUAL,TICK,0,110022,0
1762011600195,BTC-PERPETUAL,TICK,0,110022,0
1762011600231,BTC-PERPETUAL,TICK,0,110007,0
1762011600239,BTC-PERPETUAL,TICK,0,110007,0
1762011600271,BTC-PERPETUAL,TICK,0,110022,0
1762011600277,BTC-PERPETUAL,TICK,0,110022,0
1762011600317,BTC-PERPETUAL,TICK,0,110008,0
1762011600322,BTC-PERPETUAL,TICK,0,110008,0
1762011600358,BTC-PERPETUAL,TICK,0,110021,0
1762011600363,BTC-PERPETUAL,TICK,0,110021,0
1762011600396,BTC-PERPETUAL,TICK,0,110008,0
1762011600403,BTC-PERPETUAL,TICK,0,110008,0
1762011600439,BTC-PERPETUAL,TICK,0,110018,0
1762011600445,BTC-PERPETUAL,TICK,0,110018,0
1762011600482,BTC-PERPETUAL,TICK,0,110008,0
1762011600489,BTC-PERPETUAL,TICK,0,110008,0
1762011600528,BTC-PERPETUAL,TICK,0,110016,0
1762011600535,BTC-PERPETUAL,TICK,0,110016,0
1762011600576,BTC-PERPETUAL,TICK,0,110009,0
1762011600584,BTC-PERPETUAL,TICK,0,110009,0
1762011600618,BTC-PERPETUAL,TICK,0,110011,0
1762011600622,BTC-PERPETUAL,TICK,0,110011,0
1762011600652,BTC-PERPETUAL,TICK,0,110010,0
1762011600658,BTC-PERPETUAL,TICK,0,110010,0
1762011600692,BTC-PERPETUAL,TICK,0,110010,0
1762011600698,BTC-PERPETUAL,TICK,0,110010,0
1762011600729,BTC-PERPETUAL,TICK,0,110010,0
1762011600734,BTC-PERPETUAL,TICK,0,110010,0
1762011602845,ETH-PERPETUAL,TICK,0,3885.95,0
1762011602848,ETH-PERPETUAL,TICK,0,3885.95,0
1762011602869,ETH-PERPETUAL,TICK,0,3882.55,0
1762011602872,ETH-PERPETUAL,TICK,0,3882.55,0
1762011602895,ETH-PERPETUAL,TICK,0,3885.8,0
1762011602899,ETH-PERPETUAL,TICK,0,3885.8,0
1762011602920,ETH-PERPETUAL,TICK,0,3882.6,0
1762011602924,ETH-PERPETUAL,TICK,0,3882.6,0
1762011602944,ETH-PERPETUAL,TICK,0,3885.75,0
1762011602947,ETH-PERPETUAL,TICK,0,3885.75,0
1762011602970,ETH-PERPETUAL,TICK,0,3882.65,0
1762011602973,ETH-PERPETUAL,TICK,0,3882.65,0
1762011602996,ETH-PERPETUAL,TICK,0,3885.7,0
1762011602999,ETH-PERPETUAL,TICK,0,3885.7,0
1762011603023,ETH-PERPETUAL,TICK,0,3882.75,0
1762011603028,ETH-PERPETUAL,TICK,0,3882.75,0
1762011603055,ETH-PERPETUAL,TICK,0,3885.65,0
1762011603060,ETH-PERPETUAL,TICK,0,3885.65,0
1762011603085,ETH-PERPETUAL,TICK,0,3882.8,0
1762011603090,ETH-PERPETUAL,TICK,0,3882.8,0
1762011603122,ETH-PERPETUAL,TICK,0,3885.6,0
1762011603125,ETH-PERPETUAL,TICK,0,3885.6,0
1762011603155,ETH-PERPETUAL,TICK,0,3882.85,0
1762011603158,ETH-PERPETUAL,TICK,0,3882.85,0
1762011603192,ETH-PERPETUAL,TICK,0,3885.55,0
1762011603196,ETH-PERPETUAL,TICK,0,3885.55,0
1762011603225,ETH-PERPETUAL,TICK,0,3882.9,0
1762011603228,ETH-PERPETUAL,TICK,0,3882.9,0
1762011603265,ETH-PERPETUAL,TICK,0,3885.5,0
1762011603275,ETH-PERPETUAL,TICK,0,3885.5,0
1762011603307,ETH-PERPETUAL,TICK,0,3883,0
1762011603314,ETH-PERPETUAL,TICK,0,3883,0
1762011603346,ETH-PERPETUAL,TICK,0,3885.35,0
1762011603353,ETH-PERPETUAL,TICK,0,3885.35,0
1762011603394,ETH-PERPETUAL,TICK,0,3883.05,0
1762011603398,ETH-PERPETUAL,TICK,0,3883.05,0
1762011603429,ETH-PERPETUAL,TICK,0,3885.3,0
1762011603434,ETH-PERPETUAL,TICK,0,3885.3,0
1762011603459,ETH-PERPETUAL,TICK,0,3883.1,0
1762011603464,ETH-PERPETUAL,TICK,0,3883.1,0
1762011603496,ETH-PERPETUAL,TICK,0,3885.2,0
1762011603500,ETH-PERPETUAL,TICK,0,3885.2,0
1762011603529,ETH-PERPETUAL,TICK,0,3883.15,0
1762011603538,ETH-PERPETUAL,TICK,0,3883.15,0
1762011603572,ETH-PERPETUAL,TICK,0,3885.15,0
1762011603577,ETH-PERPETUAL,TICK,0,3885.15,0
1762011603611,ETH-PERPETUAL,TICK,0,3883.25,0
1762011603621,ETH-PERPETUAL,TICK,0,3883.25,0
1762011603658,ETH-PERPETUAL,TICK,0,3885.05,0
1762011603662,ETH-PERPETUAL,TICK,0,3885.05,0
1762011603691,ETH-PERPETUAL,TICK,0,3883.3,0
1762011603695,ETH-PERPETUAL,TICK,0,3883.3,0
1762011603726,ETH-PERPETUAL,TICK,0,3885,0
1762011603730,ETH-PERPETUAL,TICK,0,3885,0
1762011603760,ETH-PERPETUAL,TICK,0,3883.35,0
1762011603765,ETH-PERPETUAL,TICK,0,3883.35,0
1762011603789,ETH-PERPETUAL,TICK,0,3884.95,0
1762011603792,ETH-PERPETUAL,TICK,0,3884.95,0
1762011603821,ETH-PERPETUAL,TICK,0,3883.4,0
1762011603824,ETH-PERPETUAL,TICK,0,3883.4,0
1762011603852,ETH-PERPETUAL,TICK,0,3884.8,0
1762011603855,ETH-PERPETUAL,TICK,0,3884.8,0
1762011603884,ETH-PERPETUAL,TICK,0,3883.5,0
1762011603888,ETH-PERPETUAL,TICK,0,3883.5,0
1762011603921,ETH-PERPETUAL,TICK,0,3884.75,0
1762011603928,ETH-PERPETUAL,TICK,0,3884.75,0
1762011603967,ETH-PERPETUAL,TICK,0,3883.75,0
1762011603971,ETH-PERPETUAL,TICK,0,3883.75,0
1762011604014,ETH-PERPETUAL,TICK,0,3884.7,0
1762011604018,ETH-PERPETUAL,TICK,0,3884.7,0
1762011604058,ETH-PERPETUAL,TICK,0,3883.85,0
1762011604064,ETH-PERPETUAL,TICK,0,3883.85,0
1762011604106,ETH-PERPETUAL,TICK,0,3884.6,0
1762011604109,ETH-PERPETUAL,TICK,0,3884.6,0
1762011604145,ETH-PERPETUAL,TICK,0,3884,0
1762011604150,ETH-PERPETUAL,TICK,0,3884,0
1762011604182,ETH-PERPETUAL,TICK,0,3884.55,0
1762011604188,ETH-PERPETUAL,TICK,0,3884.55,0
1762011604230,ETH-PERPETUAL,TICK,0,3884.5,0
1762011604236,ETH-PERPETUAL,TICK,0,3884.5,0
1762011604407,BTC-PERPETUAL,TICK,0,110010,0
1762011604411,BTC-PERPETUAL,TICK,0,110010,0
1762011604442,BTC-PERPETUAL,TICK,0,110010,0
1762011604445,BTC-PERPETUAL,TICK,0,110010,0
1762011604472,BTC-PERPETUAL,TICK,0,110034,0
1762011604475,BTC-PERPETUAL,TICK,0,110034,0
1762011604504,BTC-PERPETUAL,TICK,0,109978,0
1762011604511,BTC-PERPETUAL,TICK,0,109978,0
1762011604540,BTC-PERPETUAL,TICK,0,110033,0
1762011604544,BTC-PERPETUAL,TICK,0,110033,0
1762011604573,BTC-PERPETUAL,TICK,0,109978,0
1762011604579,BTC-PERPETUAL,TICK,0,109978,0
1762011604618,BTC-PERPETUAL,TICK,0,110032,0
1762011604623,BTC-PERPETUAL,TICK,0,110032,0
1762011604647,BTC-PERPETUAL,TICK,0,109982,0
1762011604653,BTC-PERPETUAL,TICK,0,109982,0
1762011604680,BTC-PERPETUAL,TICK,0,110030,0
1762011604687,BTC-PERPETUAL,TICK,0,110030,0
1762011604732,BTC-PERPETUAL,TICK,0,109982,0
1762011604737,BTC-PERPETUAL,TICK,0,109982,0
1762011604764,BTC-PERPETUAL,TICK,0,110028,0
1762011604773,BTC-PERPETUAL,TICK,0,110028,0
1762011604807,BTC-PERPETUAL,TICK,0,109983,0
1762011604811,BTC-PERPETUAL,TICK,0,109983,0
1762011604842,BTC-PERPETUAL,TICK,0,110027,0
1762011604846,BTC-PERPETUAL,TICK,0,110027,0
1762011604875,BTC-PERPETUAL,TICK,0,109984,0
1762011604881,BTC-PERPETUAL,TICK,0,109984,0
1762011604909,BTC-PERPETUAL,TICK,0,110026,0
1762011604915,BTC-PERPETUAL,TICK,0,110026,0
1762011604941,BTC-PERPETUAL,TICK,0,109986,0
1762011604947,BTC-PERPETUAL,TICK,0,109986,0
1762011604971,BTC-PERPETUAL,TICK,0,110024,0
1762011604974,BTC-PERPETUAL,TICK,0,110024,0
1762011605007,BTC-PERPETUAL,TICK,0,109988,0
1762011605013,BTC-PERPETUAL,TICK,0,109988,0
1762011605043,BTC-PERPETUAL,TICK,0,110023,0
1762011605046,BTC-PERPETUAL,TICK,0,110023,0
1762011605075,BTC-PERPETUAL,TICK,0,109988,0
1762011605083,BTC-PERPETUAL,TICK,0,109988,0
1762011605119,BTC-PERPETUAL,TICK,0,110022,0
1762011605125,BTC-PERPETUAL,TICK,0,110022,0
1762011605152,BTC-PERPETUAL,TICK,0,109989,0
1762011605157,BTC-PERPETUAL,TICK,0,109989,0
1762011605187,BTC-PERPETUAL,TICK,0,110022,0
1762011605193,BTC-PERPETUAL,TICK,0,110022,0
1762011605223,BTC-PERPETUAL,TICK,0,109990,0
1762011605229,BTC-PERPETUAL,TICK,0,109990,0
1762011605256,BTC-PERPETUAL,TICK,0,110020,0
1762011605265,BTC-PERPETUAL,TICK,0,110020,0
1762011605305,BTC-PERPETUAL,TICK,0,109992,0
1762011605310,BTC-PERPETUAL,TICK,0,109992,0
1762011605340,BTC-PERPETUAL,TICK,0,110020,0
1762011605348,BTC-PERPETUAL,TICK,0,110020,0
1762011605395,BTC-PERPETUAL,TICK,0,109993,0
1762011605400,BTC-PERPETUAL,TICK,0,109993,0
1762011605431,BTC-PERPETUAL,TICK,0,110016,0
1762011605435,BTC-PERPETUAL,TICK,0,110016,0
1762011605462,BTC-PERPETUAL,TICK,0,109994,0
1762011605466,BTC-PERPETUAL,TICK,0,109994,0
1762011605497,BTC-PERPETUAL,TICK,0,110016,0
1762011605500,BTC-PERPETUAL,TICK,0,110016,0
1762011605531,BTC-PERPETUAL,TICK,0,109994,0
1762011605537,BTC-PERPETUAL,TICK,0,109994,0
1762011605569,BTC-PERPETUAL,TICK,0,110014,0
1762011605574,BTC-PERPETUAL,TICK,0,110014,0
1762011605609,BTC-PERPETUAL,TICK,0,109999,0
1762011605614,BTC-PERPETUAL,TICK,0,109999,0
1762011605645,BTC-PERPETUAL,TICK,0,110012,0
1762011605649,BTC-PERPETUAL,TICK,0,110012,0
1762011605685,BTC-PERPETUAL,TICK,0,110000,0
1762011605690,BTC-PERPETUAL,TICK,0,110000,0
1762011605729,BTC-PERPETUAL,TICK,0,110011,0
1762011605734,BTC-PERPETUAL,TICK,0,110011,0
1762011605764,BTC-PERPETUAL,TICK,0,110000,0
1762011605773,BTC-PERPETUAL,TICK,0,110000,0
1762011605813,BTC-PERPETUAL,TICK,0,110010,0
1762011605819,BTC-PERPETUAL,TICK,0,110010,0
1762011605849,BTC-PERPETUAL,TICK,0,110010,0
1762011605854,BTC-PERPETUAL,TICK,0,110010,0
1762011608118,ETH-PERPETUAL,TICK,0,3885.55,0
1762011608121,ETH-PERPETUAL,TICK,0,3885.55,0
1762011608140,ETH-PERPETUAL,TICK,0,3881.55,0
1762011608143,ETH-PERPETUAL,TICK,0,3881.55,0
1762011608164,ETH-PERPETUAL,TICK,0,3885.25,0
1762011608166,ETH-PERPETUAL,TICK,0,3885.25,0
1762011608186,ETH-PERPETUAL,TICK,0,3881.6,0
1762011608190,ETH-PERPETUAL,TICK,0,3881.6,0
1762011608211,ETH-PERPETUAL,TICK,0,3885.2,0
1762011608214,ETH-PERPETUAL,TICK,0,3885.2,0
1762011608234,ETH-PERPETUAL,TICK,0,3881.65,0
1762011608239,ETH-PERPETUAL,TICK,0,3881.65,0
1762011608262,ETH-PERPETUAL,TICK,0,3885.05,0
1762011608266,ETH-PERPETUAL,TICK,0,3885.05,0
1762011608291,ETH-PERPETUAL,TICK,0,3881.8,0
1762011608295,ETH-PERPETUAL,TICK,0,3881.8,0
1762011608320,ETH-PERPETUAL,TICK,0,3885,0
1762011608323,ETH-PERPETUAL,TICK,0,3885,0
1762011608348,ETH-PERPETUAL,TICK,0,3881.9,0
1762011608352,ETH-PERPETUAL,TICK,0,3881.9,0
1762011608379,ETH-PERPETUAL,TICK,0,3884.95,0
1762011608382,ETH-PERPETUAL,TICK,0,3884.95,0
1762011608413,ETH-PERPETUAL,TICK,0,3882,0
1762011608420,ETH-PERPETUAL,TICK,0,3882,0
1762011608451,ETH-PERPETUAL,TICK,0,3884.85,0
1762011608455,ETH-PERPETUAL,TICK,0,3884.85,0
1762011608488,ETH-PERPETUAL,TICK,0,3882.05,0
1762011608497,ETH-PERPETUAL,TICK,0,3882.05,0
1762011608535,ETH-PERPETUAL,TICK,0,3884.8,0
1762011608539,ETH-PERPETUAL,TICK,0,3884.8,0
1762011608567,ETH-PERPETUAL,TICK,0,3882.1,0
1762011608571,ETH-PERPETUAL,TICK,0,3882.1,0
1762011608594,ETH-PERPETUAL,TICK,0,3884.65,0
1762011608597,ETH-PERPETUAL,TICK,0,3884.65,0
1762011608633,ETH-PERPETUAL,TICK,0,3882.15,0
1762011608638,ETH-PERPETUAL,TICK,0,3882.15,0
1762011608660,ETH-PERPETUAL,TICK,0,3884.6,0
1762011608663,ETH-PERPETUAL,TICK,0,3884.6,0
1762011608688,ETH-PERPETUAL,TICK,0,3882.3,0
1762011608692,ETH-PERPETUAL,TICK,0,3882.3,0
1762011608718,ETH-PERPETUAL,TICK,0,3884.55,0
1762011608723,ETH-PERPETUAL,TICK,0,3884.55,0
1762011608748,ETH-PERPETUAL,TICK,0,3882.35,0
1762011608750,ETH-PERPETUAL,TICK,0,3882.35,0
1762011608774,ETH-PERPETUAL,TICK,0,3884.5,0
1762011608778,ETH-PERPETUAL,TICK,0,3884.5,0
1762011608799,ETH-PERPETUAL,TICK,0,3882.4,0
1762011608803,ETH-PERPETUAL,TICK,0,3882.4,0
1762011608829,ETH-PERPETUAL,TICK,0,3884.4,0
1762011608832,ETH-PERPETUAL,TICK,0,3884.4,0
1762011608855,ETH-PERPETUAL,TICK,0,3882.45,0
1762011608859,ETH-PERPETUAL,TICK,0,3882.45,0
1762011608884,ETH-PERPETUAL,TICK,0,3884.35,0
1762011608887,ETH-PERPETUAL,TICK,0,3884.35,0
1762011608916,ETH-PERPETUAL,TICK,0,3882.5,0
1762011608920,ETH-PERPETUAL,TICK,0,3882.5,0
1762011608950,ETH-PERPETUAL,TICK,0,3884.3,0
1762011608956,ETH-PERPETUAL,TICK,0,3884.3,0
1762011608983,ETH-PERPETUAL,TICK,0,3882.55,0
1762011608987,ETH-PERPETUAL,TICK,0,3882.55,0
1762011609024,ETH-PERPETUAL,TICK,0,3884.25,0
1762011609029,ETH-PERPETUAL,TICK,0,3884.25,0
1762011609066,ETH-PERPETUAL,TICK,0,3882.6,0
1762011609074,ETH-PERPETUAL,TICK,0,3882.6,0
1762011609109,ETH-PERPETUAL,TICK,0,3884.15,0
1762011609116,ETH-PERPETUAL,TICK,0,3884.15,0
1762011609155,ETH-PERPETUAL,TICK,0,3882.65,0
1762011609160,ETH-PERPETUAL,TICK,0,3882.65,0
1762011609191,ETH-PERPETUAL,TICK,0,3884.05,0
1762011609193,ETH-PERPETUAL,TICK,0,3884.05,0
1762011609225,ETH-PERPETUAL,TICK,0,3882.75,0
1762011609230,ETH-PERPETUAL,TICK,0,3882.75,0
1762011609262,ETH-PERPETUAL,TICK,0,3884,0
1762011609265,ETH-PERPETUAL,TICK,0,3884,0
1762011609303,ETH-PERPETUAL,TICK,0,3883,0
1762011609309,ETH-PERPETUAL,TICK,0,3883,0
1762011609347,ETH-PERPETUAL,TICK,0,3883.8,0
1762011609352,ETH-PERPETUAL,TICK,0,3883.8,0
1762011609392,ETH-PERPETUAL,TICK,0,3883.75,0
1762011609398,ETH-PERPETUAL,TICK,0,3883.75,0
1762011609686,BTC-PERPETUAL,TICK,0,110010,0
1762011609695,BTC-PERPETUAL,TICK,0,110010,0
1762011609743,BTC-PERPETUAL,TICK,0,110010,0
1762011609751,BTC-PERPETUAL,TICK,0,110010,0
1762011609783,BTC-PERPETUAL,TICK,0,110026,0
1762011609786,BTC-PERPETUAL,TICK,0,110026,0
1762011609811,BTC-PERPETUAL,TICK,0,109978,0
1762011609815,BTC-PERPETUAL,TICK,0,109978,0
1762011609846,BTC-PERPETUAL,TICK,0,110023,0
1762011609850,BTC-PERPETUAL,TICK,0,110023,0
1762011609877,BTC-PERPETUAL,TICK,0,109978,0
1762011609881,BTC-PERPETUAL,TICK,0,109978,0
1762011609906,BTC-PERPETUAL,TICK,0,110022,0
1762011609911,BTC-PERPETUAL,TICK,0,110022,0
1762011609937,BTC-PERPETUAL,TICK,0,109980,0
1762011609942,BTC-PERPETUAL,TICK,0,109980,0
1762011609971,BTC-PERPETUAL,TICK,0,110022,0
1762011609976,BTC-PERPETUAL,TICK,0,110022,0
1762011610010,BTC-PERPETUAL,TICK,0,109981,0
1762011610015,BTC-PERPETUAL,TICK,0,109981,0
1762011610047,BTC-PERPETUAL,TICK,0,110022,0
1762011610052,BTC-PERPETUAL,TICK,0,110022,0
1762011610081,BTC-PERPETUAL,TICK,0,109984,0
1762011610085,BTC-PERPETUAL,TICK,0,109984,0
1762011610117,BTC-PERPETUAL,TICK,0,110021,0
1762011610121,BTC-PERPETUAL,TICK,0,110021,0
1762011610152,BTC-PERPETUAL,TICK,0,109984,0
1762011610161,BTC-PERPETUAL,TICK,0,109984,0
1762011610200,BTC-PERPETUAL,TICK,0,109986,0
1762011610205,BTC-PERPETUAL,TICK,0,109986,0
1762011610234,BTC-PERPETUAL,TICK,0,110018,0
1762011610239,BTC-PERPETUAL,TICK,0,110018,0
1762011610271,BTC-PERPETUAL,TICK,0,109986,0
1762011610277,BTC-PERPETUAL,TICK,0,109986,0
1762011610307,BTC-PERPETUAL,TICK,0,110016,0
1762011610311,BTC-PERPETUAL,TICK,0,110016,0
1762011610341,BTC-PERPETUAL,TICK,0,109986,0
1762011610345,BTC-PERPETUAL,TICK,0,109986,0
1762011610372,BTC-PERPETUAL,TICK,0,110012,0
1762011610375,BTC-PERPETUAL,TICK,0,110012,0
1762011610402,BTC-PERPETUAL,TICK,0,109987,0
1762011610406,BTC-PERPETUAL,TICK,0,109987,0
1762011610431,BTC-PERPETUAL,TICK,0,110010,0
1762011610434,BTC-PERPETUAL,TICK,0,110010,0
1762011610460,BTC-PERPETUAL,TICK,0,109988,0
1762011610464,BTC-PERPETUAL,TICK,0,109988,0
1762011610492,BTC-PERPETUAL,TICK,0,110010,0
1762011610497,BTC-PERPETUAL,TICK,0,110010,0
1762011610502,BTC-PERPETUAL,TICK,0,110010,0
1762011610506,BTC-PERPETUAL,TICK,0,110010,0
1762011610527,BTC-PERPETUAL,TICK,0,109988,0
1762011610531,BTC-PERPETUAL,TICK,0,109988,0
1762011610558,BTC-PERPETUAL,TICK,0,110010,0
1762011610564,BTC-PERPETUAL,TICK,0,110010,0
1762011610570,BTC-PERPETUAL,TICK,0,110009,0
1762011610573,BTC-PERPETUAL,TICK,0,110009,0
1762011610594,BTC-PERPETUAL,TICK,0,109989,0
1762011610598,BTC-PERPETUAL,TICK,0,109989,0
1762011610628,BTC-PERPETUAL,TICK,0,110006,0
1762011610632,BTC-PERPETUAL,TICK,0,110006,0
1762011610666,BTC-PERPETUAL,TICK,0,109990,0
1762011610670,BTC-PERPETUAL,TICK,0,109990,0
1762011610701,BTC-PERPETUAL,TICK,0,110006,0
1762011610704,BTC-PERPETUAL,TICK,0,110006,0
1762011610733,BTC-PERPETUAL,TICK,0,109992,0
1762011610738,BTC-PERPETUAL,TICK,0,109992,0
1762011610770,BTC-PERPETUAL,TICK,0,110002,0
1762011610775,BTC-PERPETUAL,TICK,0,110002,0
1762011610817,BTC-PERPETUAL,TICK,0,109996,0
1762011610823,BTC-PERPETUAL,TICK,0,109996,0
1762011610856,BTC-PERPETUAL,TICK,0,110002,0
1762011610862,BTC-PERPETUAL,TICK,0,110002,0
1762011610899,BTC-PERPETUAL,TICK,0,109996,0
1762011610905,BTC-PERPETUAL,TICK,0,109996,0
1762011610940,BTC-PERPETUAL,TICK,0,110001,0
1762011610944,BTC-PERPETUAL,TICK,0,110001,0
1762011610979,BTC-PERPETUAL,TICK,0,110000,0
1762011610985,BTC-PERPETUAL,TICK,0,110000,0
1762011611015,BTC-PERPETUAL,TICK,0,110000,0
1762011611020,BTC-PERPETUAL,TICK,0,110000,0
1762011611051,BTC-PERPETUAL,TICK,0,110000,0
1762011611055,BTC-PERPETUAL,TICK,0,110000,0
1762011613394,ETH-PERPETUAL,TICK,0,3884.3,0
1762011613399,ETH-PERPETUAL,TICK,0,3884.3,0
1762011613425,ETH-PERPETUAL,TICK,0,3880.9,0
1762011613429,ETH-PERPETUAL,TICK,0,3880.9,0
1762011613447,ETH-PERPETUAL,TICK,0,3884.25,0
1762011613450,ETH-PERPETUAL,TICK,0,3884.25,0
1762011613470,ETH-PERPETUAL,TICK,0,3881,0
1762011613473,ETH-PERPETUAL,TICK,0,3881,0
1762011613492,ETH-PERPETUAL,TICK,0,3884.2,0
1762011613495,ETH-PERPETUAL,TICK,0,3884.2,0
1762011613515,ETH-PERPETUAL,TICK,0,3881.1,0
1762011613518,ETH-PERPETUAL,TICK,0,3881.1,0
1762011613541,ETH-PERPETUAL,TICK,0,3884.15,0
1762011613544,ETH-PERPETUAL,TICK,0,3884.15,0
1762011613566,ETH-PERPETUAL,TICK,0,3881.15,0
1762011613570,ETH-PERPETUAL,TICK,0,3881.15,0
1762011613595,ETH-PERPETUAL,TICK,0,3884.05,0
1762011613599,ETH-PERPETUAL,TICK,0,3884.05,0
1762011613626,ETH-PERPETUAL,TICK,0,3881.25,0
1762011613631,ETH-PERPETUAL,TICK,0,3881.25,0
1762011613661,ETH-PERPETUAL,TICK,0,3884,0
1762011613664,ETH-PERPETUAL,TICK,0,3884,0
1762011613690,ETH-PERPETUAL,TICK,0,3881.3,0
1762011613695,ETH-PERPETUAL,TICK,0,3881.3,0
1762011613723,ETH-PERPETUAL,TICK,0,3883.85,0
1762011613728,ETH-PERPETUAL,TICK,0,3883.85,0
1762011613756,ETH-PERPETUAL,TICK,0,3881.35,0
1762011613761,ETH-PERPETUAL,TICK,0,3881.35,0
1762011613786,ETH-PERPETUAL,TICK,0,3883.8,0
1762011613794,ETH-PERPETUAL,TICK,0,3883.8,0
1762011613826,ETH-PERPETUAL,TICK,0,3881.4,0
1762011613832,ETH-PERPETUAL,TICK,0,3881.4,0
1762011613860,ETH-PERPETUAL,TICK,0,3883.65,0
1762011613863,ETH-PERPETUAL,TICK,0,3883.65,0
1762011613900,ETH-PERPETUAL,TICK,0,3881.5,0
1762011613906,ETH-PERPETUAL,TICK,0,3881.5,0
1762011613933,ETH-PERPETUAL,TICK,0,3883.55,0
1762011613938,ETH-PERPETUAL,TICK,0,3883.55,0
1762011613972,ETH-PERPETUAL,TICK,0,3881.65,0
1762011613976,ETH-PERPETUAL,TICK,0,3881.65,0
1762011614007,ETH-PERPETUAL,TICK,0,3883.5,0
1762011614013,ETH-PERPETUAL,TICK,0,3883.5,0
1762011614062,ETH-PERPETUAL,TICK,0,3881.7,0
1762011614067,ETH-PERPETUAL,TICK,0,3881.7,0
1762011614095,ETH-PERPETUAL,TICK,0,3883.45,0
1762011614099,ETH-PERPETUAL,TICK,0,3883.45,0
1762011614132,ETH-PERPETUAL,TICK,0,3881.75,0
1762011614137,ETH-PERPETUAL,TICK,0,3881.75,0
1762011614165,ETH-PERPETUAL,TICK,0,3883.4,0
1762011614169,ETH-PERPETUAL,TICK,0,3883.4,0
1762011614195,ETH-PERPETUAL,TICK,0,3881.8,0
1762011614201,ETH-PERPETUAL,TICK,0,3881.8,0
1762011614231,ETH-PERPETUAL,TICK,0,3883.35,0
1762011614235,ETH-PERPETUAL,TICK,0,3883.35,0
1762011614271,ETH-PERPETUAL,TICK,0,3881.85,0
1762011614276,ETH-PERPETUAL,TICK,0,3881.85,0
1762011614315,ETH-PERPETUAL,TICK,0,3883.3,0
1762011614320,ETH-PERPETUAL,TICK,0,3883.3,0
1762011614358,ETH-PERPETUAL,TICK,0,3881.9,0
1762011614362,ETH-PERPETUAL,TICK,0,3881.9,0
1762011614398,ETH-PERPETUAL,TICK,0,3883.25,0
1762011614403,ETH-PERPETUAL,TICK,0,3883.25,0
1762011614445,ETH-PERPETUAL,TICK,0,3882,0
1762011614451,ETH-PERPETUAL,TICK,0,3882,0
1762011614492,ETH-PERPETUAL,TICK,0,3883.1,0
1762011614498,ETH-PERPETUAL,TICK,0,3883.1,0
1762011614538,ETH-PERPETUAL,TICK,0,3882.15,0
1762011614542,ETH-PERPETUAL,TICK,0,3882.15,0
1762011614579,ETH-PERPETUAL,TICK,0,3883,0
1762011614582,ETH-PERPETUAL,TICK,0,3883,0
1762011614616,ETH-PERPETUAL,TICK,0,3882.5,0
1762011614622,ETH-PERPETUAL,TICK,0,3882.5,0
1762011614653,ETH-PERPETUAL,TICK,0,3882.85,0
1762011614658,ETH-PERPETUAL,TICK,0,3882.85,0
1762011614694,ETH-PERPETUAL,TICK,0,3882.55,0
1762011614703,ETH-PERPETUAL,TICK,0,3882.55,0
1762011614747,ETH-PERPETUAL,TICK,0,3882.8,0
1762011614752,ETH-PERPETUAL,TICK,0,3882.8,0
1762011614794,ETH-PERPETUAL,TICK,0,3882.75,0
1762011614803,ETH-PERPETUAL,TICK,0,3882.75,0
1762011614834,BTC-PERPETUAL,TICK,0,110000,0
1762011614839,BTC-PERPETUAL,TICK,0,110000,0
1762011614961,BTC-PERPETUAL,TICK,0,110022,0
1762011614965,BTC-PERPETUAL,TICK,0,110022,0
1762011614996,BTC-PERPETUAL,TICK,0,110000,0
1762011614999,BTC-PERPETUAL,TICK,0,110000,0
1762011615026,BTC-PERPETUAL,TICK,0,110022,0
1762011615029,BTC-PERPETUAL,TICK,0,110022,0
1762011615060,BTC-PERPETUAL,TICK,0,109977,0
1762011615066,BTC-PERPETUAL,TICK,0,109977,0
1762011615100,BTC-PERPETUAL,TICK,0,110021,0
1762011615104,BTC-PERPETUAL,TICK,0,110021,0
1762011615132,BTC-PERPETUAL,TICK,0,109978,0
1762011615135,BTC-PERPETUAL,TICK,0,109978,0
1762011615166,BTC-PERPETUAL,TICK,0,110000,0
1762011615170,BTC-PERPETUAL,TICK,0,110000,0
1762011615197,BTC-PERPETUAL,TICK,0,110020,0
1762011615202,BTC-PERPETUAL,TICK,0,110020,0
1762011615232,BTC-PERPETUAL,TICK,0,109978,0
1762011615238,BTC-PERPETUAL,TICK,0,109978,0
1762011615272,BTC-PERPETUAL,TICK,0,110020,0
1762011615278,BTC-PERPETUAL,TICK,0,110020,0
1762011615314,BTC-PERPETUAL,TICK,0,109980,0
1762011615320,BTC-PERPETUAL,TICK,0,109980,0
1762011615347,BTC-PERPETUAL,TICK,0,110018,0
1762011615353,BTC-PERPETUAL,TICK,0,110018,0
1762011615383,BTC-PERPETUAL,TICK,0,109980,0
1762011615389,BTC-PERPETUAL,TICK,0,109980,0
1762011615422,BTC-PERPETUAL,TICK,0,0,0
1762011615429,BTC-PERPETUAL,TICK,0,0,0
1762011615458,BTC-PERPETUAL,TICK,0,109984,0
1762011615462,BTC-PERPETUAL,TICK,0,109984,0
1762011615499,BTC-PERPETUAL,TICK,0,110010,0
1762011615503,BTC-PERPETUAL,TICK,0,110010,0
1762011615532,BTC-PERPETUAL,TICK,0,109984,0
1762011615534,BTC-PERPETUAL,TICK,0,109984,0
1762011615570,BTC-PERPETUAL,TICK,0,110012,0
1762011615579,BTC-PERPETUAL,TICK,0,110012,0
1762011615609,BTC-PERPETUAL,TICK,0,109985,0
1762011615614,BTC-PERPETUAL,TICK,0,109985,0
1762011615649,BTC-PERPETUAL,TICK,0,110011,0
1762011615654,BTC-PERPETUAL,TICK,0,110011,0
1762011615682,BTC-PERPETUAL,TICK,0,109986,0
1762011615685,BTC-PERPETUAL,TICK,0,109986,0
1762011615715,BTC-PERPETUAL,TICK,0,110010,0
1762011615720,BTC-PERPETUAL,TICK,0,110010,0
1762011615746,BTC-PERPETUAL,TICK,0,110010,0
1762011615750,BTC-PERPETUAL,TICK,0,110010,0
1762011615779,BTC-PERPETUAL,TICK,0,109986,0
1762011615781,BTC-PERPETUAL,TICK,0,109986,0
1762011615808,BTC-PERPETUAL,TICK,0,110010,0
1762011615810,BTC-PERPETUAL,TICK,0,110010,0
1762011615813,BTC-PERPETUAL,TICK,0,110009,0
1762011615817,BTC-PERPETUAL,TICK,0,110009,0
1762011615839,BTC-PERPETUAL,TICK,0,109986,0
1762011615843,BTC-PERPETUAL,TICK,0,109986,0
1762011615871,BTC-PERPETUAL,TICK,0,110008,0
1762011615875,BTC-PERPETUAL,TICK,0,110008,0
1762011615900,BTC-PERPETUAL,TICK,0,109987,0
1762011615904,BTC-PERPETUAL,TICK,0,109987,0
1762011615928,BTC-PERPETUAL,TICK,0,110006,0
1762011615932,BTC-PERPETUAL,TICK,0,110006,0
1762011615958,BTC-PERPETUAL,TICK,0,109988,0
1762011615963,BTC-PERPETUAL,TICK,0,109988,0
1762011615987,BTC-PERPETUAL,TICK,0,110004,0
1762011615991,BTC-PERPETUAL,TICK,0,110004,0
1762011616017,BTC-PERPETUAL,TICK,0,109990,0
1762011616021,BTC-PERPETUAL,TICK,0,109990,0
1762011616052,BTC-PERPETUAL,TICK,0,110002,0
1762011616057,BTC-PERPETUAL,TICK,0,110002,0
1762011616098,BTC-PERPETUAL,TICK,0,109990,0
1762011616106,BTC-PERPETUAL,TICK,0,109990,0
1762011616140,BTC-PERPETUAL,TICK,0,110002,0
1762011616147,BTC-PERPETUAL,TICK,0,110002,0
1762011616184,BTC-PERPETUAL,TICK,0,109993,0
1762011616190,BTC-PERPETUAL,TICK,0,109993,0
1762011616221,BTC-PERPETUAL,TICK,0,110001,0
1762011616225,BTC-PERPETUAL,TICK,0,110001,0
1762011616261,BTC-PERPETUAL,TICK,0,109996,0
1762011616265,BTC-PERPETUAL,TICK,0,109996,0
1762011616295,BTC-PERPETUAL,TICK,0,110000,0
1762011616299,BTC-PERPETUAL,TICK,0,110000,0
1762011616335,BTC-PERPETUAL,TICK,0,109996,0
1762011616339,BTC-PERPETUAL,TICK,0,109996,0
1762011616379,BTC-PERPETUAL,TICK,0,110000,0
1762011616387,BTC-PERPETUAL,TICK,0,110000,0
1762011616418,BTC-PERPETUAL,TICK,0,110000,0
1762011616422,BTC-PERPETUAL,TICK,0,110000,0
1762011616453,BTC-PERPETUAL,TICK,0,110010,0
1762011616457,BTC-PERPETUAL,TICK,0,110010,0
1762011618679,ETH-PERPETUAL,TICK,0,3884.35,0
1762011618681,ETH-PERPETUAL,TICK,0,3884.35,0
1762011618703,ETH-PERPETUAL,TICK,0,3880.5,0
1762011618707,ETH-PERPETUAL,TICK,0,3880.5,0
1762011618731,ETH-PERPETUAL,TICK,0,3884.3,0
1762011618734,ETH-PERPETUAL,TICK,0,3884.3,0
1762011618756,ETH-PERPETUAL,TICK,0,3880.55,0
1762011618759,ETH-PERPETUAL,TICK,0,3880.55,0
1762011618779,ETH-PERPETUAL,TICK,0,3884.25,0
1762011618783,ETH-PERPETUAL,TICK,0,3884.25,0
1762011618805,ETH-PERPETUAL,TICK,0,3880.6,0
1762011618808,ETH-PERPETUAL,TICK,0,3880.6,0
1762011618828,ETH-PERPETUAL,TICK,0,3884.05,0
1762011618832,ETH-PERPETUAL,TICK,0,3884.05,0
1762011618854,ETH-PERPETUAL,TICK,0,3880.65,0
1762011618857,ETH-PERPETUAL,TICK,0,3880.65,0
1762011618880,ETH-PERPETUAL,TICK,0,3884,0
1762011618883,ETH-PERPETUAL,TICK,0,3884,0
1762011618905,ETH-PERPETUAL,TICK,0,3880.75,0
1762011618908,ETH-PERPETUAL,TICK,0,3880.75,0
1762011618931,ETH-PERPETUAL,TICK,0,3883.9,0
1762011618934,ETH-PERPETUAL,TICK,0,3883.9,0
1762011618957,ETH-PERPETUAL,TICK,0,3880.8,0
1762011618960,ETH-PERPETUAL,TICK,0,3880.8,0
1762011618985,ETH-PERPETUAL,TICK,0,3883.8,0
1762011618988,ETH-PERPETUAL,TICK,0,3883.8,0
1762011619013,ETH-PERPETUAL,TICK,0,3880.85,0
1762011619018,ETH-PERPETUAL,TICK,0,3880.85,0
1762011619042,ETH-PERPETUAL,TICK,0,3883.65,0
1762011619045,ETH-PERPETUAL,TICK,0,3883.65,0
1762011619074,ETH-PERPETUAL,TICK,0,3880.9,0
1762011619079,ETH-PERPETUAL,TICK,0,3880.9,0
1762011619111,ETH-PERPETUAL,TICK,0,3883.55,0
1762011619115,ETH-PERPETUAL,TICK,0,3883.55,0
1762011619151,ETH-PERPETUAL,TICK,0,3881,0
1762011619156,ETH-PERPETUAL,TICK,0,3881,0
1762011619185,ETH-PERPETUAL,TICK,0,3883.5,0
1762011619189,ETH-PERPETUAL,TICK,0,3883.5,0
1762011619216,ETH-PERPETUAL,TICK,0,3881.05,0
1762011619221,ETH-PERPETUAL,TICK,0,3881.05,0
1762011619252,ETH-PERPETUAL,TICK,0,3883.45,0
1762011619256,ETH-PERPETUAL,TICK,0,3883.45,0
1762011619292,ETH-PERPETUAL,TICK,0,3881.1,0
1762011619297,ETH-PERPETUAL,TICK,0,3881.1,0
1762011619328,ETH-PERPETUAL,TICK,0,3883.4,0
1762011619333,ETH-PERPETUAL,TICK,0,3883.4,0
1762011619367,ETH-PERPETUAL,TICK,0,3881.15,0
1762011619374,ETH-PERPETUAL,TICK,0,3881.15,0
1762011619406,ETH-PERPETUAL,TICK,0,3883.25,0
1762011619412,ETH-PERPETUAL,TICK,0,3883.25,0
1762011619451,ETH-PERPETUAL,TICK,0,3881.25,0
1762011619455,ETH-PERPETUAL,TICK,0,3881.25,0
1762011619490,ETH-PERPETUAL,TICK,0,3883.1,0
1762011619496,ETH-PERPETUAL,TICK,0,3883.1,0
1762011619536,ETH-PERPETUAL,TICK,0,3881.3,0
1762011619542,ETH-PERPETUAL,TICK,0,3881.3,0
1762011619575,ETH-PERPETUAL,TICK,0,3883.05,0
1762011619578,ETH-PERPETUAL,TICK,0,3883.05,0
1762011619617,ETH-PERPETUAL,TICK,0,3881.55,0
1762011619622,ETH-PERPETUAL,TICK,0,3881.55,0
1762011619656,ETH-PERPETUAL,TICK,0,3883,0
1762011619661,ETH-PERPETUAL,TICK,0,3883,0
1762011619696,ETH-PERPETUAL,TICK,0,3881.75,0
1762011619701,ETH-PERPETUAL,TICK,0,3881.75,0
1762011619739,ETH-PERPETUAL,TICK,0,3882.85,0
1762011619745,ETH-PERPETUAL,TICK,0,3882.85,0
1762011619782,ETH-PERPETUAL,TICK,0,3881.9,0
1762011619789,ETH-PERPETUAL,TICK,0,3881.9,0
1762011619824,ETH-PERPETUAL,TICK,0,3882.8,0
1762011619829,ETH-PERPETUAL,TICK,0,3882.8,0
1762011619859,ETH-PERPETUAL,TICK,0,3882,0
1762011619863,ETH-PERPETUAL,TICK,0,3882,0
1762011619897,ETH-PERPETUAL,TICK,0,3882.65,0
1762011619900,ETH-PERPETUAL,TICK,0,3882.65,0
1762011619937,ETH-PERPETUAL,TICK,0,3882.5,0
1762011619941,ETH-PERPETUAL,TICK,0,3882.5,0
1762011619976,ETH-PERPETUAL,TICK,0,3882.6,0
1762011619981,ETH-PERPETUAL,TICK,0,3882.6,0
1762011620013,ETH-PERPETUAL,TICK,0,3882.55,0
1762011620018,ETH-PERPETUAL,TICK,0,3882.55,0
1762011620244,BTC-PERPETUAL,TICK,0,110026,0
1762011620248,BTC-PERPETUAL,TICK,0,110026,0
1762011620278,BTC-PERPETUAL,TICK,0,109978,0
1762011620285,BTC-PERPETUAL,TICK,0,109978,0
1762011620310,BTC-PERPETUAL,TICK,0,110023,0
1762011620314,BTC-PERPETUAL,TICK,0,110023,0
1762011620346,BTC-PERPETUAL,TICK,0,109978,0
1762011620350,BTC-PERPETUAL,TICK,0,109978,0
1762011620382,BTC-PERPETUAL,TICK,0,110022,0
1762011620385,BTC-PERPETUAL,TICK,0,110022,0
1762011620423,BTC-PERPETUAL,TICK,0,109980,0
1762011620427,BTC-PERPETUAL,TICK,0,109980,0
1762011620458,BTC-PERPETUAL,TICK,0,110022,0
1762011620460,BTC-PERPETUAL,TICK,0,110022,0
1762011620497,BTC-PERPETUAL,TICK,0,109980,0
1762011620501,BTC-PERPETUAL,TICK,0,109980,0
1762011620537,BTC-PERPETUAL,TICK,0,110020,0
1762011620542,BTC-PERPETUAL,TICK,0,110020,0
1762011620584,BTC-PERPETUAL,TICK,0,109982,0
1762011620590,BTC-PERPETUAL,TICK,0,109982,0
1762011620625,BTC-PERPETUAL,TICK,0,110018,0
1762011620629,BTC-PERPETUAL,TICK,0,110018,0
1762011620660,BTC-PERPETUAL,TICK,0,109984,0
1762011620664,BTC-PERPETUAL,TICK,0,109984,0
1762011620694,BTC-PERPETUAL,TICK,0,110016,0
1762011620699,BTC-PERPETUAL,TICK,0,110016,0
1762011620734,BTC-PERPETUAL,TICK,0,109984,0
1762011620741,BTC-PERPETUAL,TICK,0,109984,0
1762011620782,BTC-PERPETUAL,TICK,0,110014,0
1762011620787,BTC-PERPETUAL,TICK,0,110014,0
1762011620817,BTC-PERPETUAL,TICK,0,109984,0
1762011620822,BTC-PERPETUAL,TICK,0,109984,0
1762011620853,BTC-PERPETUAL,TICK,0,0,0
1762011620858,BTC-PERPETUAL,TICK,0,0,0
1762011620890,BTC-PERPETUAL,TICK,0,109985,0
1762011620893,BTC-PERPETUAL,TICK,0,109985,0
1762011620925,BTC-PERPETUAL,TICK,0,110012,0
1762011620930,BTC-PERPETUAL,TICK,0,110012,0
1762011620966,BTC-PERPETUAL,TICK,0,109986,0
1762011620972,BTC-PERPETUAL,TICK,0,109986,0
1762011621004,BTC-PERPETUAL,TICK,0,110012,0
1762011621008,BTC-PERPETUAL,TICK,0,110012,0
1762011621039,BTC-PERPETUAL,TICK,0,109986,0
1762011621044,BTC-PERPETUAL,TICK,0,109986,0
1762011621072,BTC-PERPETUAL,TICK,0,110011,0
1762011621078,BTC-PERPETUAL,TICK,0,110011,0
1762011621108,BTC-PERPETUAL,TICK,0,109986,0
1762011621115,BTC-PERPETUAL,TICK,0,109986,0
1762011621146,BTC-PERPETUAL,TICK,0,110010,0
1762011621151,BTC-PERPETUAL,TICK,0,110010,0
1762011621184,BTC-PERPETUAL,TICK,0,109987,0
1762011621188,BTC-PERPETUAL,TICK,0,109987,0
1762011621217,BTC-PERPETUAL,TICK,0,110010,0
1762011621222,BTC-PERPETUAL,TICK,0,110010,0
1762011621253,BTC-PERPETUAL,TICK,0,109988,0
1762011621258,BTC-PERPETUAL,TICK,0,109988,0
1762011621285,BTC-PERPETUAL,TICK,0,110009,0
1762011621292,BTC-PERPETUAL,TICK,0,110009,0
1762011621322,BTC-PERPETUAL,TICK,0,109988,0
1762011621325,BTC-PERPETUAL,TICK,0,109988,0
1762011621357,BTC-PERPETUAL,TICK,0,110006,0
1762011621362,BTC-PERPETUAL,TICK,0,110006,0
1762011621395,BTC-PERPETUAL,TICK,0,109989,0
1762011621399,BTC-PERPETUAL,TICK,0,109989,0
1762011621434,BTC-PERPETUAL,TICK,0,110005,0
1762011621438,BTC-PERPETUAL,TICK,0,110005,0
1762011621474,BTC-PERPETUAL,TICK,0,109990,0
1762011621485,BTC-PERPETUAL,TICK,0,109990,0
1762011621519,BTC-PERPETUAL,TICK,0,110002,0
1762011621524,BTC-PERPETUAL,TICK,0,110002,0
1762011621559,BTC-PERPETUAL,TICK,0,109990,0
1762011621566,BTC-PERPETUAL,TICK,0,109990,0
1762011621608,BTC-PERPETUAL,TICK,0,110000,0
1762011621613,BTC-PERPETUAL,TICK,0,110000,0
1762011621640,BTC-PERPETUAL,TICK,0,109990,0
1762011621643,BTC-PERPETUAL,TICK,0,109990,0
1762011621673,BTC-PERPETUAL,TICK,0,110000,0
1762011621678,BTC-PERPETUAL,TICK,0,110000,0
1762011621710,BTC-PERPETUAL,TICK,0,110000,0
1762011621714,BTC-PERPETUAL,TICK,0,110000,0
1762011623265,BTC-PERPETUAL,TICK,0,109971,0
1762011623270,BTC-PERPETUAL,TICK,0,109971,0
1762011623956,ETH-PERPETUAL,TICK,0,3883.9,0
1762011623958,ETH-PERPETUAL,TICK,0,3883.9,0
1762011623981,ETH-PERPETUAL,TICK,0,3880.35,0
1762011623983,ETH-PERPETUAL,TICK,0,3880.35,0
1762011624005,ETH-PERPETUAL,TICK,0,3883.8,0
1762011624008,ETH-PERPETUAL,TICK,0,3883.8,0
1762011624029,ETH-PERPETUAL,TICK,0,3880.4,0
1762011624031,ETH-PERPETUAL,TICK,0,3880.4,0
1762011624051,ETH-PERPETUAL,TICK,0,3883.6,0
1762011624053,ETH-PERPETUAL,TICK,0,3883.6,0
1762011624075,ETH-PERPETUAL,TICK,0,3880.5,0
1762011624077,ETH-PERPETUAL,TICK,0,3880.5,0
1762011624099,ETH-PERPETUAL,TICK,0,3883.55,0
1762011624102,ETH-PERPETUAL,TICK,0,3883.55,0
1762011624123,ETH-PERPETUAL,TICK,0,3880.75,0
1762011624126,ETH-PERPETUAL,TICK,0,3880.75,0
1762011624147,ETH-PERPETUAL,TICK,0,3883.5,0
1762011624150,ETH-PERPETUAL,TICK,0,3883.5,0
1762011624170,ETH-PERPETUAL,TICK,0,3880.8,0
1762011624173,ETH-PERPETUAL,TICK,0,3880.8,0
1762011624197,ETH-PERPETUAL,TICK,0,3883.45,0
1762011624201,ETH-PERPETUAL,TICK,0,3883.45,0
1762011624223,ETH-PERPETUAL,TICK,0,3880.85,0
1762011624225,ETH-PERPETUAL,TICK,0,3880.85,0
1762011624247,ETH-PERPETUAL,TICK,0,3883.4,0
1762011624250,ETH-PERPETUAL,TICK,0,3883.4,0
1762011624274,ETH-PERPETUAL,TICK,0,3880.9,0
1762011624277,ETH-PERPETUAL,TICK,0,3880.9,0
1762011624300,ETH-PERPETUAL,TICK,0,3883.35,0
1762011624305,ETH-PERPETUAL,TICK,0,3883.35,0
1762011624327,ETH-PERPETUAL,TICK,0,3881,0
1762011624330,ETH-PERPETUAL,TICK,0,3881,0
1762011624355,ETH-PERPETUAL,TICK,0,3883.3,0
1762011624359,ETH-PERPETUAL,TICK,0,3883.3,0
1762011624382,ETH-PERPETUAL,TICK,0,3881.15,0
1762011624386,ETH-PERPETUAL,TICK,0,3881.15,0
1762011624410,ETH-PERPETUAL,TICK,0,3883.25,0
1762011624413,ETH-PERPETUAL,TICK,0,3883.25,0
1762011624436,ETH-PERPETUAL,TICK,0,3881.25,0
1762011624439,ETH-PERPETUAL,TICK,0,3881.25,0
1762011624464,BTC-PERPETUAL,TICK,0,109954,0
1762011624467,BTC-PERPETUAL,TICK,0,109954,0
1762011624492,ETH-PERPETUAL,TICK,0,3883.2,0
1762011624495,ETH-PERPETUAL,TICK,0,3883.2,0
1762011624521,ETH-PERPETUAL,TICK,0,3881.3,0
1762011624526,ETH-PERPETUAL,TICK,0,3881.3,0
1762011624557,ETH-PERPETUAL,TICK,0,3883.1,0
1762011624564,ETH-PERPETUAL,TICK,0,3883.1,0
1762011624595,ETH-PERPETUAL,TICK,0,3881.5,0
1762011624600,ETH-PERPETUAL,TICK,0,3881.5,0
1762011624628,ETH-PERPETUAL,TICK,0,3883.05,0
1762011624633,ETH-PERPETUAL,TICK,0,3883.05,0
1762011624659,ETH-PERPETUAL,TICK,0,3881.55,0
1762011624667,ETH-PERPETUAL,TICK,0,3881.55,0
1762011624699,ETH-PERPETUAL,TICK,0,3883,0
1762011624707,ETH-PERPETUAL,TICK,0,3883,0
1762011624742,ETH-PERPETUAL,TICK,0,3881.6,0
1762011624749,ETH-PERPETUAL,TICK,0,3881.6,0
1762011624781,ETH-PERPETUAL,TICK,0,3882.95,0
1762011624784,ETH-PERPETUAL,TICK,0,3882.95,0
1762011624821,ETH-PERPETUAL,TICK,0,3881.7,0
1762011624825,ETH-PERPETUAL,TICK,0,3881.7,0
1762011624861,ETH-PERPETUAL,TICK,0,3882.85,0
1762011624865,ETH-PERPETUAL,TICK,0,3882.85,0
1762011624906,ETH-PERPETUAL,TICK,0,3881.75,0
1762011624911,ETH-PERPETUAL,TICK,0,3881.75,0
1762011624946,ETH-PERPETUAL,TICK,0,3882.8,0
1762011624950,ETH-PERPETUAL,TICK,0,3882.8,0
1762011624981,ETH-PERPETUAL,TICK,0,3881.8,0
1762011624986,ETH-PERPETUAL,TICK,0,3881.8,0
1762011625028,ETH-PERPETUAL,TICK,0,3882.75,0
1762011625033,ETH-PERPETUAL,TICK,0,3882.75,0
1762011625068,ETH-PERPETUAL,TICK,0,3881.85,0
1762011625075,ETH-PERPETUAL,TICK,0,3881.85,0
1762011625107,ETH-PERPETUAL,TICK,0,3882.65,0
1762011625114,ETH-PERPETUAL,TICK,0,3882.65,0
1762011625156,ETH-PERPETUAL,TICK,0,3881.9,0
1762011625162,ETH-PERPETUAL,TICK,0,3881.9,0
1762011625201,ETH-PERPETUAL,TICK,0,3882.05,0
1762011625205,ETH-PERPETUAL,TICK,0,3882.05,0
1762011625239,ETH-PERPETUAL,TICK,0,3882,0
1762011625246,ETH-PERPETUAL,TICK,0,3882,0
1762011625524,BTC-PERPETUAL,TICK,0,110020,0
1762011625530,BTC-PERPETUAL,TICK,0,110020,0
1762011625572,BTC-PERPETUAL,TICK,0,109978,0
1762011625576,BTC-PERPETUAL,TICK,0,109978,0
1762011625607,BTC-PERPETUAL,TICK,0,110019,0
1762011625613,BTC-PERPETUAL,TICK,0,110019,0
1762011625642,BTC-PERPETUAL,TICK,0,109979,0
1762011625646,BTC-PERPETUAL,TICK,0,109979,0
1762011625677,BTC-PERPETUAL,TICK,0,110018,0
1762011625684,BTC-PERPETUAL,TICK,0,110018,0
1762011625716,BTC-PERPETUAL,TICK,0,109980,0
1762011625720,BTC-PERPETUAL,TICK,0,109980,0
1762011625753,BTC-PERPETUAL,TICK,0,110016,0
1762011625757,BTC-PERPETUAL,TICK,0,110016,0
1762011625786,BTC-PERPETUAL,TICK,0,109980,0
1762011625792,BTC-PERPETUAL,TICK,0,109980,0
1762011625825,BTC-PERPETUAL,TICK,0,110015,0
1762011625828,BTC-PERPETUAL,TICK,0,110015,0
1762011625864,BTC-PERPETUAL,TICK,0,109982,0
1762011625868,BTC-PERPETUAL,TICK,0,109982,0
1762011625901,BTC-PERPETUAL,TICK,0,110014,0
1762011625906,BTC-PERPETUAL,TICK,0,110014,0
1762011625942,BTC-PERPETUAL,TICK,0,109982,0
1762011625948,BTC-PERPETUAL,TICK,0,109982,0
1762011625979,BTC-PERPETUAL,TICK,0,110012,0
1762011625983,BTC-PERPETUAL,TICK,0,110012,0
1762011626023,BTC-PERPETUAL,TICK,0,109986,0
1762011626031,BTC-PERPETUAL,TICK,0,109986,0
1762011626068,BTC-PERPETUAL,TICK,0,110012,0
1762011626073,BTC-PERPETUAL,TICK,0,110012,0
1762011626105,BTC-PERPETUAL,TICK,0,109987,0
1762011626114,BTC-PERPETUAL,TICK,0,109987,0
1762011626148,BTC-PERPETUAL,TICK,0,110011,0
1762011626153,BTC-PERPETUAL,TICK,0,110011,0
1762011626190,BTC-PERPETUAL,TICK,0,109988,0
1762011626197,BTC-PERPETUAL,TICK,0,109988,0
1762011626229,BTC-PERPETUAL,TICK,0,110010,0
1762011626234,BTC-PERPETUAL,TICK,0,110010,0
1762011626272,BTC-PERPETUAL,TICK,0,109988,0
1762011626276,BTC-PERPETUAL,TICK,0,109988,0
1762011626308,BTC-PERPETUAL,TICK,0,110010,0
1762011626313,BTC-PERPETUAL,TICK,0,110010,0
1762011626349,BTC-PERPETUAL,TICK,0,109990,0
1762011626354,BTC-PERPETUAL,TICK,0,109990,0
1762011626390,BTC-PERPETUAL,TICK,0,110009,0
1762011626397,BTC-PERPETUAL,TICK,0,110009,0
1762011626426,BTC-PERPETUAL,TICK,0,109990,0
1762011626430,BTC-PERPETUAL,TICK,0,109990,0
1762011626466,BTC-PERPETUAL,TICK,0,110006,0
1762011626472,BTC-PERPETUAL,TICK,0,110006,0
1762011626505,BTC-PERPETUAL,TICK,0,109991,0
1762011626513,BTC-PERPETUAL,TICK,0,109991,0
1762011626550,BTC-PERPETUAL,TICK,0,110005,0
1762011626559,BTC-PERPETUAL,TICK,0,110005,0
1762011626595,BTC-PERPETUAL,TICK,0,109992,0
1762011626598,BTC-PERPETUAL,TICK,0,109992,0
1762011626638,BTC-PERPETUAL,TICK,0,110004,0
1762011626642,BTC-PERPETUAL,TICK,0,110004,0
1762011626676,BTC-PERPETUAL,TICK,0,109994,0
1762011626680,BTC-PERPETUAL,TICK,0,109994,0
1762011626714,BTC-PERPETUAL,TICK,0,110004,0
1762011626720,BTC-PERPETUAL,TICK,0,110004,0
1762011626758,BTC-PERPETUAL,TICK,0,109994,0
1762011626767,BTC-PERPETUAL,TICK,0,109994,0
1762011626804,BTC-PERPETUAL,TICK,0,110002,0
1762011626808,BTC-PERPETUAL,TICK,0,110002,0
1762011626845,BTC-PERPETUAL,TICK,0,109995,0
1762011626849,BTC-PERPETUAL,TICK,0,109995,0
1762011626890,BTC-PERPETUAL,TICK,0,110002,0
1762011626894,BTC-PERPETUAL,TICK,0,110002,0
1762011626934,BTC-PERPETUAL,TICK,0,109996,0
1762011626938,BTC-PERPETUAL,TICK,0,109996,0
1762011626972,BTC-PERPETUAL,TICK,0,110000,0
1762011626977,BTC-PERPETUAL,TICK,0,110000,0
1762011627014,BTC-PERPETUAL,TICK,0,109998,0
1762011627018,BTC-PERPETUAL,TICK,0,109998,0
1762011627057,BTC-PERPETUAL,TICK,0,110000,0
1762011627060,BTC-PERPETUAL,TICK,0,110000,0
1762011627104,BTC-PERPETUAL,TICK,0,110000,0
1762011627110,BTC-PERPETUAL,TICK,0,110000,0
1762011627147,BTC-PERPETUAL,TICK,0,110000,0
1762011627155,BTC-PERPETUAL,TICK,0,110000,0
1762011627531,ETH-PERPETUAL,TICK,0,3884.45,0
1762011627535,ETH-PERPETUAL,TICK,0,3884.45,0
1762011627561,ETH-PERPETUAL,TICK,0,3881.5,0
1762011627565,ETH-PERPETUAL,TICK,0,3881.5,0
1762011627597,ETH-PERPETUAL,TICK,0,3884.4,0
1762011627601,ETH-PERPETUAL,TICK,0,3884.4,0
1762011627624,ETH-PERPETUAL,TICK,0,3881.6,0
1762011627628,ETH-PERPETUAL,TICK,0,3881.6,0
1762011627654,ETH-PERPETUAL,TICK,0,3884.35,0
1762011627677,ETH-PERPETUAL,TICK,0,3884.35,0
1762011627690,ETH-PERPETUAL,TICK,0,3881.65,0
1762011627694,ETH-PERPETUAL,TICK,0,3881.65,0
1762011627720,ETH-PERPETUAL,TICK,0,3884.3,0
1762011627723,ETH-PERPETUAL,TICK,0,3884.3,0
1762011627752,ETH-PERPETUAL,TICK,0,3881.7,0
1762011627756,ETH-PERPETUAL,TICK,0,3881.7,0
1762011627784,ETH-PERPETUAL,TICK,0,3884.25,0
1762011627788,ETH-PERPETUAL,TICK,0,3884.25,0
1762011627814,ETH-PERPETUAL,TICK,0,3884.2,0
1762011627819,ETH-PERPETUAL,TICK,0,3884.2,0
1762011627848,ETH-PERPETUAL,TICK,0,3881.8,0
1762011627853,ETH-PERPETUAL,TICK,0,3881.8,0
1762011627879,ETH-PERPETUAL,TICK,0,3884.15,0
1762011627883,ETH-PERPETUAL,TICK,0,3884.15,0
1762011627915,ETH-PERPETUAL,TICK,0,3881.85,0
1762011627923,ETH-PERPETUAL,TICK,0,3881.85,0
1762011627957,ETH-PERPETUAL,TICK,0,3884.05,0
1762011627965,ETH-PERPETUAL,TICK,0,3884.05,0
1762011627998,ETH-PERPETUAL,TICK,0,3881.9,0
1762011628006,ETH-PERPETUAL,TICK,0,3881.9,0
1762011628038,ETH-PERPETUAL,TICK,0,3884,0
1762011628042,ETH-PERPETUAL,TICK,0,3884,0
1762011628071,ETH-PERPETUAL,TICK,0,3882,0
1762011628075,ETH-PERPETUAL,TICK,0,3882,0
1762011628104,ETH-PERPETUAL,TICK,0,3883.85,0
1762011628109,ETH-PERPETUAL,TICK,0,3883.85,0
1762011628139,ETH-PERPETUAL,TICK,0,3882.05,0
1762011628145,ETH-PERPETUAL,TICK,0,3882.05,0
1762011628173,ETH-PERPETUAL,TICK,0,3883.8,0
1762011628179,ETH-PERPETUAL,TICK,0,3883.8,0
1762011628213,ETH-PERPETUAL,TICK,0,3882.1,0
1762011628218,ETH-PERPETUAL,TICK,0,3882.1,0
1762011628248,ETH-PERPETUAL,TICK,0,3883.75,0
1762011628251,ETH-PERPETUAL,TICK,0,3883.75,0
1762011628287,ETH-PERPETUAL,TICK,0,3882.15,0
1762011628291,ETH-PERPETUAL,TICK,0,3882.15,0
1762011628325,ETH-PERPETUAL,TICK,0,3883.6,0
1762011628330,ETH-PERPETUAL,TICK,0,3883.6,0
1762011628362,ETH-PERPETUAL,TICK,0,3882.3,0
1762011628365,ETH-PERPETUAL,TICK,0,3882.3,0
1762011628393,ETH-PERPETUAL,TICK,0,3883.55,0
1762011628397,ETH-PERPETUAL,TICK,0,3883.55,0
1762011628427,ETH-PERPETUAL,TICK,0,3882.35,0
1762011628431,ETH-PERPETUAL,TICK,0,3882.35,0
1762011628464,ETH-PERPETUAL,TICK,0,3883.5,0
1762011628470,ETH-PERPETUAL,TICK,0,3883.5,0
1762011628503,ETH-PERPETUAL,TICK,0,3882.4,0
1762011628507,ETH-PERPETUAL,TICK,0,3882.4,0
1762011628538,ETH-PERPETUAL,TICK,0,3883.45,0
1762011628541,ETH-PERPETUAL,TICK,0,3883.45,0
1762011628566,ETH-PERPETUAL,TICK,0,3882.55,0
1762011628570,ETH-PERPETUAL,TICK,0,3882.55,0
1762011628600,ETH-PERPETUAL,TICK,0,3883.35,0
1762011628606,ETH-PERPETUAL,TICK,0,3883.35,0
1762011628635,ETH-PERPETUAL,TICK,0,3882.6,0
1762011628641,ETH-PERPETUAL,TICK,0,3882.6,0
1762011628673,ETH-PERPETUAL,TICK,0,3883.25,0
1762011628678,ETH-PERPETUAL,TICK,0,3883.25,0
1762011628703,ETH-PERPETUAL,TICK,0,3882.65,0
1762011628707,ETH-PERPETUAL,TICK,0,3882.65,0
1762011628736,ETH-PERPETUAL,TICK,0,3883.2,0
1762011628740,ETH-PERPETUAL,TICK,0,3883.2,0
1762011628777,ETH-PERPETUAL,TICK,0,3882.75,0
1762011628782,ETH-PERPETUAL,TICK,0,3882.75,0
1762011628832,ETH-PERPETUAL,TICK,0,3883,0
1762011628837,ETH-PERPETUAL,TICK,0,3883,0
1762011628861,ETH-PERPETUAL,TICK,0,3882.9,0
1762011628866,ETH-PERPETUAL,TICK,0,3882.9,0
1762011629098,BTC-PERPETUAL,TICK,0,110000,0
1762011629102,BTC-PERPETUAL,TICK,0,110000,0
1762011629133,BTC-PERPETUAL,TICK,0,0,0
1762011629136,BTC-PERPETUAL,TICK,0,0,0
1762011629158,BTC-PERPETUAL,TICK,0,110011,0
1762011629162,BTC-PERPETUAL,TICK,0,110011,0
1762011629183,BTC-PERPETUAL,TICK,0,109986,0
1762011629187,BTC-PERPETUAL,TICK,0,109986,0
1762011629209,BTC-PERPETUAL,TICK,0,110010,0
1762011629212,BTC-PERPETUAL,TICK,0,110010,0
1762011629233,BTC-PERPETUAL,TICK,0,109987,0
1762011629236,BTC-PERPETUAL,TICK,0,109987,0
1762011629258,BTC-PERPETUAL,TICK,0,110010,0
1762011629261,BTC-PERPETUAL,TICK,0,110010,0
1762011629284,BTC-PERPETUAL,TICK,0,109988,0
1762011629287,BTC-PERPETUAL,TICK,0,109988,0
1762011629310,BTC-PERPETUAL,TICK,0,110010,0
1762011629313,BTC-PERPETUAL,TICK,0,110010,0
1762011629340,BTC-PERPETUAL,TICK,0,109988,0
1762011629347,BTC-PERPETUAL,TICK,0,109988,0
1762011629373,BTC-PERPETUAL,TICK,0,110000,0
1762011629377,BTC-PERPETUAL,TICK,0,110000,0
1762011629402,BTC-PERPETUAL,TICK,0,110009,0
1762011629407,BTC-PERPETUAL,TICK,0,110009,0
1762011629438,BTC-PERPETUAL,TICK,0,109990,0
1762011629443,BTC-PERPETUAL,TICK,0,109990,0
1762011629472,BTC-PERPETUAL,TICK,0,110008,0
1762011629476,BTC-PERPETUAL,TICK,0,110008,0
1762011629504,BTC-PERPETUAL,TICK,0,109990,0
1762011629510,BTC-PERPETUAL,TICK,0,109990,0
1762011629544,BTC-PERPETUAL,TICK,0,110008,0
1762011629549,BTC-PERPETUAL,TICK,0,110008,0
1762011629579,BTC-PERPETUAL,TICK,0,110007,0
1762011629583,BTC-PERPETUAL,TICK,0,110007,0
1762011629616,BTC-PERPETUAL,TICK,0,109992,0
1762011629621,BTC-PERPETUAL,TICK,0,109992,0
1762011629648,BTC-PERPETUAL,TICK,0,110006,0
1762011629654,BTC-PERPETUAL,TICK,0,110006,0
1762011629690,BTC-PERPETUAL,TICK,0,109992,0
1762011629696,BTC-PERPETUAL,TICK,0,109992,0
1762011629725,BTC-PERPETUAL,TICK,0,110006,0
1762011629728,BTC-PERPETUAL,TICK,0,110006,0
1762011629762,BTC-PERPETUAL,TICK,0,109992,0
1762011629772,BTC-PERPETUAL,TICK,0,109992,0
1762011629804,BTC-PERPETUAL,TICK,0,110006,0
1762011629811,BTC-PERPETUAL,TICK,0,110006,0
1762011629838,BTC-PERPETUAL,TICK,0,109993,0
1762011629842,BTC-PERPETUAL,TICK,0,109993,0
1762011629870,BTC-PERPETUAL,TICK,0,110005,0
1762011629875,BTC-PERPETUAL,TICK,0,110005,0
1762011629914,BTC-PERPETUAL,TICK,0,109994,0
1762011629918,BTC-PERPETUAL,TICK,0,109994,0
1762011629945,BTC-PERPETUAL,TICK,0,110004,0
1762011629950,BTC-PERPETUAL,TICK,0,110004,0
1762011629982,BTC-PERPETUAL,TICK,0,109994,0
1762011629987,BTC-PERPETUAL,TICK,0,109994,0
1762011630014,BTC-PERPETUAL,TICK,0,110003,0
1762011630018,BTC-PERPETUAL,TICK,0,110003,0
1762011630041,BTC-PERPETUAL,TICK,0,109994,0
1762011630045,BTC-PERPETUAL,TICK,0,109994,0
1762011630069,BTC-PERPETUAL,TICK,0,110002,0
1762011630075,BTC-PERPETUAL,TICK,0,110002,0
1762011630101,BTC-PERPETUAL,TICK,0,109995,0
1762011630104,BTC-PERPETUAL,TICK,0,109995,0
1762011630132,BTC-PERPETUAL,TICK,0,110002,0
1762011630136,BTC-PERPETUAL,TICK,0,110002,0
1762011630163,BTC-PERPETUAL,TICK,0,109996,0
1762011630168,BTC-PERPETUAL,TICK,0,109996,0
1762011630195,BTC-PERPETUAL,TICK,0,110001,0
1762011630199,BTC-PERPETUAL,TICK,0,110001,0
1762011630228,BTC-PERPETUAL,TICK,0,109996,0
1762011630231,BTC-PERPETUAL,TICK,0,109996,0
1762011630257,BTC-PERPETUAL,TICK,0,110000,0
1762011630261,BTC-PERPETUAL,TICK,0,110000,0
1762011630288,BTC-PERPETUAL,TICK,0,109999,0
1762011630293,BTC-PERPETUAL,TICK,0,109999,0
1762011630319,BTC-PERPETUAL,TICK,0,110000,0
1762011630325,BTC-PERPETUAL,TICK,0,110000,0
1762011630350,BTC-PERPETUAL,TICK,0,110000,0
1762011630352,BTC-PERPETUAL,TICK,0,110000,0
1762011632817,ETH-PERPETUAL,TICK,0,3884.85,0
1762011632823,ETH-PERPETUAL,TICK,0,3884.85,0
1762011632854,ETH-PERPETUAL,TICK,0,3881.6,0
1762011632858,ETH-PERPETUAL,TICK,0,3881.6,0
1762011632893,ETH-PERPETUAL,TICK,0,3884.8,0
1762011632898,ETH-PERPETUAL,TICK,0,3884.8,0
1762011632930,ETH-PERPETUAL,TICK,0,3881.75,0
1762011632935,ETH-PERPETUAL,TICK,0,3881.75,0
1762011632966,ETH-PERPETUAL,TICK,0,3884.75,0
1762011632970,ETH-PERPETUAL,TICK,0,3884.75,0
1762011633001,ETH-PERPETUAL,TICK,0,3881.8,0
1762011633005,ETH-PERPETUAL,TICK,0,3881.8,0
1762011633037,ETH-PERPETUAL,TICK,0,3884.65,0
1762011633042,ETH-PERPETUAL,TICK,0,3884.65,0
1762011633072,ETH-PERPETUAL,TICK,0,3881.9,0
1762011633076,ETH-PERPETUAL,TICK,0,3881.9,0
1762011633111,ETH-PERPETUAL,TICK,0,3884.6,0
1762011633117,ETH-PERPETUAL,TICK,0,3884.6,0
1762011633149,ETH-PERPETUAL,TICK,0,3882,0
1762011633155,ETH-PERPETUAL,TICK,0,3882,0
1762011633188,ETH-PERPETUAL,TICK,0,3884.55,0
1762011633194,ETH-PERPETUAL,TICK,0,3884.55,0
1762011633229,ETH-PERPETUAL,TICK,0,3882.05,0
1762011633236,ETH-PERPETUAL,TICK,0,3882.05,0
1762011633270,ETH-PERPETUAL,TICK,0,3884.5,0
1762011633276,ETH-PERPETUAL,TICK,0,3884.5,0
1762011633312,ETH-PERPETUAL,TICK,0,3882.15,0
1762011633318,ETH-PERPETUAL,TICK,0,3882.15,0
1762011633351,ETH-PERPETUAL,TICK,0,3884.45,0
1762011633356,ETH-PERPETUAL,TICK,0,3884.45,0
1762011633386,ETH-PERPETUAL,TICK,0,3882.3,0
1762011633390,ETH-PERPETUAL,TICK,0,3882.3,0
1762011633422,ETH-PERPETUAL,TICK,0,3884.4,0
1762011633427,ETH-PERPETUAL,TICK,0,3884.4,0
1762011633460,ETH-PERPETUAL,TICK,0,3882.35,0
1762011633462,ETH-PERPETUAL,TICK,0,3882.35,0
1762011633498,ETH-PERPETUAL,TICK,0,3884.35,0
1762011633502,ETH-PERPETUAL,TICK,0,3884.35,0
1762011633536,ETH-PERPETUAL,TICK,0,3882.4,0
1762011633540,ETH-PERPETUAL,TICK,0,3882.4,0
1762011633574,ETH-PERPETUAL,TICK,0,3884.3,0
1762011633577,ETH-PERPETUAL,TICK,0,3884.3,0
1762011633609,ETH-PERPETUAL,TICK,0,3882.5,0
1762011633613,ETH-PERPETUAL,TICK,0,3882.5,0
1762011633645,ETH-PERPETUAL,TICK,0,3884.25,0
1762011633649,ETH-PERPETUAL,TICK,0,3884.25,0
1762011633680,ETH-PERPETUAL,TICK,0,3882.55,0
1762011633686,ETH-PERPETUAL,TICK,0,3882.55,0
1762011633718,ETH-PERPETUAL,TICK,0,3884.2,0
1762011633722,ETH-PERPETUAL,TICK,0,3884.2,0
1762011633751,ETH-PERPETUAL,TICK,0,3882.65,0
1762011633756,ETH-PERPETUAL,TICK,0,3882.65,0
1762011633789,ETH-PERPETUAL,TICK,0,3884.15,0
1762011633795,ETH-PERPETUAL,TICK,0,3884.15,0
1762011633827,ETH-PERPETUAL,TICK,0,3882.75,0
1762011633831,ETH-PERPETUAL,TICK,0,3882.75,0
1762011633866,ETH-PERPETUAL,TICK,0,3884.05,0
1762011633871,ETH-PERPETUAL,TICK,0,3884.05,0
1762011633902,ETH-PERPETUAL,TICK,0,3882.8,0
1762011633907,ETH-PERPETUAL,TICK,0,3882.8,0
1762011633942,ETH-PERPETUAL,TICK,0,3884,0
1762011633947,ETH-PERPETUAL,TICK,0,3884,0
1762011633979,ETH-PERPETUAL,TICK,0,3883,0
1762011633986,ETH-PERPETUAL,TICK,0,3883,0
1762011634021,ETH-PERPETUAL,TICK,0,3883.9,0
1762011634028,ETH-PERPETUAL,TICK,0,3883.9,0
1762011634066,ETH-PERPETUAL,TICK,0,3883.25,0
1762011634070,ETH-PERPETUAL,TICK,0,3883.25,0
1762011634105,ETH-PERPETUAL,TICK,0,3883.85,0
1762011634111,ETH-PERPETUAL,TICK,0,3883.85,0
1762011634145,ETH-PERPETUAL,TICK,0,3883.3,0
1762011634150,ETH-PERPETUAL,TICK,0,3883.3,0
1762011634187,ETH-PERPETUAL,TICK,0,3883.8,0
1762011634193,ETH-PERPETUAL,TICK,0,3883.8,0
1762011634232,ETH-PERPETUAL,TICK,0,3883.35,0
1762011634238,ETH-PERPETUAL,TICK,0,3883.35,0
1762011634271,ETH-PERPETUAL,TICK,0,3883.5,0
1762011634276,ETH-PERPETUAL,TICK,0,3883.5,0
1762011634303,ETH-PERPETUAL,TICK,0,3883.4,0
1762011634310,ETH-PERPETUAL,TICK,0,3883.4,0
1762011634368,BTC-PERPETUAL,TICK,0,110000,0
1762011634373,BTC-PERPETUAL,TICK,0,110000,0
1762011634406,BTC-PERPETUAL,TICK,0,110000,0
1762011634412,BTC-PERPETUAL,TICK,0,110000,0
1762011634443,BTC-PERPETUAL,TICK,0,110022,0
1762011634448,BTC-PERPETUAL,TICK,0,110022,0
1762011634480,BTC-PERPETUAL,TICK,0,109986,0
1762011634483,BTC-PERPETUAL,TICK,0,109986,0
1762011634516,BTC-PERPETUAL,TICK,0,110021,0
1762011634523,BTC-PERPETUAL,TICK,0,110021,0
1762011634554,BTC-PERPETUAL,TICK,0,109986,0
1762011634558,BTC-PERPETUAL,TICK,0,109986,0
1762011634588,BTC-PERPETUAL,TICK,0,110018,0
1762011634593,BTC-PERPETUAL,TICK,0,110018,0
1762011634623,BTC-PERPETUAL,TICK,0,109986,0
1762011634626,BTC-PERPETUAL,TICK,0,109986,0
1762011634656,BTC-PERPETUAL,TICK,0,110016,0
1762011634660,BTC-PERPETUAL,TICK,0,110016,0
1762011634687,BTC-PERPETUAL,TICK,0,109988,0
1762011634691,BTC-PERPETUAL,TICK,0,109988,0
1762011634725,BTC-PERPETUAL,TICK,0,110016,0
1762011634730,BTC-PERPETUAL,TICK,0,110016,0
1762011634759,BTC-PERPETUAL,TICK,0,109988,0
1762011634762,BTC-PERPETUAL,TICK,0,109988,0
1762011634796,BTC-PERPETUAL,TICK,0,110016,0
1762011634801,BTC-PERPETUAL,TICK,0,110016,0
1762011634831,BTC-PERPETUAL,TICK,0,109989,0
1762011634837,BTC-PERPETUAL,TICK,0,109989,0
1762011634866,BTC-PERPETUAL,TICK,0,110015,0
1762011634869,BTC-PERPETUAL,TICK,0,110015,0
1762011634903,BTC-PERPETUAL,TICK,0,109990,0
1762011634909,BTC-PERPETUAL,TICK,0,109990,0
1762011634938,BTC-PERPETUAL,TICK,0,110014,0
1762011634942,BTC-PERPETUAL,TICK,0,110014,0
1762011634977,BTC-PERPETUAL,TICK,0,109992,0
1762011634983,BTC-PERPETUAL,TICK,0,109992,0
1762011635012,BTC-PERPETUAL,TICK,0,110014,0
1762011635016,BTC-PERPETUAL,TICK,0,110014,0
1762011635047,BTC-PERPETUAL,TICK,0,109994,0
1762011635050,BTC-PERPETUAL,TICK,0,109994,0
1762011635082,BTC-PERPETUAL,TICK,0,110012,0
1762011635087,BTC-PERPETUAL,TICK,0,110012,0
1762011635119,BTC-PERPETUAL,TICK,0,109995,0
1762011635122,BTC-PERPETUAL,TICK,0,109995,0
1762011635158,BTC-PERPETUAL,TICK,0,110011,0
1762011635163,BTC-PERPETUAL,TICK,0,110011,0
1762011635193,BTC-PERPETUAL,TICK,0,109996,0
1762011635198,BTC-PERPETUAL,TICK,0,109996,0
1762011635237,BTC-PERPETUAL,TICK,0,110010,0
1762011635241,BTC-PERPETUAL,TICK,0,110010,0
1762011635272,BTC-PERPETUAL,TICK,0,109996,0
1762011635277,BTC-PERPETUAL,TICK,0,109996,0
1762011635313,BTC-PERPETUAL,TICK,0,110010,0
1762011635319,BTC-PERPETUAL,TICK,0,110010,0
1762011635357,BTC-PERPETUAL,TICK,0,109996,0
1762011635362,BTC-PERPETUAL,TICK,0,109996,0
1762011635400,BTC-PERPETUAL,TICK,0,110010,0
1762011635407,BTC-PERPETUAL,TICK,0,110010,0
1762011635443,BTC-PERPETUAL,TICK,0,109997,0
1762011635449,BTC-PERPETUAL,TICK,0,109997,0
1762011635488,BTC-PERPETUAL,TICK,0,110009,0
1762011635494,BTC-PERPETUAL,TICK,0,110009,0
1762011635534,BTC-PERPETUAL,TICK,0,109998,0
1762011635541,BTC-PERPETUAL,TICK,0,109998,0
1762011635576,BTC-PERPETUAL,TICK,0,110008,0
1762011635581,BTC-PERPETUAL,TICK,0,110008,0
1762011635613,BTC-PERPETUAL,TICK,0,109998,0
1762011635619,BTC-PERPETUAL,TICK,0,109998,0
1762011635651,BTC-PERPETUAL,TICK,0,110008,0
1762011635656,BTC-PERPETUAL,TICK,0,110008,0
1762011635693,BTC-PERPETUAL,TICK,0,109998,0
1762011635698,BTC-PERPETUAL,TICK,0,109998,0
1762011635736,BTC-PERPETUAL,TICK,0,110000,0
1762011635743,BTC-PERPETUAL,TICK,0,110000,0
1762011635777,BTC-PERPETUAL,TICK,0,109999,0
1762011635783,BTC-PERPETUAL,TICK,0,109999,0
1762011635816,BTC-PERPETUAL,TICK,0,110000,0
1762011635822,BTC-PERPETUAL,TICK,0,110000,0
1762011635852,BTC-PERPETUAL,TICK,0,110000,0
1762011635858,BTC-PERPETUAL,TICK,0,110000,0
1762011638076,ETH-PERPETUAL,TICK,0,3884.8,0
1762011638080,ETH-PERPETUAL,TICK,0,3884.8,0
1762011638106,ETH-PERPETUAL,TICK,0,3881.35,0
1762011638115,ETH-PERPETUAL,TICK,0,3881.35,0
1762011638150,ETH-PERPETUAL,TICK,0,3884.65,0
1762011638157,ETH-PERPETUAL,TICK,0,3884.65,0
1762011638192,ETH-PERPETUAL,TICK,0,3881.6,0
1762011638195,ETH-PERPETUAL,TICK,0,3881.6,0
1762011638225,ETH-PERPETUAL,TICK,0,3884.6,0
1762011638230,ETH-PERPETUAL,TICK,0,3884.6,0
1762011638266,ETH-PERPETUAL,TICK,0,3881.75,0
1762011638269,ETH-PERPETUAL,TICK,0,3881.75,0
1762011638301,ETH-PERPETUAL,TICK,0,3884.55,0
1762011638305,ETH-PERPETUAL,TICK,0,3884.55,0
1762011638338,ETH-PERPETUAL,TICK,0,3881.8,0
1762011638341,ETH-PERPETUAL,TICK,0,3881.8,0
1762011638375,ETH-PERPETUAL,TICK,0,3884.5,0
1762011638382,ETH-PERPETUAL,TICK,0,3884.5,0
1762011638416,ETH-PERPETUAL,TICK,0,3881.9,0
1762011638427,ETH-PERPETUAL,TICK,0,3881.9,0
1762011638455,ETH-PERPETUAL,TICK,0,3884.45,0
1762011638459,ETH-PERPETUAL,TICK,0,3884.45,0
1762011638488,ETH-PERPETUAL,TICK,0,3882,0
1762011638492,ETH-PERPETUAL,TICK,0,3882,0
1762011638532,ETH-PERPETUAL,TICK,0,3884.4,0
1762011638541,ETH-PERPETUAL,TICK,0,3884.4,0
1762011638572,ETH-PERPETUAL,TICK,0,3882.05,0
1762011638578,ETH-PERPETUAL,TICK,0,3882.05,0
1762011638618,ETH-PERPETUAL,TICK,0,3884.35,0
1762011638622,ETH-PERPETUAL,TICK,0,3884.35,0
1762011638661,ETH-PERPETUAL,TICK,0,3882.1,0
1762011638665,ETH-PERPETUAL,TICK,0,3882.1,0
1762011638701,ETH-PERPETUAL,TICK,0,3884.3,0
1762011638707,ETH-PERPETUAL,TICK,0,3884.3,0
1762011638742,ETH-PERPETUAL,TICK,0,3882.15,0
1762011638745,ETH-PERPETUAL,TICK,0,3882.15,0
1762011638781,ETH-PERPETUAL,TICK,0,3884.25,0
1762011638787,ETH-PERPETUAL,TICK,0,3884.25,0
1762011638821,ETH-PERPETUAL,TICK,0,3882.25,0
1762011638825,ETH-PERPETUAL,TICK,0,3882.25,0
1762011638857,ETH-PERPETUAL,TICK,0,3884.15,0
1762011638860,ETH-PERPETUAL,TICK,0,3884.15,0
1762011638897,ETH-PERPETUAL,TICK,0,3882.3,0
1762011638902,ETH-PERPETUAL,TICK,0,3882.3,0
1762011638940,ETH-PERPETUAL,TICK,0,3884.05,0
1762011638945,ETH-PERPETUAL,TICK,0,3884.05,0
1762011638988,ETH-PERPETUAL,TICK,0,3882.35,0
1762011638994,ETH-PERPETUAL,TICK,0,3882.35,0
1762011639036,ETH-PERPETUAL,TICK,0,3884,0
1762011639044,ETH-PERPETUAL,TICK,0,3884,0
1762011639094,ETH-PERPETUAL,TICK,0,3882.4,0
1762011639099,ETH-PERPETUAL,TICK,0,3882.4,0
1762011639146,ETH-PERPETUAL,TICK,0,3883.95,0
1762011639151,ETH-PERPETUAL,TICK,0,3883.95,0
1762011639186,ETH-PERPETUAL,TICK,0,3882.5,0
1762011639190,ETH-PERPETUAL,TICK,0,3882.5,0
1762011639226,ETH-PERPETUAL,TICK,0,3883.9,0
1762011639231,ETH-PERPETUAL,TICK,0,3883.9,0
1762011639280,ETH-PERPETUAL,TICK,0,3882.55,0
1762011639285,ETH-PERPETUAL,TICK,0,3882.55,0
1762011639334,ETH-PERPETUAL,TICK,0,3883.85,0
1762011639341,ETH-PERPETUAL,TICK,0,3883.85,0
1762011639382,ETH-PERPETUAL,TICK,0,3882.75,0
1762011639389,ETH-PERPETUAL,TICK,0,3882.75,0
1762011639429,ETH-PERPETUAL,TICK,0,3883.65,0
1762011639433,ETH-PERPETUAL,TICK,0,3883.65,0
1762011639475,ETH-PERPETUAL,TICK,0,3882.85,0
1762011639480,ETH-PERPETUAL,TICK,0,3882.85,0
1762011639527,ETH-PERPETUAL,TICK,0,3883.6,0
1762011639534,ETH-PERPETUAL,TICK,0,3883.6,0
1762011639572,ETH-PERPETUAL,TICK,0,3883.05,0
1762011639578,ETH-PERPETUAL,TICK,0,3883.05,0
1762011639612,ETH-PERPETUAL,TICK,0,3883.55,0
1762011639618,ETH-PERPETUAL,TICK,0,3883.55,0
1762011639650,ETH-PERPETUAL,TICK,0,3883.1,0
1762011639655,ETH-PERPETUAL,TICK,0,3883.1,0
1762011639688,ETH-PERPETUAL,TICK,0,3883.25,0
1762011639694,ETH-PERPETUAL,TICK,0,3883.25,0
1762011639727,ETH-PERPETUAL,TICK,0,3883.15,0
1762011639732,ETH-PERPETUAL,TICK,0,3883.15,0
1762011639765,BTC-PERPETUAL,TICK,0,110000,0
1762011639772,BTC-PERPETUAL,TICK,0,110000,0
1762011639812,BTC-PERPETUAL,TICK,0,110000,0
1762011639818,BTC-PERPETUAL,TICK,0,110000,0
1762011639860,BTC-PERPETUAL,TICK,0,110016,0
1762011639866,BTC-PERPETUAL,TICK,0,110016,0
1762011639907,BTC-PERPETUAL,TICK,0,109986,0
1762011639915,BTC-PERPETUAL,TICK,0,109986,0
1762011639959,BTC-PERPETUAL,TICK,0,110016,0
1762011639965,BTC-PERPETUAL,TICK,0,110016,0
1762011640006,BTC-PERPETUAL,TICK,0,109986,0
1762011640013,BTC-PERPETUAL,TICK,0,109986,0
1762011640060,BTC-PERPETUAL,TICK,0,110016,0
1762011640066,BTC-PERPETUAL,TICK,0,110016,0
1762011640107,BTC-PERPETUAL,TICK,0,109987,0
1762011640114,BTC-PERPETUAL,TICK,0,109987,0
1762011640150,BTC-PERPETUAL,TICK,0,110014,0
1762011640155,BTC-PERPETUAL,TICK,0,110014,0
1762011640194,BTC-PERPETUAL,TICK,0,109988,0
1762011640200,BTC-PERPETUAL,TICK,0,109988,0
1762011640235,BTC-PERPETUAL,TICK,0,110014,0
1762011640239,BTC-PERPETUAL,TICK,0,110014,0
1762011640272,BTC-PERPETUAL,TICK,0,109988,0
1762011640277,BTC-PERPETUAL,TICK,0,109988,0
1762011640319,BTC-PERPETUAL,TICK,0,110014,0
1762011640327,BTC-PERPETUAL,TICK,0,110014,0
1762011640363,BTC-PERPETUAL,TICK,0,109989,0
1762011640368,BTC-PERPETUAL,TICK,0,109989,0
1762011640406,BTC-PERPETUAL,TICK,0,110013,0
1762011640411,BTC-PERPETUAL,TICK,0,110013,0
1762011640450,BTC-PERPETUAL,TICK,0,109990,0
1762011640455,BTC-PERPETUAL,TICK,0,109990,0
1762011640500,BTC-PERPETUAL,TICK,0,110012,0
1762011640506,BTC-PERPETUAL,TICK,0,110012,0
1762011640545,BTC-PERPETUAL,TICK,0,109992,0
1762011640556,BTC-PERPETUAL,TICK,0,109992,0
1762011640603,BTC-PERPETUAL,TICK,0,110012,0
1762011640609,BTC-PERPETUAL,TICK,0,110012,0
1762011640656,BTC-PERPETUAL,TICK,0,109992,0
1762011640664,BTC-PERPETUAL,TICK,0,109992,0
1762011640703,BTC-PERPETUAL,TICK,0,110011,0
1762011640709,BTC-PERPETUAL,TICK,0,110011,0
1762011640750,BTC-PERPETUAL,TICK,0,109994,0
1762011640754,BTC-PERPETUAL,TICK,0,109994,0
1762011640789,BTC-PERPETUAL,TICK,0,110010,0
1762011640794,BTC-PERPETUAL,TICK,0,110010,0
1762011640838,BTC-PERPETUAL,TICK,0,109995,0
1762011640843,BTC-PERPETUAL,TICK,0,109995,0
1762011640875,BTC-PERPETUAL,TICK,0,110010,0
1762011640881,BTC-PERPETUAL,TICK,0,110010,0
1762011640921,BTC-PERPETUAL,TICK,0,109996,0
1762011640928,BTC-PERPETUAL,TICK,0,109996,0
1762011640967,BTC-PERPETUAL,TICK,0,110008,0
1762011640972,BTC-PERPETUAL,TICK,0,110008,0
1762011641015,BTC-PERPETUAL,TICK,0,109996,0
1762011641020,BTC-PERPETUAL,TICK,0,109996,0
1762011641072,BTC-PERPETUAL,TICK,0,110006,0
1762011641080,BTC-PERPETUAL,TICK,0,110006,0
1762011641123,BTC-PERPETUAL,TICK,0,109997,0
1762011641129,BTC-PERPETUAL,TICK,0,109997,0
1762011641170,BTC-PERPETUAL,TICK,0,110006,0
1762011641174,BTC-PERPETUAL,TICK,0,110006,0
1762011641218,BTC-PERPETUAL,TICK,0,109998,0
1762011641225,BTC-PERPETUAL,TICK,0,109998,0
1762011641265,BTC-PERPETUAL,TICK,0,110004,0
1762011641271,BTC-PERPETUAL,TICK,0,110004,0
1762011641318,BTC-PERPETUAL,TICK,0,109998,0
1762011641333,BTC-PERPETUAL,TICK,0,109998,0
1762011641390,BTC-PERPETUAL,TICK,0,110004,0
1762011641400,BTC-PERPETUAL,TICK,0,110004,0
1762011641447,BTC-PERPETUAL,TICK,0,109998,0
1762011641453,BTC-PERPETUAL,TICK,0,109998,0
1762011641511,BTC-PERPETUAL,TICK,0,110000,0
1762011641523,BTC-PERPETUAL,TICK,0,110000,0
1762011641575,BTC-PERPETUAL,TICK,0,109999,0
1762011641600,BTC-PERPETUAL,TICK,0,109999,0
1762011641752,BTC-PERPETUAL,TICK,0,110000,0
1762011641760,BTC-PERPETUAL,TICK,0,110000,0
1762011641827,BTC-PERPETUAL,TICK,0,110000,0
1762011641833,BTC-PERPETUAL,TICK,0,110000,0
1762011643371,ETH-PERPETUAL,TICK,0,3885,0
1762011643379,ETH-PERPETUAL,TICK,0,3885,0
1762011643426,ETH-PERPETUAL,TICK,0,3881.35,0
1762011643430,ETH-PERPETUAL,TICK,0,3881.35,0
1762011643476,ETH-PERPETUAL,TICK,0,3884.95,0
1762011643481,ETH-PERPETUAL,TICK,0,3884.95,0
1762011643525,ETH-PERPETUAL,TICK,0,3881.6,0
1762011643530,ETH-PERPETUAL,TICK,0,3881.6,0
1762011643585,ETH-PERPETUAL,TICK,0,3884.85,0
1762011643592,ETH-PERPETUAL,TICK,0,3884.85,0
1762011643640,ETH-PERPETUAL,TICK,0,3881.75,0
1762011643645,ETH-PERPETUAL,TICK,0,3881.75,0
1762011643692,ETH-PERPETUAL,TICK,0,3884.8,0
1762011643697,ETH-PERPETUAL,TICK,0,3884.8,0
1762011643747,ETH-PERPETUAL,TICK,0,3881.8,0
1762011643752,ETH-PERPETUAL,TICK,0,3881.8,0
1762011643794,ETH-PERPETUAL,TICK,0,3884.65,0
1762011643798,ETH-PERPETUAL,TICK,0,3884.65,0
1762011643842,ETH-PERPETUAL,TICK,0,3881.9,0
1762011643845,ETH-PERPETUAL,TICK,0,3881.9,0
1762011643897,ETH-PERPETUAL,TICK,0,3884.6,0
1762011643904,ETH-PERPETUAL,TICK,0,3884.6,0
1762011643958,ETH-PERPETUAL,TICK,0,3882,0
1762011643963,ETH-PERPETUAL,TICK,0,3882,0
1762011644008,ETH-PERPETUAL,TICK,0,3884.45,0
1762011644013,ETH-PERPETUAL,TICK,0,3884.45,0
1762011644057,ETH-PERPETUAL,TICK,0,3882.05,0
1762011644063,ETH-PERPETUAL,TICK,0,3882.05,0
1762011644100,ETH-PERPETUAL,TICK,0,3884.4,0
1762011644108,ETH-PERPETUAL,TICK,0,3884.4,0
1762011644157,ETH-PERPETUAL,TICK,0,3882.1,0
1762011644164,ETH-PERPETUAL,TICK,0,3882.1,0
1762011644206,ETH-PERPETUAL,TICK,0,3884.35,0
1762011644214,ETH-PERPETUAL,TICK,0,3884.35,0
1762011644253,ETH-PERPETUAL,TICK,0,3882.15,0
1762011644259,ETH-PERPETUAL,TICK,0,3882.15,0
1762011644300,ETH-PERPETUAL,TICK,0,3884.3,0
1762011644305,ETH-PERPETUAL,TICK,0,3884.3,0
1762011644342,ETH-PERPETUAL,TICK,0,3882.25,0
1762011644346,ETH-PERPETUAL,TICK,0,3882.25,0
1762011644383,ETH-PERPETUAL,TICK,0,3882.3,0
1762011644390,ETH-PERPETUAL,TICK,0,3882.3,0
1762011644433,ETH-PERPETUAL,TICK,0,3884.2,0
1762011644436,ETH-PERPETUAL,TICK,0,3884.2,0
1762011644476,ETH-PERPETUAL,TICK,0,3882.35,0
1762011644482,ETH-PERPETUAL,TICK,0,3882.35,0
1762011644514,ETH-PERPETUAL,TICK,0,3884.15,0
1762011644519,ETH-PERPETUAL,TICK,0,3884.15,0
1762011644550,ETH-PERPETUAL,TICK,0,3882.4,0
1762011644557,ETH-PERPETUAL,TICK,0,3882.4,0
1762011644595,ETH-PERPETUAL,TICK,0,3884.1,0
1762011644602,ETH-PERPETUAL,TICK,0,3884.1,0
1762011644635,ETH-PERPETUAL,TICK,0,3882.5,0
1762011644642,ETH-PERPETUAL,TICK,0,3882.5,0
1762011644685,ETH-PERPETUAL,TICK,0,3883.95,0
1762011644692,ETH-PERPETUAL,TICK,0,3883.95,0
1762011644731,ETH-PERPETUAL,TICK,0,3882.55,0
1762011644738,ETH-PERPETUAL,TICK,0,3882.55,0
1762011644777,ETH-PERPETUAL,TICK,0,3883.9,0
1762011644781,ETH-PERPETUAL,TICK,0,3883.9,0
1762011644821,ETH-PERPETUAL,TICK,0,3882.75,0
1762011644827,ETH-PERPETUAL,TICK,0,3882.75,0
1762011644863,ETH-PERPETUAL,TICK,0,3883.85,0
1762011644867,ETH-PERPETUAL,TICK,0,3883.85,0
1762011644912,ETH-PERPETUAL,TICK,0,3882.85,0
1762011644917,ETH-PERPETUAL,TICK,0,3882.85,0
1762011644957,ETH-PERPETUAL,TICK,0,3883.75,0
1762011644964,ETH-PERPETUAL,TICK,0,3883.75,0
1762011645000,ETH-PERPETUAL,TICK,0,3883.05,0
1762011645004,ETH-PERPETUAL,TICK,0,3883.05,0
1762011645039,ETH-PERPETUAL,TICK,0,3883.7,0
1762011645043,ETH-PERPETUAL,TICK,0,3883.7,0
1762011645082,ETH-PERPETUAL,TICK,0,3883.1,0
1762011645089,ETH-PERPETUAL,TICK,0,3883.1,0
1762011645124,ETH-PERPETUAL,TICK,0,3883.25,0
1762011645129,ETH-PERPETUAL,TICK,0,3883.25,0
1762011645169,ETH-PERPETUAL,TICK,0,3883.15,0
1762011645173,ETH-PERPETUAL,TICK,0,3883.15,0
1762011645212,BTC-PERPETUAL,TICK,0,110000,0
1762011645216,BTC-PERPETUAL,TICK,0,110000,0
1762011645253,BTC-PERPETUAL,TICK,0,110000,0
1762011645256,BTC-PERPETUAL,TICK,0,110000,0
1762011645292,BTC-PERPETUAL,TICK,0,110022,0
1762011645299,BTC-PERPETUAL,TICK,0,110022,0
1762011645332,BTC-PERPETUAL,TICK,0,109986,0
1762011645335,BTC-PERPETUAL,TICK,0,109986,0
1762011645370,BTC-PERPETUAL,TICK,0,110022,0
1762011645376,BTC-PERPETUAL,TICK,0,110022,0
1762011645412,BTC-PERPETUAL,TICK,0,109986,0
1762011645417,BTC-PERPETUAL,TICK,0,109986,0
1762011645451,BTC-PERPETUAL,TICK,0,110018,0
1762011645456,BTC-PERPETUAL,TICK,0,110018,0
1762011645487,BTC-PERPETUAL,TICK,0,109988,0
1762011645492,BTC-PERPETUAL,TICK,0,109988,0
1762011645525,BTC-PERPETUAL,TICK,0,110016,0
1762011645530,BTC-PERPETUAL,TICK,0,110016,0
1762011645566,BTC-PERPETUAL,TICK,0,109988,0
1762011645572,BTC-PERPETUAL,TICK,0,109988,0
1762011645601,BTC-PERPETUAL,TICK,0,110014,0
1762011645606,BTC-PERPETUAL,TICK,0,110014,0
1762011645637,BTC-PERPETUAL,TICK,0,109989,0
1762011645642,BTC-PERPETUAL,TICK,0,109989,0
1762011645679,BTC-PERPETUAL,TICK,0,110012,0
1762011645684,BTC-PERPETUAL,TICK,0,110012,0
1762011645719,BTC-PERPETUAL,TICK,0,109990,0
1762011645724,BTC-PERPETUAL,TICK,0,109990,0
1762011645759,BTC-PERPETUAL,TICK,0,110011,0
1762011645763,BTC-PERPETUAL,TICK,0,110011,0
1762011645797,BTC-PERPETUAL,TICK,0,109991,0
1762011645802,BTC-PERPETUAL,TICK,0,109991,0
1762011645843,BTC-PERPETUAL,TICK,0,109992,0
1762011645848,BTC-PERPETUAL,TICK,0,109992,0
1762011645880,BTC-PERPETUAL,TICK,0,110010,0
1762011645884,BTC-PERPETUAL,TICK,0,110010,0
1762011645914,BTC-PERPETUAL,TICK,0,109993,0
1762011645919,BTC-PERPETUAL,TICK,0,109993,0
1762011645951,BTC-PERPETUAL,TICK,0,110010,0
1762011645954,BTC-PERPETUAL,TICK,0,110010,0
1762011645988,BTC-PERPETUAL,TICK,0,109994,0
1762011645993,BTC-PERPETUAL,TICK,0,109994,0
1762011646025,BTC-PERPETUAL,TICK,0,110009,0
1762011646030,BTC-PERPETUAL,TICK,0,110009,0
1762011646068,BTC-PERPETUAL,TICK,0,109994,0
1762011646072,BTC-PERPETUAL,TICK,0,109994,0
1762011646105,BTC-PERPETUAL,TICK,0,110008,0
1762011646110,BTC-PERPETUAL,TICK,0,110008,0
1762011646140,BTC-PERPETUAL,TICK,0,109994,0
1762011646145,BTC-PERPETUAL,TICK,0,109994,0
1762011646175,BTC-PERPETUAL,TICK,0,110008,0
1762011646180,BTC-PERPETUAL,TICK,0,110008,0
1762011646213,BTC-PERPETUAL,TICK,0,109995,0
1762011646220,BTC-PERPETUAL,TICK,0,109995,0
1762011646254,BTC-PERPETUAL,TICK,0,110007,0
1762011646260,BTC-PERPETUAL,TICK,0,110007,0
1762011646293,BTC-PERPETUAL,TICK,0,109996,0
1762011646296,BTC-PERPETUAL,TICK,0,109996,0
1762011646328,BTC-PERPETUAL,TICK,0,110006,0
1762011646333,BTC-PERPETUAL,TICK,0,110006,0
1762011646373,BTC-PERPETUAL,TICK,0,109996,0
1762011646377,BTC-PERPETUAL,TICK,0,109996,0
1762011646419,BTC-PERPETUAL,TICK,0,110006,0
1762011646423,BTC-PERPETUAL,TICK,0,110006,0
1762011646462,BTC-PERPETUAL,TICK,0,109996,0
1762011646468,BTC-PERPETUAL,TICK,0,109996,0
1762011646505,BTC-PERPETUAL,TICK,0,110005,0
1762011646510,BTC-PERPETUAL,TICK,0,110005,0
1762011646544,BTC-PERPETUAL,TICK,0,109998,0
1762011646548,BTC-PERPETUAL,TICK,0,109998,0
1762011646586,BTC-PERPETUAL,TICK,0,110000,0
1762011646592,BTC-PERPETUAL,TICK,0,110000,0
1762011646634,BTC-PERPETUAL,TICK,0,109999,0
1762011646639,BTC-PERPETUAL,TICK,0,109999,0
1762011646683,BTC-PERPETUAL,TICK,0,110000,0
1762011646687,BTC-PERPETUAL,TICK,0,110000,0
1762011646731,BTC-PERPETUAL,TICK,0,110000,0
1762011646739,BTC-PERPETUAL,TICK,0,110000,0
1762011648659,ETH-PERPETUAL,TICK,0,3884.8,0
1762011648664,ETH-PERPETUAL,TICK,0,3884.8,0
1762011648697,ETH-PERPETUAL,TICK,0,3881.4,0
1762011648701,ETH-PERPETUAL,TICK,0,3881.4,0
1762011648726,ETH-PERPETUAL,TICK,0,3884.65,0
1762011648731,ETH-PERPETUAL,TICK,0,3884.65,0
1762011648755,ETH-PERPETUAL,TICK,0,3881.5,0
1762011648758,ETH-PERPETUAL,TICK,0,3881.5,0
1762011648783,ETH-PERPETUAL,TICK,0,3884.6,0
1762011648789,ETH-PERPETUAL,TICK,0,3884.6,0
1762011648817,ETH-PERPETUAL,TICK,0,3881.6,0
1762011648821,ETH-PERPETUAL,TICK,0,3881.6,0
1762011648857,ETH-PERPETUAL,TICK,0,3884.45,0
1762011648863,ETH-PERPETUAL,TICK,0,3884.45,0
1762011648894,ETH-PERPETUAL,TICK,0,3881.75,0
1762011648900,ETH-PERPETUAL,TICK,0,3881.75,0
1762011648928,ETH-PERPETUAL,TICK,0,3884.4,0
1762011648933,ETH-PERPETUAL,TICK,0,3884.4,0
1762011648961,ETH-PERPETUAL,TICK,0,3881.8,0
1762011648965,ETH-PERPETUAL,TICK,0,3881.8,0
1762011648994,ETH-PERPETUAL,TICK,0,3884.35,0
1762011649000,ETH-PERPETUAL,TICK,0,3884.35,0
1762011649030,ETH-PERPETUAL,TICK,0,3881.9,0
1762011649035,ETH-PERPETUAL,TICK,0,3881.9,0
1762011649065,ETH-PERPETUAL,TICK,0,3884.3,0
1762011649067,ETH-PERPETUAL,TICK,0,3884.3,0
1762011649098,ETH-PERPETUAL,TICK,0,3882,0
1762011649101,ETH-PERPETUAL,TICK,0,3882,0
1762011649134,ETH-PERPETUAL,TICK,0,3884.25,0
1762011649139,ETH-PERPETUAL,TICK,0,3884.25,0
1762011649175,ETH-PERPETUAL,TICK,0,3882.05,0
1762011649178,ETH-PERPETUAL,TICK,0,3882.05,0
1762011649214,ETH-PERPETUAL,TICK,0,3882.1,0
1762011649218,ETH-PERPETUAL,TICK,0,3882.1,0
1762011649256,ETH-PERPETUAL,TICK,0,3884.15,0
1762011649263,ETH-PERPETUAL,TICK,0,3884.15,0
1762011649300,ETH-PERPETUAL,TICK,0,3882.15,0
1762011649306,ETH-PERPETUAL,TICK,0,3882.15,0
1762011649344,ETH-PERPETUAL,TICK,0,3884.1,0
1762011649351,ETH-PERPETUAL,TICK,0,3884.1,0
1762011649400,ETH-PERPETUAL,TICK,0,3882.3,0
1762011649406,ETH-PERPETUAL,TICK,0,3882.3,0
1762011649440,ETH-PERPETUAL,TICK,0,3884,0
1762011649445,ETH-PERPETUAL,TICK,0,3884,0
1762011649481,ETH-PERPETUAL,TICK,0,3882.35,0
1762011649488,ETH-PERPETUAL,TICK,0,3882.35,0
1762011649519,ETH-PERPETUAL,TICK,0,3883.95,0
1762011649523,ETH-PERPETUAL,TICK,0,3883.95,0
1762011649557,ETH-PERPETUAL,TICK,0,3882.4,0
1762011649563,ETH-PERPETUAL,TICK,0,3882.4,0
1762011649603,ETH-PERPETUAL,TICK,0,3883.9,0
1762011649608,ETH-PERPETUAL,TICK,0,3883.9,0
1762011649641,ETH-PERPETUAL,TICK,0,3882.5,0
1762011649647,ETH-PERPETUAL,TICK,0,3882.5,0
1762011649679,ETH-PERPETUAL,TICK,0,3883.85,0
1762011649686,ETH-PERPETUAL,TICK,0,3883.85,0
1762011649719,ETH-PERPETUAL,TICK,0,3882.55,0
1762011649722,ETH-PERPETUAL,TICK,0,3882.55,0
1762011649757,ETH-PERPETUAL,TICK,0,3883.8,0
1762011649762,ETH-PERPETUAL,TICK,0,3883.8,0
1762011649794,ETH-PERPETUAL,TICK,0,3882.6,0
1762011649799,ETH-PERPETUAL,TICK,0,3882.6,0
1762011649829,ETH-PERPETUAL,TICK,0,3883.65,0
1762011649835,ETH-PERPETUAL,TICK,0,3883.65,0
1762011649865,ETH-PERPETUAL,TICK,0,3882.65,0
1762011649872,ETH-PERPETUAL,TICK,0,3882.65,0
1762011649902,ETH-PERPETUAL,TICK,0,3883.6,0
1762011649905,ETH-PERPETUAL,TICK,0,3883.6,0
1762011649946,ETH-PERPETUAL,TICK,0,3882.75,0
1762011649953,ETH-PERPETUAL,TICK,0,3882.75,0
1762011649992,ETH-PERPETUAL,TICK,0,3883.25,0
1762011649998,ETH-PERPETUAL,TICK,0,3883.25,0
1762011650032,ETH-PERPETUAL,TICK,0,3882.85,0
1762011650038,ETH-PERPETUAL,TICK,0,3882.85,0
1762011650073,ETH-PERPETUAL,TICK,0,3883.15,0
1762011650081,ETH-PERPETUAL,TICK,0,3883.15,0
1762011650120,ETH-PERPETUAL,TICK,0,3883.1,0
1762011650124,ETH-PERPETUAL,TICK,0,3883.1,0
1762011650226,BTC-PERPETUAL,TICK,0,110000,0
1762011650229,BTC-PERPETUAL,TICK,0,110000,0
1762011650253,BTC-PERPETUAL,TICK,0,110000,0
1762011650257,BTC-PERPETUAL,TICK,0,110000,0
1762011650285,BTC-PERPETUAL,TICK,0,110022,0
1762011650289,BTC-PERPETUAL,TICK,0,110022,0
1762011650313,BTC-PERPETUAL,TICK,0,109984,0
1762011650316,BTC-PERPETUAL,TICK,0,109984,0
1762011650341,BTC-PERPETUAL,TICK,0,110020,0
1762011650344,BTC-PERPETUAL,TICK,0,110020,0
1762011650374,BTC-PERPETUAL,TICK,0,109986,0
1762011650377,BTC-PERPETUAL,TICK,0,109986,0
1762011650408,BTC-PERPETUAL,TICK,0,110017,0
1762011650411,BTC-PERPETUAL,TICK,0,110017,0
1762011650443,BTC-PERPETUAL,TICK,0,109986,0
1762011650447,BTC-PERPETUAL,TICK,0,109986,0
1762011650477,BTC-PERPETUAL,TICK,0,110016,0
1762011650484,BTC-PERPETUAL,TICK,0,110016,0
1762011650517,BTC-PERPETUAL,TICK,0,109988,0
1762011650524,BTC-PERPETUAL,TICK,0,109988,0
1762011650552,BTC-PERPETUAL,TICK,0,110012,0
1762011650564,BTC-PERPETUAL,TICK,0,110012,0
1762011650601,BTC-PERPETUAL,TICK,0,109988,0
1762011650607,BTC-PERPETUAL,TICK,0,109988,0
1762011650640,BTC-PERPETUAL,TICK,0,110011,0
1762011650645,BTC-PERPETUAL,TICK,0,110011,0
1762011650677,BTC-PERPETUAL,TICK,0,109989,0
1762011650684,BTC-PERPETUAL,TICK,0,109989,0
1762011650716,BTC-PERPETUAL,TICK,0,110010,0
1762011650720,BTC-PERPETUAL,TICK,0,110010,0
1762011650748,BTC-PERPETUAL,TICK,0,109990,0
1762011650756,BTC-PERPETUAL,TICK,0,109990,0
1762011650784,BTC-PERPETUAL,TICK,0,110010,0
1762011650790,BTC-PERPETUAL,TICK,0,110010,0
1762011650823,BTC-PERPETUAL,TICK,0,109990,0
1762011650827,BTC-PERPETUAL,TICK,0,109990,0
1762011650862,BTC-PERPETUAL,TICK,0,110010,0
1762011650866,BTC-PERPETUAL,TICK,0,110010,0
1762011650903,BTC-PERPETUAL,TICK,0,109992,0
1762011650909,BTC-PERPETUAL,TICK,0,109992,0
1762011650943,BTC-PERPETUAL,TICK,0,110009,0
1762011650948,BTC-PERPETUAL,TICK,0,110009,0
1762011650988,BTC-PERPETUAL,TICK,0,109993,0
1762011650993,BTC-PERPETUAL,TICK,0,109993,0
1762011651027,BTC-PERPETUAL,TICK,0,110006,0
1762011651035,BTC-PERPETUAL,TICK,0,110006,0
1762011651073,BTC-PERPETUAL,TICK,0,109994,0
1762011651078,BTC-PERPETUAL,TICK,0,109994,0
1762011651110,BTC-PERPETUAL,TICK,0,110005,0
1762011651115,BTC-PERPETUAL,TICK,0,110005,0
1762011651143,BTC-PERPETUAL,TICK,0,109994,0
1762011651148,BTC-PERPETUAL,TICK,0,109994,0
1762011651177,BTC-PERPETUAL,TICK,0,110004,0
1762011651181,BTC-PERPETUAL,TICK,0,110004,0
1762011651209,BTC-PERPETUAL,TICK,0,109995,0
1762011651212,BTC-PERPETUAL,TICK,0,109995,0
1762011651241,BTC-PERPETUAL,TICK,0,110004,0
1762011651244,BTC-PERPETUAL,TICK,0,110004,0
1762011651274,BTC-PERPETUAL,TICK,0,109996,0
1762011651278,BTC-PERPETUAL,TICK,0,109996,0
1762011651307,BTC-PERPETUAL,TICK,0,110004,0
1762011651312,BTC-PERPETUAL,TICK,0,110004,0
1762011651342,BTC-PERPETUAL,TICK,0,109996,0
1762011651346,BTC-PERPETUAL,TICK,0,109996,0
1762011651372,BTC-PERPETUAL,TICK,0,110003,0
1762011651377,BTC-PERPETUAL,TICK,0,110003,0
1762011651409,BTC-PERPETUAL,TICK,0,109996,0
1762011651413,BTC-PERPETUAL,TICK,0,109996,0
1762011651443,BTC-PERPETUAL,TICK,0,110001,0
1762011651448,BTC-PERPETUAL,TICK,0,110001,0
1762011651476,BTC-PERPETUAL,TICK,0,109997,0
1762011651480,BTC-PERPETUAL,TICK,0,109997,0
1762011651505,BTC-PERPETUAL,TICK,0,110000,0
1762011651510,BTC-PERPETUAL,TICK,0,110000,0
1762011651537,BTC-PERPETUAL,TICK,0,109998,0
1762011651543,BTC-PERPETUAL,TICK,0,109998,0
1762011651572,BTC-PERPETUAL,TICK,0,110000,0
1762011651576,BTC-PERPETUAL,TICK,0,110000,0
1762011651607,BTC-PERPETUAL,TICK,0,110000,0
1762011651612,BTC-PERPETUAL,TICK,0,110000,0
1762011653946,ETH-PERPETUAL,TICK,0,3883.95,0
1762011653950,ETH-PERPETUAL,TICK,0,3883.95,0
1762011653979,ETH-PERPETUAL,TICK,0,3880.4,0
1762011653983,ETH-PERPETUAL,TICK,0,3880.4,0
1762011654016,ETH-PERPETUAL,TICK,0,3883.9,0
1762011654021,ETH-PERPETUAL,TICK,0,3883.9,0
1762011654053,ETH-PERPETUAL,TICK,0,3880.5,0
1762011654057,ETH-PERPETUAL,TICK,0,3880.5,0
1762011654099,ETH-PERPETUAL,TICK,0,3883.8,0
1762011654103,ETH-PERPETUAL,TICK,0,3883.8,0
1762011654136,ETH-PERPETUAL,TICK,0,3880.6,0
1762011654140,ETH-PERPETUAL,TICK,0,3880.6,0
1762011654176,ETH-PERPETUAL,TICK,0,3883.75,0
1762011654179,ETH-PERPETUAL,TICK,0,3883.75,0
1762011654210,ETH-PERPETUAL,TICK,0,3880.75,0
1762011654214,ETH-PERPETUAL,TICK,0,3880.75,0
1762011654249,ETH-PERPETUAL,TICK,0,3883.65,0
1762011654254,ETH-PERPETUAL,TICK,0,3883.65,0
1762011654293,ETH-PERPETUAL,TICK,0,3880.8,0
1762011654298,ETH-PERPETUAL,TICK,0,3880.8,0
1762011654339,ETH-PERPETUAL,TICK,0,3883.6,0
1762011654347,ETH-PERPETUAL,TICK,0,3883.6,0
1762011654383,ETH-PERPETUAL,TICK,0,3880.9,0
1762011654389,ETH-PERPETUAL,TICK,0,3880.9,0
1762011654429,ETH-PERPETUAL,TICK,0,3883.55,0
1762011654434,ETH-PERPETUAL,TICK,0,3883.55,0
1762011654471,ETH-PERPETUAL,TICK,0,3881,0
1762011654477,ETH-PERPETUAL,TICK,0,3881,0
1762011654509,ETH-PERPETUAL,TICK,0,3883.5,0
1762011654513,ETH-PERPETUAL,TICK,0,3883.5,0
1762011654551,ETH-PERPETUAL,TICK,0,3881.1,0
1762011654557,ETH-PERPETUAL,TICK,0,3881.1,0
1762011654597,ETH-PERPETUAL,TICK,0,3883.4,0
1762011654601,ETH-PERPETUAL,TICK,0,3883.4,0
1762011654638,ETH-PERPETUAL,TICK,0,3881.15,0
1762011654645,ETH-PERPETUAL,TICK,0,3881.15,0
1762011654682,ETH-PERPETUAL,TICK,0,3883.25,0
1762011654688,ETH-PERPETUAL,TICK,0,3883.25,0
1762011654722,ETH-PERPETUAL,TICK,0,3881.25,0
1762011654729,ETH-PERPETUAL,TICK,0,3881.25,0
1762011654762,ETH-PERPETUAL,TICK,0,3883.2,0
1762011654770,ETH-PERPETUAL,TICK,0,3883.2,0
1762011654814,ETH-PERPETUAL,TICK,0,3881.5,0
1762011654824,ETH-PERPETUAL,TICK,0,3881.5,0
1762011654866,ETH-PERPETUAL,TICK,0,3883.15,0
1762011654875,ETH-PERPETUAL,TICK,0,3883.15,0
1762011654914,ETH-PERPETUAL,TICK,0,3881.55,0
1762011654919,ETH-PERPETUAL,TICK,0,3881.55,0
1762011654954,ETH-PERPETUAL,TICK,0,3883.1,0
1762011654959,ETH-PERPETUAL,TICK,0,3883.1,0
1762011654991,ETH-PERPETUAL,TICK,0,3881.6,0
1762011654998,ETH-PERPETUAL,TICK,0,3881.6,0
1762011655034,ETH-PERPETUAL,TICK,0,3883.05,0
1762011655038,ETH-PERPETUAL,TICK,0,3883.05,0
1762011655082,ETH-PERPETUAL,TICK,0,3881.65,0
1762011655086,ETH-PERPETUAL,TICK,0,3881.65,0
1762011655124,ETH-PERPETUAL,TICK,0,3883,0
1762011655136,ETH-PERPETUAL,TICK,0,3883,0
1762011655195,ETH-PERPETUAL,TICK,0,3881.75,0
1762011655200,ETH-PERPETUAL,TICK,0,3881.75,0
1762011655255,ETH-PERPETUAL,TICK,0,3882.95,0
1762011655263,ETH-PERPETUAL,TICK,0,3882.95,0
1762011655318,ETH-PERPETUAL,TICK,0,3881.8,0
1762011655328,ETH-PERPETUAL,TICK,0,3881.8,0
1762011655371,ETH-PERPETUAL,TICK,0,3882.8,0
1762011655382,ETH-PERPETUAL,TICK,0,3882.8,0
1762011655430,ETH-PERPETUAL,TICK,0,3881.9,0
1762011655439,ETH-PERPETUAL,TICK,0,3881.9,0
1762011655498,ETH-PERPETUAL,TICK,0,3882.7,0
1762011655509,ETH-PERPETUAL,TICK,0,3882.7,0
1762011655559,ETH-PERPETUAL,TICK,0,3882,0
1762011655568,ETH-PERPETUAL,TICK,0,3882,0
1762011655620,ETH-PERPETUAL,TICK,0,3882.65,0
1762011655627,ETH-PERPETUAL,TICK,0,3882.65,0
1762011655673,ETH-PERPETUAL,TICK,0,3882.1,0
1762011655683,ETH-PERPETUAL,TICK,0,3882.1,0
1762011655727,ETH-PERPETUAL,TICK,0,3882.25,0
1762011655733,ETH-PERPETUAL,TICK,0,3882.25,0
1762011655784,ETH-PERPETUAL,TICK,0,3882.15,0
1762011655791,ETH-PERPETUAL,TICK,0,3882.15,0
1762011655834,BTC-PERPETUAL,TICK,0,110000,0
1762011655840,BTC-PERPETUAL,TICK,0,110000,0
1762011655882,BTC-PERPETUAL,TICK,0,110000,0
1762011655900,BTC-PERPETUAL,TICK,0,110000,0
1762011655948,BTC-PERPETUAL,TICK,0,110022,0
1762011655955,BTC-PERPETUAL,TICK,0,110022,0
1762011656007,BTC-PERPETUAL,TICK,0,109978,0
1762011656014,BTC-PERPETUAL,TICK,0,109978,0
1762011656075,BTC-PERPETUAL,TICK,0,110020,0
1762011656082,BTC-PERPETUAL,TICK,0,110020,0
1762011656135,BTC-PERPETUAL,TICK,0,109981,0
1762011656141,BTC-PERPETUAL,TICK,0,109981,0
1762011656196,BTC-PERPETUAL,TICK,0,110017,0
1762011656206,BTC-PERPETUAL,TICK,0,110017,0
1762011656259,BTC-PERPETUAL,TICK,0,109982,0
1762011656265,BTC-PERPETUAL,TICK,0,109982,0
1762011656309,BTC-PERPETUAL,TICK,0,110016,0
1762011656315,BTC-PERPETUAL,TICK,0,110016,0
1762011656362,BTC-PERPETUAL,TICK,0,109984,0
1762011656369,BTC-PERPETUAL,TICK,0,109984,0
1762011656428,BTC-PERPETUAL,TICK,0,110013,0
1762011656435,BTC-PERPETUAL,TICK,0,110013,0
1762011656491,BTC-PERPETUAL,TICK,0,109986,0
1762011656499,BTC-PERPETUAL,TICK,0,109986,0
1762011656551,BTC-PERPETUAL,TICK,0,110012,0
1762011656557,BTC-PERPETUAL,TICK,0,110012,0
1762011656612,BTC-PERPETUAL,TICK,0,109986,0
1762011656628,BTC-PERPETUAL,TICK,0,109986,0
1762011656678,BTC-PERPETUAL,TICK,0,110011,0
1762011656686,BTC-PERPETUAL,TICK,0,110011,0
1762011656737,BTC-PERPETUAL,TICK,0,109986,0
1762011656743,BTC-PERPETUAL,TICK,0,109986,0
1762011656793,BTC-PERPETUAL,TICK,0,110010,0
1762011656801,BTC-PERPETUAL,TICK,0,110010,0
1762011656847,BTC-PERPETUAL,TICK,0,109988,0
1762011656854,BTC-PERPETUAL,TICK,0,109988,0
1762011656908,BTC-PERPETUAL,TICK,0,110010,0
1762011656916,BTC-PERPETUAL,TICK,0,110010,0
1762011656974,BTC-PERPETUAL,TICK,0,109988,0
1762011656986,BTC-PERPETUAL,TICK,0,109988,0
1762011657037,BTC-PERPETUAL,TICK,0,110008,0
1762011657045,BTC-PERPETUAL,TICK,0,110008,0
1762011657089,BTC-PERPETUAL,TICK,0,109988,0
1762011657099,BTC-PERPETUAL,TICK,0,109988,0
1762011657154,BTC-PERPETUAL,TICK,0,110008,0
1762011657161,BTC-PERPETUAL,TICK,0,110008,0
1762011657206,BTC-PERPETUAL,TICK,0,109989,0
1762011657213,BTC-PERPETUAL,TICK,0,109989,0
1762011657263,BTC-PERPETUAL,TICK,0,110006,0
1762011657273,BTC-PERPETUAL,TICK,0,110006,0
1762011657321,BTC-PERPETUAL,TICK,0,109990,0
1762011657329,BTC-PERPETUAL,TICK,0,109990,0
1762011657376,BTC-PERPETUAL,TICK,0,110005,0
1762011657388,BTC-PERPETUAL,TICK,0,110005,0
1762011657439,BTC-PERPETUAL,TICK,0,109990,0
1762011657448,BTC-PERPETUAL,TICK,0,109990,0
1762011657495,BTC-PERPETUAL,TICK,0,110004,0
1762011657505,BTC-PERPETUAL,TICK,0,110004,0
1762011657556,BTC-PERPETUAL,TICK,0,109990,0
1762011657564,BTC-PERPETUAL,TICK,0,109990,0
1762011657613,BTC-PERPETUAL,TICK,0,110004,0
1762011657621,BTC-PERPETUAL,TICK,0,110004,0
1762011657677,BTC-PERPETUAL,TICK,0,109991,0
1762011657684,BTC-PERPETUAL,TICK,0,109991,0
1762011657730,BTC-PERPETUAL,TICK,0,110004,0
1762011657739,BTC-PERPETUAL,TICK,0,110004,0
1762011657815,BTC-PERPETUAL,TICK,0,109992,0
1762011657823,BTC-PERPETUAL,TICK,0,109992,0
1762011657875,BTC-PERPETUAL,TICK,0,110001,0
1762011657881,BTC-PERPETUAL,TICK,0,110001,0
1762011657936,BTC-PERPETUAL,TICK,0,109992,0
1762011657945,BTC-PERPETUAL,TICK,0,109992,0
1762011657998,BTC-PERPETUAL,TICK,0,110000,0
1762011658004,BTC-PERPETUAL,TICK,0,110000,0
1762011658048,BTC-PERPETUAL,TICK,0,109993,0
1762011658055,BTC-PERPETUAL,TICK,0,109993,0
1762011658102,BTC-PERPETUAL,TICK,0,110000,0
1762011658111,BTC-PERPETUAL,TICK,0,110000,0
1762011658160,BTC-PERPETUAL,TICK,0,110000,0
1762011658169,BTC-PERPETUAL,TICK,0,110000,0
1762011657504,ETH-PERPETUAL,TICK,0,3883.7,0
1762011657509,ETH-PERPETUAL,TICK,0,3883.7,0
1762011657561,ETH-PERPETUAL,TICK,0,3880.25,0
1762011657566,ETH-PERPETUAL,TICK,0,3880.25,0
1762011657606,ETH-PERPETUAL,TICK,0,3883.6,0
1762011657612,ETH-PERPETUAL,TICK,0,3883.6,0
1762011657653,ETH-PERPETUAL,TICK,0,3880.35,0
1762011657661,ETH-PERPETUAL,TICK,0,3880.35,0
1762011657705,ETH-PERPETUAL,TICK,0,3883.55,0
1762011657712,ETH-PERPETUAL,TICK,0,3883.55,0
1762011657765,ETH-PERPETUAL,TICK,0,3880.4,0
1762011657770,ETH-PERPETUAL,TICK,0,3880.4,0
1762011657820,ETH-PERPETUAL,TICK,0,3883.45,0
1762011657828,ETH-PERPETUAL,TICK,0,3883.45,0
1762011657867,ETH-PERPETUAL,TICK,0,3880.65,0
1762011657871,ETH-PERPETUAL,TICK,0,3880.65,0
1762011657914,ETH-PERPETUAL,TICK,0,3883.4,0
1762011657921,ETH-PERPETUAL,TICK,0,3883.4,0
1762011657960,ETH-PERPETUAL,TICK,0,3880.75,0
1762011657966,ETH-PERPETUAL,TICK,0,3880.75,0
1762011658008,ETH-PERPETUAL,TICK,0,3883.25,0
1762011658014,ETH-PERPETUAL,TICK,0,3883.25,0
1762011658053,ETH-PERPETUAL,TICK,0,3880.8,0
1762011658057,ETH-PERPETUAL,TICK,0,3880.8,0
1762011658092,ETH-PERPETUAL,TICK,0,3883.2,0
1762011658097,ETH-PERPETUAL,TICK,0,3883.2,0
1762011658137,ETH-PERPETUAL,TICK,0,3880.9,0
1762011658143,ETH-PERPETUAL,TICK,0,3880.9,0
1762011658182,ETH-PERPETUAL,TICK,0,3883.15,0
1762011658188,ETH-PERPETUAL,TICK,0,3883.15,0
1762011658232,ETH-PERPETUAL,TICK,0,3881,0
1762011658238,ETH-PERPETUAL,TICK,0,3881,0
1762011658278,ETH-PERPETUAL,TICK,0,3883.1,0
1762011658285,ETH-PERPETUAL,TICK,0,3883.1,0
1762011658319,ETH-PERPETUAL,TICK,0,3881.05,0
1762011658324,ETH-PERPETUAL,TICK,0,3881.05,0
1762011658361,ETH-PERPETUAL,TICK,0,3883.05,0
1762011658367,ETH-PERPETUAL,TICK,0,3883.05,0
1762011658405,ETH-PERPETUAL,TICK,0,3881.1,0
1762011658431,ETH-PERPETUAL,TICK,0,3881.1,0
1762011658451,ETH-PERPETUAL,TICK,0,3883,0
1762011658458,ETH-PERPETUAL,TICK,0,3883,0
1762011658494,ETH-PERPETUAL,TICK,0,3881.15,0
1762011658499,ETH-PERPETUAL,TICK,0,3881.15,0
1762011658536,ETH-PERPETUAL,TICK,0,3882.9,0
1762011658541,ETH-PERPETUAL,TICK,0,3882.9,0
1762011658576,ETH-PERPETUAL,TICK,0,3881.25,0
1762011658581,ETH-PERPETUAL,TICK,0,3881.25,0
1762011658614,ETH-PERPETUAL,TICK,0,3882.85,0
1762011658619,ETH-PERPETUAL,TICK,0,3882.85,0
1762011658653,ETH-PERPETUAL,TICK,0,3881.3,0
1762011658660,ETH-PERPETUAL,TICK,0,3881.3,0
1762011658695,ETH-PERPETUAL,TICK,0,3882.8,0
1762011658701,ETH-PERPETUAL,TICK,0,3882.8,0
1762011658738,ETH-PERPETUAL,TICK,0,3881.4,0
1762011658745,ETH-PERPETUAL,TICK,0,3881.4,0
1762011658780,ETH-PERPETUAL,TICK,0,3882.75,0
1762011658785,ETH-PERPETUAL,TICK,0,3882.75,0
1762011658816,ETH-PERPETUAL,TICK,0,3881.6,0
1762011658822,ETH-PERPETUAL,TICK,0,3881.6,0
1762011658857,ETH-PERPETUAL,TICK,0,3882.7,0
1762011658863,ETH-PERPETUAL,TICK,0,3882.7,0
1762011658904,ETH-PERPETUAL,TICK,0,3881.65,0
1762011658910,ETH-PERPETUAL,TICK,0,3881.65,0
1762011658947,ETH-PERPETUAL,TICK,0,3882.6,0
1762011658954,ETH-PERPETUAL,TICK,0,3882.6,0
1762011658994,ETH-PERPETUAL,TICK,0,3881.75,0
1762011659000,ETH-PERPETUAL,TICK,0,3881.75,0
1762011659043,ETH-PERPETUAL,TICK,0,3882.5,0
1762011659050,ETH-PERPETUAL,TICK,0,3882.5,0
1762011659094,ETH-PERPETUAL,TICK,0,3881.85,0
1762011659101,ETH-PERPETUAL,TICK,0,3881.85,0
1762011659146,ETH-PERPETUAL,TICK,0,3882.1,0
1762011659153,ETH-PERPETUAL,TICK,0,3882.1,0
1762011659198,ETH-PERPETUAL,TICK,0,3881.9,0
1762011659204,ETH-PERPETUAL,TICK,0,3881.9,0
1762011659251,ETH-PERPETUAL,TICK,0,3882.05,0
1762011659257,ETH-PERPETUAL,TICK,0,3882.05,0
1762011659300,ETH-PERPETUAL,TICK,0,3882,0
1762011659305,ETH-PERPETUAL,TICK,0,3882,0
1762011659355,BTC-PERPETUAL,TICK,0,110000,0
1762011659365,BTC-PERPETUAL,TICK,0,110000,0
1762011659431,BTC-PERPETUAL,TICK,0,110000,0
1762011659446,BTC-PERPETUAL,TICK,0,110000,0
1762011659506,BTC-PERPETUAL,TICK,0,110022,0
1762011659515,BTC-PERPETUAL,TICK,0,110022,0
1762011659565,BTC-PERPETUAL,TICK,0,109980,0
1762011659576,BTC-PERPETUAL,TICK,0,109980,0
1762011659630,BTC-PERPETUAL,TICK,0,110020,0
1762011659649,BTC-PERPETUAL,TICK,0,110020,0
1762011659710,BTC-PERPETUAL,TICK,0,109982,0
1762011659721,BTC-PERPETUAL,TICK,0,109982,0
1762011659777,BTC-PERPETUAL,TICK,0,110016,0
1762011659787,BTC-PERPETUAL,TICK,0,110016,0
1762011659844,BTC-PERPETUAL,TICK,0,109986,0
1762011659849,BTC-PERPETUAL,TICK,0,109986,0
1762011659910,BTC-PERPETUAL,TICK,0,110015,0
1762011659915,BTC-PERPETUAL,TICK,0,110015,0
1762011659967,BTC-PERPETUAL,TICK,0,109986,0
1762011659975,BTC-PERPETUAL,TICK,0,109986,0
1762011660020,BTC-PERPETUAL,TICK,0,110014,0
1762011660028,BTC-PERPETUAL,TICK,0,110014,0
1762011660079,BTC-PERPETUAL,TICK,0,109986,0
1762011660094,BTC-PERPETUAL,TICK,0,109986,0
1762011660148,BTC-PERPETUAL,TICK,0,110013,0
1762011660154,BTC-PERPETUAL,TICK,0,110013,0
1762011660219,BTC-PERPETUAL,TICK,0,109987,0
1762011660225,BTC-PERPETUAL,TICK,0,109987,0
1762011660268,BTC-PERPETUAL,TICK,0,110012,0
1762011660275,BTC-PERPETUAL,TICK,0,110012,0
1762011660312,BTC-PERPETUAL,TICK,0,109988,0
1762011660318,BTC-PERPETUAL,TICK,0,109988,0
1762011660361,BTC-PERPETUAL,TICK,0,110012,0
1762011660366,BTC-PERPETUAL,TICK,0,110012,0
1762011660413,BTC-PERPETUAL,TICK,0,109988,0
1762011660420,BTC-PERPETUAL,TICK,0,109988,0
1762011660459,BTC-PERPETUAL,TICK,0,110011,0
1762011660464,BTC-PERPETUAL,TICK,0,110011,0
1762011660504,BTC-PERPETUAL,TICK,0,109990,0
1762011660511,BTC-PERPETUAL,TICK,0,109990,0
1762011660552,BTC-PERPETUAL,TICK,0,110010,0
1762011660558,BTC-PERPETUAL,TICK,0,110010,0
1762011660597,BTC-PERPETUAL,TICK,0,109990,0
1762011660602,BTC-PERPETUAL,TICK,0,109990,0
1762011660644,BTC-PERPETUAL,TICK,0,110010,0
1762011660653,BTC-PERPETUAL,TICK,0,110010,0
1762011660689,BTC-PERPETUAL,TICK,0,109992,0
1762011660695,BTC-PERPETUAL,TICK,0,109992,0
1762011660734,BTC-PERPETUAL,TICK,0,110010,0
1762011660740,BTC-PERPETUAL,TICK,0,110010,0
1762011660775,BTC-PERPETUAL,TICK,0,109994,0
1762011660781,BTC-PERPETUAL,TICK,0,109994,0
1762011660829,BTC-PERPETUAL,TICK,0,110009,0
1762011660833,BTC-PERPETUAL,TICK,0,110009,0
1762011660873,BTC-PERPETUAL,TICK,0,109994,0
1762011660885,BTC-PERPETUAL,TICK,0,109994,0
1762011660927,BTC-PERPETUAL,TICK,0,110006,0
1762011660932,BTC-PERPETUAL,TICK,0,110006,0
1762011660973,BTC-PERPETUAL,TICK,0,109995,0
1762011660977,BTC-PERPETUAL,TICK,0,109995,0
1762011661015,BTC-PERPETUAL,TICK,0,110005,0
1762011661021,BTC-PERPETUAL,TICK,0,110005,0
1762011661058,BTC-PERPETUAL,TICK,0,109996,0
1762011661065,BTC-PERPETUAL,TICK,0,109996,0
1762011661101,BTC-PERPETUAL,TICK,0,110004,0
1762011661107,BTC-PERPETUAL,TICK,0,110004,0
1762011661150,BTC-PERPETUAL,TICK,0,109996,0
1762011661157,BTC-PERPETUAL,TICK,0,109996,0
1762011661194,BTC-PERPETUAL,TICK,0,110001,0
1762011661200,BTC-PERPETUAL,TICK,0,110001,0
1762011661236,BTC-PERPETUAL,TICK,0,109996,0
1762011661243,BTC-PERPETUAL,TICK,0,109996,0
1762011661285,BTC-PERPETUAL,TICK,0,110000,0
1762011661289,BTC-PERPETUAL,TICK,0,110000,0
1762011661325,BTC-PERPETUAL,TICK,0,109997,0
1762011661331,BTC-PERPETUAL,TICK,0,109997,0
1762011661368,BTC-PERPETUAL,TICK,0,110000,0
1762011661375,BTC-PERPETUAL,TICK,0,110000,0
1762011661410,BTC-PERPETUAL,TICK,0,110000,0
1762011661416,BTC-PERPETUAL,TICK,0,110000,0
1762011662770,ETH-PERPETUAL,TICK,0,3883.75,0
1762011662778,ETH-PERPETUAL,TICK,0,3883.75,0
1762011662831,ETH-PERPETUAL,TICK,0,3880.9,0
1762011662836,ETH-PERPETUAL,TICK,0,3880.9,0
1762011662889,ETH-PERPETUAL,TICK,0,3883.65,0
1762011662897,ETH-PERPETUAL,TICK,0,3883.65,0
1762011662936,ETH-PERPETUAL,TICK,0,3881,0
1762011662943,ETH-PERPETUAL,TICK,0,3881,0
1762011662986,ETH-PERPETUAL,TICK,0,3883.6,0
1762011662993,ETH-PERPETUAL,TICK,0,3883.6,0
1762011663039,ETH-PERPETUAL,TICK,0,3881.05,0
1762011663045,ETH-PERPETUAL,TICK,0,3881.05,0
1762011663088,ETH-PERPETUAL,TICK,0,3883.55,0
1762011663094,ETH-PERPETUAL,TICK,0,3883.55,0
1762011663134,ETH-PERPETUAL,TICK,0,3881.1,0
1762011663138,ETH-PERPETUAL,TICK,0,3881.1,0
1762011663184,ETH-PERPETUAL,TICK,0,3883.5,0
1762011663191,ETH-PERPETUAL,TICK,0,3883.5,0
1762011663236,ETH-PERPETUAL,TICK,0,3881.15,0
1762011663243,ETH-PERPETUAL,TICK,0,3881.15,0
1762011663286,ETH-PERPETUAL,TICK,0,3883.45,0
1762011663291,ETH-PERPETUAL,TICK,0,3883.45,0
1762011663328,ETH-PERPETUAL,TICK,0,3881.25,0
1762011663334,ETH-PERPETUAL,TICK,0,3881.25,0
1762011663372,ETH-PERPETUAL,TICK,0,3883.4,0
1762011663377,ETH-PERPETUAL,TICK,0,3883.4,0
1762011663417,ETH-PERPETUAL,TICK,0,3881.3,0
1762011663423,ETH-PERPETUAL,TICK,0,3881.3,0
1762011663464,ETH-PERPETUAL,TICK,0,3883.3,0
1762011663471,ETH-PERPETUAL,TICK,0,3883.3,0
1762011663505,ETH-PERPETUAL,TICK,0,3881.35,0
1762011663510,ETH-PERPETUAL,TICK,0,3881.35,0
1762011663546,ETH-PERPETUAL,TICK,0,3883.25,0
1762011663552,ETH-PERPETUAL,TICK,0,3883.25,0
1762011663588,ETH-PERPETUAL,TICK,0,3881.4,0
1762011663595,ETH-PERPETUAL,TICK,0,3881.4,0
1762011663640,ETH-PERPETUAL,TICK,0,3883.2,0
1762011663645,ETH-PERPETUAL,TICK,0,3883.2,0
1762011663694,ETH-PERPETUAL,TICK,0,3881.5,0
1762011663701,ETH-PERPETUAL,TICK,0,3881.5,0
1762011663744,ETH-PERPETUAL,TICK,0,3883.15,0
1762011663751,ETH-PERPETUAL,TICK,0,3883.15,0
1762011663795,ETH-PERPETUAL,TICK,0,3881.55,0
1762011663802,ETH-PERPETUAL,TICK,0,3881.55,0
1762011663850,ETH-PERPETUAL,TICK,0,3881.6,0
1762011663855,ETH-PERPETUAL,TICK,0,3881.6,0
1762011663906,ETH-PERPETUAL,TICK,0,3883.05,0
1762011663917,ETH-PERPETUAL,TICK,0,3883.05,0
1762011663968,ETH-PERPETUAL,TICK,0,3881.65,0
1762011663974,ETH-PERPETUAL,TICK,0,3881.65,0
1762011664024,ETH-PERPETUAL,TICK,0,3883,0
1762011664031,ETH-PERPETUAL,TICK,0,3883,0
1762011664090,ETH-PERPETUAL,TICK,0,3881.75,0
1762011664097,ETH-PERPETUAL,TICK,0,3881.75,0
1762011664150,ETH-PERPETUAL,TICK,0,3882.9,0
1762011664159,ETH-PERPETUAL,TICK,0,3882.9,0
1762011664215,ETH-PERPETUAL,TICK,0,3881.8,0
1762011664221,ETH-PERPETUAL,TICK,0,3881.8,0
1762011664267,ETH-PERPETUAL,TICK,0,3882.85,0
1762011664272,ETH-PERPETUAL,TICK,0,3882.85,0
1762011664307,ETH-PERPETUAL,TICK,0,3881.85,0
1762011664312,ETH-PERPETUAL,TICK,0,3881.85,0
1762011664345,ETH-PERPETUAL,TICK,0,3882.8,0
1762011664350,ETH-PERPETUAL,TICK,0,3882.8,0
1762011664384,ETH-PERPETUAL,TICK,0,3881.9,0
1762011664393,ETH-PERPETUAL,TICK,0,3881.9,0
1762011664431,ETH-PERPETUAL,TICK,0,3882.5,0
1762011664439,ETH-PERPETUAL,TICK,0,3882.5,0
1762011664475,ETH-PERPETUAL,TICK,0,3882,0
1762011664481,ETH-PERPETUAL,TICK,0,3882,0
1762011664516,ETH-PERPETUAL,TICK,0,3882.45,0
1762011664521,ETH-PERPETUAL,TICK,0,3882.45,0
1762011664554,ETH-PERPETUAL,TICK,0,3882.05,0
1762011664560,ETH-PERPETUAL,TICK,0,3882.05,0
1762011664596,ETH-PERPETUAL,TICK,0,3882.15,0
1762011664603,ETH-PERPETUAL,TICK,0,3882.15,0
1762011664645,ETH-PERPETUAL,TICK,0,3882.1,0
1762011664651,ETH-PERPETUAL,TICK,0,3882.1,0
1762011664693,BTC-PERPETUAL,TICK,0,110000,0
1762011664700,BTC-PERPETUAL,TICK,0,110000,0
1762011664746,BTC-PERPETUAL,TICK,0,110000,0
1762011664754,BTC-PERPETUAL,TICK,0,110000,0
1762011664796,BTC-PERPETUAL,TICK,0,110017,0
1762011664804,BTC-PERPETUAL,TICK,0,110017,0
1762011664849,BTC-PERPETUAL,TICK,0,109982,0
1762011664853,BTC-PERPETUAL,TICK,0,109982,0
1762011664898,BTC-PERPETUAL,TICK,0,110016,0
1762011664903,BTC-PERPETUAL,TICK,0,110016,0
1762011664943,BTC-PERPETUAL,TICK,0,109985,0
1762011664949,BTC-PERPETUAL,TICK,0,109985,0
1762011664989,BTC-PERPETUAL,TICK,0,110016,0
1762011664996,BTC-PERPETUAL,TICK,0,110016,0
1762011665029,BTC-PERPETUAL,TICK,0,109986,0
1762011665034,BTC-PERPETUAL,TICK,0,109986,0
1762011665074,BTC-PERPETUAL,TICK,0,110015,0
1762011665080,BTC-PERPETUAL,TICK,0,110015,0
1762011665126,BTC-PERPETUAL,TICK,0,109986,0
1762011665133,BTC-PERPETUAL,TICK,0,109986,0
1762011665175,BTC-PERPETUAL,TICK,0,110014,0
1762011665181,BTC-PERPETUAL,TICK,0,110014,0
1762011665217,BTC-PERPETUAL,TICK,0,109987,0
1762011665223,BTC-PERPETUAL,TICK,0,109987,0
1762011665259,BTC-PERPETUAL,TICK,0,110014,0
1762011665265,BTC-PERPETUAL,TICK,0,110014,0
1762011665300,BTC-PERPETUAL,TICK,0,109988,0
1762011665306,BTC-PERPETUAL,TICK,0,109988,0
1762011665346,BTC-PERPETUAL,TICK,0,110012,0
1762011665352,BTC-PERPETUAL,TICK,0,110012,0
1762011665392,BTC-PERPETUAL,TICK,0,109988,0
1762011665399,BTC-PERPETUAL,TICK,0,109988,0
1762011665437,BTC-PERPETUAL,TICK,0,110012,0
1762011665441,BTC-PERPETUAL,TICK,0,110012,0
1762011665487,BTC-PERPETUAL,TICK,0,109990,0
1762011665492,BTC-PERPETUAL,TICK,0,109990,0
1762011665528,BTC-PERPETUAL,TICK,0,110011,0
1762011665533,BTC-PERPETUAL,TICK,0,110011,0
1762011665566,BTC-PERPETUAL,TICK,0,109990,0
1762011665571,BTC-PERPETUAL,TICK,0,109990,0
1762011665611,BTC-PERPETUAL,TICK,0,110010,0
1762011665621,BTC-PERPETUAL,TICK,0,110010,0
1762011665657,BTC-PERPETUAL,TICK,0,109992,0
1762011665662,BTC-PERPETUAL,TICK,0,109992,0
1762011665699,BTC-PERPETUAL,TICK,0,110009,0
1762011665705,BTC-PERPETUAL,TICK,0,110009,0
1762011665739,BTC-PERPETUAL,TICK,0,109994,0
1762011665743,BTC-PERPETUAL,TICK,0,109994,0
1762011665784,BTC-PERPETUAL,TICK,0,110008,0
1762011665788,BTC-PERPETUAL,TICK,0,110008,0
1762011665832,BTC-PERPETUAL,TICK,0,109996,0
1762011665838,BTC-PERPETUAL,TICK,0,109996,0
1762011665876,BTC-PERPETUAL,TICK,0,110006,0
1762011665880,BTC-PERPETUAL,TICK,0,110006,0
1762011665924,BTC-PERPETUAL,TICK,0,109996,0
1762011665932,BTC-PERPETUAL,TICK,0,109996,0
1762011665975,BTC-PERPETUAL,TICK,0,110005,0
1762011665980,BTC-PERPETUAL,TICK,0,110005,0
1762011666023,BTC-PERPETUAL,TICK,0,109997,0
1762011666030,BTC-PERPETUAL,TICK,0,109997,0
1762011666073,BTC-PERPETUAL,TICK,0,110004,0
1762011666080,BTC-PERPETUAL,TICK,0,110004,0
1762011666125,BTC-PERPETUAL,TICK,0,109998,0
1762011666132,BTC-PERPETUAL,TICK,0,109998,0
1762011666175,BTC-PERPETUAL,TICK,0,110004,0
1762011666182,BTC-PERPETUAL,TICK,0,110004,0
1762011666219,BTC-PERPETUAL,TICK,0,109998,0
1762011666225,BTC-PERPETUAL,TICK,0,109998,0
1762011666261,BTC-PERPETUAL,TICK,0,110002,0
1762011666266,BTC-PERPETUAL,TICK,0,110002,0
1762011666301,BTC-PERPETUAL,TICK,0,109998,0
1762011666306,BTC-PERPETUAL,TICK,0,109998,0
1762011666344,BTC-PERPETUAL,TICK,0,110000,0
1762011666350,BTC-PERPETUAL,TICK,0,110000,0
1762011666388,BTC-PERPETUAL,TICK,0,109999,0
1762011666393,BTC-PERPETUAL,TICK,0,109999,0
1762011666431,BTC-PERPETUAL,TICK,0,110000,0
1762011666437,BTC-PERPETUAL,TICK,0,110000,0
1762011666471,BTC-PERPETUAL,TICK,0,110000,0
1762011666475,BTC-PERPETUAL,TICK,0,110000,0
1762011668041,ETH-PERPETUAL,TICK,0,3884.9,0
1762011668047,ETH-PERPETUAL,TICK,0,3884.9,0
1762011668085,ETH-PERPETUAL,TICK,0,3882,0
1762011668089,ETH-PERPETUAL,TICK,0,3882,0
1762011668127,ETH-PERPETUAL,TICK,0,3884.8,0
1762011668132,ETH-PERPETUAL,TICK,0,3884.8,0
1762011668164,ETH-PERPETUAL,TICK,0,3882.05,0
1762011668168,ETH-PERPETUAL,TICK,0,3882.05,0
1762011668201,ETH-PERPETUAL,TICK,0,3884.65,0
1762011668206,ETH-PERPETUAL,TICK,0,3884.65,0
1762011668252,ETH-PERPETUAL,TICK,0,3882.15,0
1762011668255,ETH-PERPETUAL,TICK,0,3882.15,0
1762011668295,ETH-PERPETUAL,TICK,0,3884.6,0
1762011668301,ETH-PERPETUAL,TICK,0,3884.6,0
1762011668337,ETH-PERPETUAL,TICK,0,3882.25,0
1762011668344,ETH-PERPETUAL,TICK,0,3882.25,0
1762011668385,ETH-PERPETUAL,TICK,0,3884.45,0
1762011668392,ETH-PERPETUAL,TICK,0,3884.45,0
1762011668432,ETH-PERPETUAL,TICK,0,3882.3,0
1762011668438,ETH-PERPETUAL,TICK,0,3882.3,0
1762011668479,ETH-PERPETUAL,TICK,0,3884.4,0
1762011668484,ETH-PERPETUAL,TICK,0,3884.4,0
1762011668522,ETH-PERPETUAL,TICK,0,3882.35,0
1762011668530,ETH-PERPETUAL,TICK,0,3882.35,0
1762011668565,ETH-PERPETUAL,TICK,0,3884.35,0
1762011668571,ETH-PERPETUAL,TICK,0,3884.35,0
1762011668610,ETH-PERPETUAL,TICK,0,3882.4,0
1762011668616,ETH-PERPETUAL,TICK,0,3882.4,0
1762011668653,ETH-PERPETUAL,TICK,0,3884.3,0
1762011668658,ETH-PERPETUAL,TICK,0,3884.3,0
1762011668694,ETH-PERPETUAL,TICK,0,3882.45,0
1762011668700,ETH-PERPETUAL,TICK,0,3882.45,0
1762011668738,ETH-PERPETUAL,TICK,0,3884.2,0
1762011668743,ETH-PERPETUAL,TICK,0,3884.2,0
1762011668794,ETH-PERPETUAL,TICK,0,3882.5,0
1762011668798,ETH-PERPETUAL,TICK,0,3882.5,0
1762011668834,ETH-PERPETUAL,TICK,0,3884.1,0
1762011668842,ETH-PERPETUAL,TICK,0,3884.1,0
1762011668877,ETH-PERPETUAL,TICK,0,3882.55,0
1762011668883,ETH-PERPETUAL,TICK,0,3882.55,0
1762011668919,ETH-PERPETUAL,TICK,0,3884.05,0
1762011668923,ETH-PERPETUAL,TICK,0,3884.05,0
1762011668961,ETH-PERPETUAL,TICK,0,3882.6,0
1762011668967,ETH-PERPETUAL,TICK,0,3882.6,0
1762011668996,ETH-PERPETUAL,TICK,0,3884,0
1762011669001,ETH-PERPETUAL,TICK,0,3884,0
1762011669044,ETH-PERPETUAL,TICK,0,3882.65,0
1762011669050,ETH-PERPETUAL,TICK,0,3882.65,0
1762011669081,ETH-PERPETUAL,TICK,0,3883.95,0
1762011669086,ETH-PERPETUAL,TICK,0,3883.95,0
1762011669119,ETH-PERPETUAL,TICK,0,3882.75,0
1762011669129,ETH-PERPETUAL,TICK,0,3882.75,0
1762011669164,ETH-PERPETUAL,TICK,0,3883.85,0
1762011669167,ETH-PERPETUAL,TICK,0,3883.85,0
1762011669205,ETH-PERPETUAL,TICK,0,3882.8,0
1762011669211,ETH-PERPETUAL,TICK,0,3882.8,0
1762011669244,ETH-PERPETUAL,TICK,0,3883.8,0
1762011669248,ETH-PERPETUAL,TICK,0,3883.8,0
1762011669282,ETH-PERPETUAL,TICK,0,3882.85,0
1762011669288,ETH-PERPETUAL,TICK,0,3882.85,0
1762011669326,ETH-PERPETUAL,TICK,0,3883.75,0
1762011669332,ETH-PERPETUAL,TICK,0,3883.75,0
1762011669364,ETH-PERPETUAL,TICK,0,3882.9,0
1762011669369,ETH-PERPETUAL,TICK,0,3882.9,0
1762011669402,ETH-PERPETUAL,TICK,0,3883.65,0
1762011669408,ETH-PERPETUAL,TICK,0,3883.65,0
1762011669445,ETH-PERPETUAL,TICK,0,3883,0
1762011669449,ETH-PERPETUAL,TICK,0,3883,0
1762011669491,ETH-PERPETUAL,TICK,0,3883.6,0
1762011669496,ETH-PERPETUAL,TICK,0,3883.6,0
1762011669539,ETH-PERPETUAL,TICK,0,3883.05,0
1762011669544,ETH-PERPETUAL,TICK,0,3883.05,0
1762011669589,ETH-PERPETUAL,TICK,0,3883.4,0
1762011669596,ETH-PERPETUAL,TICK,0,3883.4,0
1762011669647,ETH-PERPETUAL,TICK,0,3883.25,0
1762011669652,ETH-PERPETUAL,TICK,0,3883.25,0
1762011669696,ETH-PERPETUAL,TICK,0,3883.35,0
1762011669703,ETH-PERPETUAL,TICK,0,3883.35,0
1762011669743,ETH-PERPETUAL,TICK,0,3883.3,0
1762011669749,ETH-PERPETUAL,TICK,0,3883.3,0
1762011669793,BTC-PERPETUAL,TICK,0,110000,0
1762011669799,BTC-PERPETUAL,TICK,0,110000,0
1762011669844,BTC-PERPETUAL,TICK,0,110000,0
1762011669852,BTC-PERPETUAL,TICK,0,110000,0
1762011669896,BTC-PERPETUAL,TICK,0,110022,0
1762011669903,BTC-PERPETUAL,TICK,0,110022,0
1762011669956,BTC-PERPETUAL,TICK,0,109986,0
1762011669964,BTC-PERPETUAL,TICK,0,109986,0
1762011670019,BTC-PERPETUAL,TICK,0,110022,0
1762011670027,BTC-PERPETUAL,TICK,0,110022,0
1762011670070,BTC-PERPETUAL,TICK,0,109986,0
1762011670075,BTC-PERPETUAL,TICK,0,109986,0
1762011670123,BTC-PERPETUAL,TICK,0,110018,0
1762011670135,BTC-PERPETUAL,TICK,0,110018,0
1762011670178,BTC-PERPETUAL,TICK,0,109986,0
1762011670185,BTC-PERPETUAL,TICK,0,109986,0
1762011670226,BTC-PERPETUAL,TICK,0,110018,0
1762011670231,BTC-PERPETUAL,TICK,0,110018,0
1762011670276,BTC-PERPETUAL,TICK,0,109987,0
1762011670283,BTC-PERPETUAL,TICK,0,109987,0
1762011670332,BTC-PERPETUAL,TICK,0,110017,0
1762011670343,BTC-PERPETUAL,TICK,0,110017,0
1762011670391,BTC-PERPETUAL,TICK,0,109988,0
1762011670397,BTC-PERPETUAL,TICK,0,109988,0
1762011670435,BTC-PERPETUAL,TICK,0,110016,0
1762011670440,BTC-PERPETUAL,TICK,0,110016,0
1762011670482,BTC-PERPETUAL,TICK,0,109988,0
1762011670488,BTC-PERPETUAL,TICK,0,109988,0
1762011670528,BTC-PERPETUAL,TICK,0,110016,0
1762011670535,BTC-PERPETUAL,TICK,0,110016,0
1762011670582,BTC-PERPETUAL,TICK,0,109989,0
1762011670587,BTC-PERPETUAL,TICK,0,109989,0
1762011670638,BTC-PERPETUAL,TICK,0,110014,0
1762011670643,BTC-PERPETUAL,TICK,0,110014,0
1762011670692,BTC-PERPETUAL,TICK,0,109990,0
1762011670697,BTC-PERPETUAL,TICK,0,109990,0
1762011670746,BTC-PERPETUAL,TICK,0,110013,0
1762011670753,BTC-PERPETUAL,TICK,0,110013,0
1762011670806,BTC-PERPETUAL,TICK,0,110012,0
1762011670812,BTC-PERPETUAL,TICK,0,110012,0
1762011670854,BTC-PERPETUAL,TICK,0,109994,0
1762011670861,BTC-PERPETUAL,TICK,0,109994,0
1762011670905,BTC-PERPETUAL,TICK,0,110012,0
1762011670910,BTC-PERPETUAL,TICK,0,110012,0
1762011670952,BTC-PERPETUAL,TICK,0,109994,0
1762011670959,BTC-PERPETUAL,TICK,0,109994,0
1762011671003,BTC-PERPETUAL,TICK,0,110010,0
1762011671009,BTC-PERPETUAL,TICK,0,110010,0
1762011671061,BTC-PERPETUAL,TICK,0,109996,0
1762011671066,BTC-PERPETUAL,TICK,0,109996,0
1762011671104,BTC-PERPETUAL,TICK,0,110010,0
1762011671112,BTC-PERPETUAL,TICK,0,110010,0
1762011671158,BTC-PERPETUAL,TICK,0,109996,0
1762011671165,BTC-PERPETUAL,TICK,0,109996,0
1762011671207,BTC-PERPETUAL,TICK,0,110007,0
1762011671210,BTC-PERPETUAL,TICK,0,110007,0
1762011671251,BTC-PERPETUAL,TICK,0,109997,0
1762011671257,BTC-PERPETUAL,TICK,0,109997,0
1762011671300,BTC-PERPETUAL,TICK,0,110006,0
1762011671307,BTC-PERPETUAL,TICK,0,110006,0
1762011671344,BTC-PERPETUAL,TICK,0,109998,0
1762011671350,BTC-PERPETUAL,TICK,0,109998,0
1762011671389,BTC-PERPETUAL,TICK,0,110006,0
1762011671395,BTC-PERPETUAL,TICK,0,110006,0
1762011671435,BTC-PERPETUAL,TICK,0,109998,0
1762011671439,BTC-PERPETUAL,TICK,0,109998,0
1762011671480,BTC-PERPETUAL,TICK,0,110006,0
1762011671485,BTC-PERPETUAL,TICK,0,110006,0
1762011671521,BTC-PERPETUAL,TICK,0,109998,0
1762011671527,BTC-PERPETUAL,TICK,0,109998,0
1762011671566,BTC-PERPETUAL,TICK,0,110000,0
1762011671573,BTC-PERPETUAL,TICK,0,110000,0
1762011671615,BTC-PERPETUAL,TICK,0,109999,0
1762011671627,BTC-PERPETUAL,TICK,0,109999,0
1762011671668,BTC-PERPETUAL,TICK,0,110000,0
1762011671672,BTC-PERPETUAL,TICK,0,110000,0
1762011671713,BTC-PERPETUAL,TICK,0,110000,0
1762011671720,BTC-PERPETUAL,TICK,0,110000,0
1762011673313,ETH-PERPETUAL,TICK,0,3883.6,0
1762011673317,ETH-PERPETUAL,TICK,0,3883.6,0
1762011673370,ETH-PERPETUAL,TICK,0,3880.75,0
1762011673376,ETH-PERPETUAL,TICK,0,3880.75,0
1762011673412,ETH-PERPETUAL,TICK,0,3883.55,0
1762011673417,ETH-PERPETUAL,TICK,0,3883.55,0
1762011673456,ETH-PERPETUAL,TICK,0,3880.8,0
1762011673461,ETH-PERPETUAL,TICK,0,3880.8,0
1762011673505,ETH-PERPETUAL,TICK,0,3883.5,0
1762011673510,ETH-PERPETUAL,TICK,0,3883.5,0
1762011673558,ETH-PERPETUAL,TICK,0,3880.85,0
1762011673566,ETH-PERPETUAL,TICK,0,3880.85,0
1762011673613,ETH-PERPETUAL,TICK,0,3883.4,0
1762011673617,ETH-PERPETUAL,TICK,0,3883.4,0
1762011673659,ETH-PERPETUAL,TICK,0,3880.9,0
1762011673665,ETH-PERPETUAL,TICK,0,3880.9,0
1762011673705,ETH-PERPETUAL,TICK,0,3883.35,0
1762011673711,ETH-PERPETUAL,TICK,0,3883.35,0
1762011673752,ETH-PERPETUAL,TICK,0,3881,0
1762011673763,ETH-PERPETUAL,TICK,0,3881,0
1762011673803,ETH-PERPETUAL,TICK,0,3883.3,0
1762011673808,ETH-PERPETUAL,TICK,0,3883.3,0
1762011673851,ETH-PERPETUAL,TICK,0,3881.05,0
1762011673858,ETH-PERPETUAL,TICK,0,3881.05,0
1762011673897,ETH-PERPETUAL,TICK,0,3883.25,0
1762011673902,ETH-PERPETUAL,TICK,0,3883.25,0
1762011673943,ETH-PERPETUAL,TICK,0,3881.1,0
1762011673948,ETH-PERPETUAL,TICK,0,3881.1,0
1762011673987,ETH-PERPETUAL,TICK,0,3883.2,0
1762011673994,ETH-PERPETUAL,TICK,0,3883.2,0
1762011674034,ETH-PERPETUAL,TICK,0,3881.15,0
1762011674041,ETH-PERPETUAL,TICK,0,3881.15,0
1762011674076,ETH-PERPETUAL,TICK,0,3883.1,0
1762011674080,ETH-PERPETUAL,TICK,0,3883.1,0
1762011674120,ETH-PERPETUAL,TICK,0,3881.3,0
1762011674125,ETH-PERPETUAL,TICK,0,3881.3,0
1762011674165,ETH-PERPETUAL,TICK,0,3883.05,0
1762011674171,ETH-PERPETUAL,TICK,0,3883.05,0
1762011674208,ETH-PERPETUAL,TICK,0,3881.35,0
1762011674215,ETH-PERPETUAL,TICK,0,3881.35,0
1762011674253,ETH-PERPETUAL,TICK,0,3883,0
1762011674260,ETH-PERPETUAL,TICK,0,3883,0
1762011674302,ETH-PERPETUAL,TICK,0,3881.4,0
1762011674307,ETH-PERPETUAL,TICK,0,3881.4,0
1762011674357,ETH-PERPETUAL,TICK,0,3882.9,0
1762011674364,ETH-PERPETUAL,TICK,0,3882.9,0
1762011674403,ETH-PERPETUAL,TICK,0,3881.5,0
1762011674410,ETH-PERPETUAL,TICK,0,3881.5,0
1762011674449,ETH-PERPETUAL,TICK,0,3882.8,0
1762011674456,ETH-PERPETUAL,TICK,0,3882.8,0
1762011674502,ETH-PERPETUAL,TICK,0,3881.55,0
1762011674510,ETH-PERPETUAL,TICK,0,3881.55,0
1762011674557,ETH-PERPETUAL,TICK,0,3882.75,0
1762011674566,ETH-PERPETUAL,TICK,0,3882.75,0
1762011674624,ETH-PERPETUAL,TICK,0,3881.6,0
1762011674637,ETH-PERPETUAL,TICK,0,3881.6,0
1762011674687,ETH-PERPETUAL,TICK,0,3882.65,0
1762011674695,ETH-PERPETUAL,TICK,0,3882.65,0
1762011674745,ETH-PERPETUAL,TICK,0,3881.75,0
1762011674752,ETH-PERPETUAL,TICK,0,3881.75,0
1762011674800,ETH-PERPETUAL,TICK,0,3882.6,0
1762011674806,ETH-PERPETUAL,TICK,0,3882.6,0
1762011674862,ETH-PERPETUAL,TICK,0,3881.8,0
1762011674876,ETH-PERPETUAL,TICK,0,3881.8,0
1762011674933,ETH-PERPETUAL,TICK,0,3882.5,0
1762011674943,ETH-PERPETUAL,TICK,0,3882.5,0
1762011674997,ETH-PERPETUAL,TICK,0,3881.85,0
1762011675007,ETH-PERPETUAL,TICK,0,3881.85,0
1762011675060,ETH-PERPETUAL,TICK,0,3882.45,0
1762011675067,ETH-PERPETUAL,TICK,0,3882.45,0
1762011675125,ETH-PERPETUAL,TICK,0,3881.9,0
1762011675135,ETH-PERPETUAL,TICK,0,3881.9,0
1762011675189,ETH-PERPETUAL,TICK,0,3882.3,0
1762011675196,ETH-PERPETUAL,TICK,0,3882.3,0
1762011675252,ETH-PERPETUAL,TICK,0,3882,0
1762011675262,ETH-PERPETUAL,TICK,0,3882,0
1762011675317,ETH-PERPETUAL,TICK,0,3882.1,0
1762011675326,ETH-PERPETUAL,TICK,0,3882.1,0
1762011675378,ETH-PERPETUAL,TICK,0,3882.05,0
1762011675383,ETH-PERPETUAL,TICK,0,3882.05,0
1762011675443,BTC-PERPETUAL,TICK,0,110000,0
1762011675450,BTC-PERPETUAL,TICK,0,110000,0
1762011675500,BTC-PERPETUAL,TICK,0,110000,0
1762011675507,BTC-PERPETUAL,TICK,0,110000,0
1762011675551,BTC-PERPETUAL,TICK,0,110022,0
1762011675558,BTC-PERPETUAL,TICK,0,110022,0
1762011675607,BTC-PERPETUAL,TICK,0,109984,0
1762011675613,BTC-PERPETUAL,TICK,0,109984,0
1762011675665,BTC-PERPETUAL,TICK,0,110018,0
1762011675673,BTC-PERPETUAL,TICK,0,110018,0
1762011675725,BTC-PERPETUAL,TICK,0,109986,0
1762011675732,BTC-PERPETUAL,TICK,0,109986,0
1762011675782,BTC-PERPETUAL,TICK,0,110016,0
1762011675793,BTC-PERPETUAL,TICK,0,110016,0
1762011675843,BTC-PERPETUAL,TICK,0,109986,0
1762011675851,BTC-PERPETUAL,TICK,0,109986,0
1762011675905,BTC-PERPETUAL,TICK,0,110015,0
1762011675912,BTC-PERPETUAL,TICK,0,110015,0
1762011675958,BTC-PERPETUAL,TICK,0,109987,0
1762011675964,BTC-PERPETUAL,TICK,0,109987,0
1762011676008,BTC-PERPETUAL,TICK,0,110014,0
1762011676014,BTC-PERPETUAL,TICK,0,110014,0
1762011676056,BTC-PERPETUAL,TICK,0,109988,0
1762011676064,BTC-PERPETUAL,TICK,0,109988,0
1762011676106,BTC-PERPETUAL,TICK,0,110014,0
1762011676114,BTC-PERPETUAL,TICK,0,110014,0
1762011676156,BTC-PERPETUAL,TICK,0,109988,0
1762011676162,BTC-PERPETUAL,TICK,0,109988,0
1762011676213,BTC-PERPETUAL,TICK,0,110014,0
1762011676222,BTC-PERPETUAL,TICK,0,110014,0
1762011676270,BTC-PERPETUAL,TICK,0,109989,0
1762011676277,BTC-PERPETUAL,TICK,0,109989,0
1762011676322,BTC-PERPETUAL,TICK,0,110012,0
1762011676331,BTC-PERPETUAL,TICK,0,110012,0
1762011676393,BTC-PERPETUAL,TICK,0,109990,0
1762011676399,BTC-PERPETUAL,TICK,0,109990,0
1762011676463,BTC-PERPETUAL,TICK,0,110012,0
1762011676470,BTC-PERPETUAL,TICK,0,110012,0
1762011676528,BTC-PERPETUAL,TICK,0,109992,0
1762011676536,BTC-PERPETUAL,TICK,0,109992,0
1762011676593,BTC-PERPETUAL,TICK,0,110011,0
1762011676603,BTC-PERPETUAL,TICK,0,110011,0
1762011676653,BTC-PERPETUAL,TICK,0,109994,0
1762011676661,BTC-PERPETUAL,TICK,0,109994,0
1762011676704,BTC-PERPETUAL,TICK,0,110010,0
1762011676710,BTC-PERPETUAL,TICK,0,110010,0
1762011676758,BTC-PERPETUAL,TICK,0,109994,0
1762011676767,BTC-PERPETUAL,TICK,0,109994,0
1762011676815,BTC-PERPETUAL,TICK,0,110010,0
1762011676820,BTC-PERPETUAL,TICK,0,110010,0
1762011676864,BTC-PERPETUAL,TICK,0,109996,0
1762011676872,BTC-PERPETUAL,TICK,0,109996,0
1762011676920,BTC-PERPETUAL,TICK,0,110007,0
1762011676927,BTC-PERPETUAL,TICK,0,110007,0
1762011676982,BTC-PERPETUAL,TICK,0,109996,0
1762011676992,BTC-PERPETUAL,TICK,0,109996,0
1762011677040,BTC-PERPETUAL,TICK,0,110006,0
1762011677047,BTC-PERPETUAL,TICK,0,110006,0
1762011677101,BTC-PERPETUAL,TICK,0,109997,0
1762011677108,BTC-PERPETUAL,TICK,0,109997,0
1762011677164,BTC-PERPETUAL,TICK,0,110006,0
1762011677173,BTC-PERPETUAL,TICK,0,110006,0
1762011677226,BTC-PERPETUAL,TICK,0,109998,0
1762011677234,BTC-PERPETUAL,TICK,0,109998,0
1762011677279,BTC-PERPETUAL,TICK,0,110005,0
1762011677286,BTC-PERPETUAL,TICK,0,110005,0
1762011677327,BTC-PERPETUAL,TICK,0,109998,0
1762011677332,BTC-PERPETUAL,TICK,0,109998,0
1762011677375,BTC-PERPETUAL,TICK,0,110003,0
1762011677380,BTC-PERPETUAL,TICK,0,110003,0
1762011677429,BTC-PERPETUAL,TICK,0,109998,0
1762011677437,BTC-PERPETUAL,TICK,0,109998,0
1762011677485,BTC-PERPETUAL,TICK,0,110002,0
1762011677494,BTC-PERPETUAL,TICK,0,110002,0
1762011677542,BTC-PERPETUAL,TICK,0,109999,0
1762011677548,BTC-PERPETUAL,TICK,0,109999,0
1762011677603,BTC-PERPETUAL,TICK,0,110000,0
1762011677611,BTC-PERPETUAL,TICK,0,110000,0
1762011677658,BTC-PERPETUAL,TICK,0,110000,0
1762011677664,BTC-PERPETUAL,TICK,0,110000,0
1762011678583,ETH-PERPETUAL,TICK,0,3883.55,0
1762011678592,ETH-PERPETUAL,TICK,0,3883.55,0
1762011678645,ETH-PERPETUAL,TICK,0,3880.6,0
1762011678656,ETH-PERPETUAL,TICK,0,3880.6,0
1762011678705,ETH-PERPETUAL,TICK,0,3883.5,0
1762011678714,ETH-PERPETUAL,TICK,0,3883.5,0
1762011678771,ETH-PERPETUAL,TICK,0,3880.75,0
1762011678775,ETH-PERPETUAL,TICK,0,3880.75,0
1762011678851,ETH-PERPETUAL,TICK,0,3883.4,0
1762011678864,ETH-PERPETUAL,TICK,0,3883.4,0
1762011678931,ETH-PERPETUAL,TICK,0,3880.8,0
1762011678941,ETH-PERPETUAL,TICK,0,3880.8,0
1762011678996,ETH-PERPETUAL,TICK,0,3883.35,0
1762011679005,ETH-PERPETUAL,TICK,0,3883.35,0
1762011679059,ETH-PERPETUAL,TICK,0,3880.9,0
1762011679068,ETH-PERPETUAL,TICK,0,3880.9,0
1762011679118,ETH-PERPETUAL,TICK,0,3883.3,0
1762011679125,ETH-PERPETUAL,TICK,0,3883.3,0
1762011679180,ETH-PERPETUAL,TICK,0,3881,0
1762011679191,ETH-PERPETUAL,TICK,0,3881,0
1762011679251,ETH-PERPETUAL,TICK,0,3883.25,0
1762011679261,ETH-PERPETUAL,TICK,0,3883.25,0
1762011679320,ETH-PERPETUAL,TICK,0,3881.05,0
1762011679334,ETH-PERPETUAL,TICK,0,3881.05,0
1762011679408,ETH-PERPETUAL,TICK,0,3883.2,0
1762011679418,ETH-PERPETUAL,TICK,0,3883.2,0
1762011679470,ETH-PERPETUAL,TICK,0,3881.1,0
1762011679479,ETH-PERPETUAL,TICK,0,3881.1,0
1762011679541,ETH-PERPETUAL,TICK,0,3883.1,0
1762011679548,ETH-PERPETUAL,TICK,0,3883.1,0
1762011679613,ETH-PERPETUAL,TICK,0,3881.15,0
1762011679628,ETH-PERPETUAL,TICK,0,3881.15,0
1762011679731,ETH-PERPETUAL,TICK,0,3883.05,0
1762011679739,ETH-PERPETUAL,TICK,0,3883.05,0
1762011679799,ETH-PERPETUAL,TICK,0,3881.3,0
1762011679807,ETH-PERPETUAL,TICK,0,3881.3,0
1762011679864,ETH-PERPETUAL,TICK,0,3881.35,0
1762011679872,ETH-PERPETUAL,TICK,0,3881.35,0
1762011679916,ETH-PERPETUAL,TICK,0,3882.9,0
1762011679924,ETH-PERPETUAL,TICK,0,3882.9,0
1762011679974,ETH-PERPETUAL,TICK,0,3881.4,0
1762011679981,ETH-PERPETUAL,TICK,0,3881.4,0
1762011680037,ETH-PERPETUAL,TICK,0,3882.85,0
1762011680045,ETH-PERPETUAL,TICK,0,3882.85,0
1762011680093,ETH-PERPETUAL,TICK,0,3881.5,0
1762011680100,ETH-PERPETUAL,TICK,0,3881.5,0
1762011680144,ETH-PERPETUAL,TICK,0,3882.8,0
1762011680152,ETH-PERPETUAL,TICK,0,3882.8,0
1762011680193,ETH-PERPETUAL,TICK,0,3881.55,0
1762011680200,ETH-PERPETUAL,TICK,0,3881.55,0
1762011680248,ETH-PERPETUAL,TICK,0,3882.75,0
1762011680255,ETH-PERPETUAL,TICK,0,3882.75,0
1762011680298,ETH-PERPETUAL,TICK,0,3881.6,0
1762011680305,ETH-PERPETUAL,TICK,0,3881.6,0
1762011680347,ETH-PERPETUAL,TICK,0,3882.65,0
1762011680353,ETH-PERPETUAL,TICK,0,3882.65,0
1762011680401,ETH-PERPETUAL,TICK,0,3881.75,0
1762011680408,ETH-PERPETUAL,TICK,0,3881.75,0
1762011680448,ETH-PERPETUAL,TICK,0,3882.6,0
1762011680454,ETH-PERPETUAL,TICK,0,3882.6,0
1762011680498,ETH-PERPETUAL,TICK,0,3881.8,0
1762011680505,ETH-PERPETUAL,TICK,0,3881.8,0
1762011680548,ETH-PERPETUAL,TICK,0,3882.5,0
1762011680555,ETH-PERPETUAL,TICK,0,3882.5,0
1762011680594,ETH-PERPETUAL,TICK,0,3881.85,0
1762011680600,ETH-PERPETUAL,TICK,0,3881.85,0
1762011680640,ETH-PERPETUAL,TICK,0,3882.45,0
1762011680647,ETH-PERPETUAL,TICK,0,3882.45,0
1762011680690,ETH-PERPETUAL,TICK,0,3881.9,0
1762011680699,ETH-PERPETUAL,TICK,0,3881.9,0
1762011680743,ETH-PERPETUAL,TICK,0,3882.25,0
1762011680751,ETH-PERPETUAL,TICK,0,3882.25,0
1762011680794,ETH-PERPETUAL,TICK,0,3882,0
1762011680801,ETH-PERPETUAL,TICK,0,3882,0
1762011680844,ETH-PERPETUAL,TICK,0,3882.1,0
1762011680851,ETH-PERPETUAL,TICK,0,3882.1,0
1762011680901,ETH-PERPETUAL,TICK,0,3882.05,0
1762011680908,ETH-PERPETUAL,TICK,0,3882.05,0
1762011680949,BTC-PERPETUAL,TICK,0,110000,0
1762011680958,BTC-PERPETUAL,TICK,0,110000,0
1762011681004,BTC-PERPETUAL,TICK,0,110000,0
1762011681012,BTC-PERPETUAL,TICK,0,110000,0
1762011681061,BTC-PERPETUAL,TICK,0,110028,0
1762011681068,BTC-PERPETUAL,TICK,0,110028,0
1762011681124,BTC-PERPETUAL,TICK,0,109980,0
1762011681128,BTC-PERPETUAL,TICK,0,109980,0
1762011681173,BTC-PERPETUAL,TICK,0,110028,0
1762011681179,BTC-PERPETUAL,TICK,0,110028,0
1762011681227,BTC-PERPETUAL,TICK,0,109982,0
1762011681235,BTC-PERPETUAL,TICK,0,109982,0
1762011681282,BTC-PERPETUAL,TICK,0,110025,0
1762011681288,BTC-PERPETUAL,TICK,0,110025,0
1762011681335,BTC-PERPETUAL,TICK,0,109984,0
1762011681344,BTC-PERPETUAL,TICK,0,109984,0
1762011681395,BTC-PERPETUAL,TICK,0,110024,0
1762011681404,BTC-PERPETUAL,TICK,0,110024,0
1762011681449,BTC-PERPETUAL,TICK,0,109984,0
1762011681454,BTC-PERPETUAL,TICK,0,109984,0
1762011681505,BTC-PERPETUAL,TICK,0,110022,0
1762011681510,BTC-PERPETUAL,TICK,0,110022,0
1762011681554,BTC-PERPETUAL,TICK,0,109984,0
1762011681561,BTC-PERPETUAL,TICK,0,109984,0
1762011681603,BTC-PERPETUAL,TICK,0,110022,0
1762011681610,BTC-PERPETUAL,TICK,0,110022,0
1762011681652,BTC-PERPETUAL,TICK,0,109985,0
1762011681660,BTC-PERPETUAL,TICK,0,109985,0
1762011681706,BTC-PERPETUAL,TICK,0,110018,0
1762011681712,BTC-PERPETUAL,TICK,0,110018,0
1762011681772,BTC-PERPETUAL,TICK,0,109986,0
1762011681780,BTC-PERPETUAL,TICK,0,109986,0
1762011681842,BTC-PERPETUAL,TICK,0,110016,0
1762011681849,BTC-PERPETUAL,TICK,0,110016,0
1762011681916,BTC-PERPETUAL,TICK,0,109986,0
1762011681925,BTC-PERPETUAL,TICK,0,109986,0
1762011681981,BTC-PERPETUAL,TICK,0,110014,0
1762011681995,BTC-PERPETUAL,TICK,0,110014,0
1762011682052,BTC-PERPETUAL,TICK,0,109988,0
1762011682060,BTC-PERPETUAL,TICK,0,109988,0
1762011682119,BTC-PERPETUAL,TICK,0,110012,0
1762011682128,BTC-PERPETUAL,TICK,0,110012,0
1762011682191,BTC-PERPETUAL,TICK,0,109988,0
1762011682201,BTC-PERPETUAL,TICK,0,109988,0
1762011682259,BTC-PERPETUAL,TICK,0,110011,0
1762011682266,BTC-PERPETUAL,TICK,0,110011,0
1762011682329,BTC-PERPETUAL,TICK,0,109989,0
1762011682338,BTC-PERPETUAL,TICK,0,109989,0
1762011682396,BTC-PERPETUAL,TICK,0,110010,0
1762011682404,BTC-PERPETUAL,TICK,0,110010,0
1762011682454,BTC-PERPETUAL,TICK,0,109990,0
1762011682465,BTC-PERPETUAL,TICK,0,109990,0
1762011682515,BTC-PERPETUAL,TICK,0,110010,0
1762011682524,BTC-PERPETUAL,TICK,0,110010,0
1762011682568,BTC-PERPETUAL,TICK,0,109992,0
1762011682577,BTC-PERPETUAL,TICK,0,109992,0
1762011682634,BTC-PERPETUAL,TICK,0,110007,0
1762011682641,BTC-PERPETUAL,TICK,0,110007,0
1762011682695,BTC-PERPETUAL,TICK,0,109992,0
1762011682703,BTC-PERPETUAL,TICK,0,109992,0
1762011682752,BTC-PERPETUAL,TICK,0,110006,0
1762011682761,BTC-PERPETUAL,TICK,0,110006,0
1762011682820,BTC-PERPETUAL,TICK,0,109994,0
1762011682828,BTC-PERPETUAL,TICK,0,109994,0
1762011682872,BTC-PERPETUAL,TICK,0,110006,0
1762011682880,BTC-PERPETUAL,TICK,0,110006,0
1762011682950,BTC-PERPETUAL,TICK,0,109995,0
1762011682959,BTC-PERPETUAL,TICK,0,109995,0
1762011683016,BTC-PERPETUAL,TICK,0,110005,0
1762011683025,BTC-PERPETUAL,TICK,0,110005,0
1762011683074,BTC-PERPETUAL,TICK,0,109996,0
1762011683080,BTC-PERPETUAL,TICK,0,109996,0
1762011683136,BTC-PERPETUAL,TICK,0,110000,0
1762011683143,BTC-PERPETUAL,TICK,0,110000,0
1762011683186,BTC-PERPETUAL,TICK,0,109998,0
1762011683198,BTC-PERPETUAL,TICK,0,109998,0
1762011683250,BTC-PERPETUAL,TICK,0,110000,0
1762011683258,BTC-PERPETUAL,TICK,0,110000,0
1762011683304,BTC-PERPETUAL,TICK,0,110000,0
1762011683311,BTC-PERPETUAL,TICK,0,110000,0
1762011683858,ETH-PERPETUAL,TICK,0,3883.05,0
1762011683863,ETH-PERPETUAL,TICK,0,3883.05,0
1762011683900,ETH-PERPETUAL,TICK,0,3879.8,0
1762011683905,ETH-PERPETUAL,TICK,0,3879.8,0
1762011683942,ETH-PERPETUAL,TICK,0,3883,0
1762011683948,ETH-PERPETUAL,TICK,0,3883,0
1762011683998,ETH-PERPETUAL,TICK,0,3879.9,0
1762011684004,ETH-PERPETUAL,TICK,0,3879.9,0
1762011684043,ETH-PERPETUAL,TICK,0,3882.95,0
1762011684051,ETH-PERPETUAL,TICK,0,3882.95,0
1762011684094,ETH-PERPETUAL,TICK,0,3880,0
1762011684097,ETH-PERPETUAL,TICK,0,3880,0
1762011684146,ETH-PERPETUAL,TICK,0,3882.9,0
1762011684153,ETH-PERPETUAL,TICK,0,3882.9,0
1762011684200,ETH-PERPETUAL,TICK,0,3880.1,0
1762011684207,ETH-PERPETUAL,TICK,0,3880.1,0
1762011684261,ETH-PERPETUAL,TICK,0,3882.8,0
1762011684266,ETH-PERPETUAL,TICK,0,3882.8,0
1762011684319,ETH-PERPETUAL,TICK,0,3880.15,0
1762011684326,ETH-PERPETUAL,TICK,0,3880.15,0
1762011684371,ETH-PERPETUAL,TICK,0,3882.75,0
1762011684378,ETH-PERPETUAL,TICK,0,3882.75,0
1762011684419,ETH-PERPETUAL,TICK,0,3880.25,0
1762011684426,ETH-PERPETUAL,TICK,0,3880.25,0
1762011684467,ETH-PERPETUAL,TICK,0,3882.65,0
1762011684476,ETH-PERPETUAL,TICK,0,3882.65,0
1762011684522,ETH-PERPETUAL,TICK,0,3880.35,0
1762011684529,ETH-PERPETUAL,TICK,0,3880.35,0
1762011684570,ETH-PERPETUAL,TICK,0,3882.6,0
1762011684577,ETH-PERPETUAL,TICK,0,3882.6,0
1762011684618,ETH-PERPETUAL,TICK,0,3880.4,0
1762011684624,ETH-PERPETUAL,TICK,0,3880.4,0
1762011684666,ETH-PERPETUAL,TICK,0,3882.5,0
1762011684671,ETH-PERPETUAL,TICK,0,3882.5,0
1762011684723,ETH-PERPETUAL,TICK,0,3880.5,0
1762011684733,ETH-PERPETUAL,TICK,0,3880.5,0
1762011684785,ETH-PERPETUAL,TICK,0,3882.4,0
1762011684793,ETH-PERPETUAL,TICK,0,3882.4,0
1762011684846,ETH-PERPETUAL,TICK,0,3880.55,0
1762011684854,ETH-PERPETUAL,TICK,0,3880.55,0
1762011684898,ETH-PERPETUAL,TICK,0,3882.3,0
1762011684906,ETH-PERPETUAL,TICK,0,3882.3,0
1762011684951,ETH-PERPETUAL,TICK,0,3880.65,0
1762011684958,ETH-PERPETUAL,TICK,0,3880.65,0
1762011685008,ETH-PERPETUAL,TICK,0,3882.25,0
1762011685014,ETH-PERPETUAL,TICK,0,3882.25,0
1762011685067,ETH-PERPETUAL,TICK,0,3880.75,0
1762011685075,ETH-PERPETUAL,TICK,0,3880.75,0
1762011685119,ETH-PERPETUAL,TICK,0,3882.2,0
1762011685127,ETH-PERPETUAL,TICK,0,3882.2,0
1762011685168,ETH-PERPETUAL,TICK,0,3880.8,0
1762011685174,ETH-PERPETUAL,TICK,0,3880.8,0
1762011685213,ETH-PERPETUAL,TICK,0,3882.15,0
1762011685219,ETH-PERPETUAL,TICK,0,3882.15,0
1762011685256,ETH-PERPETUAL,TICK,0,3880.85,0
1762011685262,ETH-PERPETUAL,TICK,0,3880.85,0
1762011685307,ETH-PERPETUAL,TICK,0,3882.05,0
1762011685314,ETH-PERPETUAL,TICK,0,3882.05,0
1762011685353,ETH-PERPETUAL,TICK,0,3880.9,0
1762011685360,ETH-PERPETUAL,TICK,0,3880.9,0
1762011685399,ETH-PERPETUAL,TICK,0,3882,0
1762011685406,ETH-PERPETUAL,TICK,0,3882,0
1762011685452,ETH-PERPETUAL,TICK,0,3881,0
1762011685460,ETH-PERPETUAL,TICK,0,3881,0
1762011685503,ETH-PERPETUAL,TICK,0,3881.85,0
1762011685509,ETH-PERPETUAL,TICK,0,3881.85,0
1762011685559,ETH-PERPETUAL,TICK,0,3881.15,0
1762011685566,ETH-PERPETUAL,TICK,0,3881.15,0
1762011685606,ETH-PERPETUAL,TICK,0,3881.8,0
1762011685612,ETH-PERPETUAL,TICK,0,3881.8,0
1762011685654,ETH-PERPETUAL,TICK,0,3881.3,0
1762011685660,ETH-PERPETUAL,TICK,0,3881.3,0
1762011685699,ETH-PERPETUAL,TICK,0,3881.75,0
1762011685705,ETH-PERPETUAL,TICK,0,3881.75,0
1762011685746,ETH-PERPETUAL,TICK,0,3881.35,0
1762011685752,ETH-PERPETUAL,TICK,0,3881.35,0
1762011685792,ETH-PERPETUAL,TICK,0,3881.5,0
1762011685801,ETH-PERPETUAL,TICK,0,3881.5,0
1762011685849,ETH-PERPETUAL,TICK,0,3881.4,0
1762011685856,ETH-PERPETUAL,TICK,0,3881.4,0
1762011685904,BTC-PERPETUAL,TICK,0,110000,0
1762011685912,BTC-PERPETUAL,TICK,0,110000,0
1762011685957,BTC-PERPETUAL,TICK,0,110000,0
1762011685963,BTC-PERPETUAL,TICK,0,110000,0
1762011686007,BTC-PERPETUAL,TICK,0,110022,0
1762011686013,BTC-PERPETUAL,TICK,0,110022,0
1762011686052,BTC-PERPETUAL,TICK,0,109986,0
1762011686058,BTC-PERPETUAL,TICK,0,109986,0
1762011686100,BTC-PERPETUAL,TICK,0,110018,0
1762011686107,BTC-PERPETUAL,TICK,0,110018,0
1762011686152,BTC-PERPETUAL,TICK,0,109987,0
1762011686159,BTC-PERPETUAL,TICK,0,109987,0
1762011686203,BTC-PERPETUAL,TICK,0,110016,0
1762011686209,BTC-PERPETUAL,TICK,0,110016,0
1762011686246,BTC-PERPETUAL,TICK,0,109988,0
1762011686252,BTC-PERPETUAL,TICK,0,109988,0
1762011686291,BTC-PERPETUAL,TICK,0,110016,0
1762011686298,BTC-PERPETUAL,TICK,0,110016,0
1762011686336,BTC-PERPETUAL,TICK,0,109988,0
1762011686341,BTC-PERPETUAL,TICK,0,109988,0
1762011686379,BTC-PERPETUAL,TICK,0,110016,0
1762011686385,BTC-PERPETUAL,TICK,0,110016,0
1762011686422,BTC-PERPETUAL,TICK,0,109989,0
1762011686426,BTC-PERPETUAL,TICK,0,109989,0
1762011686470,BTC-PERPETUAL,TICK,0,110014,0
1762011686476,BTC-PERPETUAL,TICK,0,110014,0
1762011686514,BTC-PERPETUAL,TICK,0,109990,0
1762011686519,BTC-PERPETUAL,TICK,0,109990,0
1762011686560,BTC-PERPETUAL,TICK,0,110014,0
1762011686566,BTC-PERPETUAL,TICK,0,110014,0
1762011686603,BTC-PERPETUAL,TICK,0,109990,0
1762011686609,BTC-PERPETUAL,TICK,0,109990,0
1762011686652,BTC-PERPETUAL,TICK,0,110012,0
1762011686657,BTC-PERPETUAL,TICK,0,110012,0
1762011686699,BTC-PERPETUAL,TICK,0,109992,0
1762011686705,BTC-PERPETUAL,TICK,0,109992,0
1762011686745,BTC-PERPETUAL,TICK,0,110012,0
1762011686751,BTC-PERPETUAL,TICK,0,110012,0
1762011686791,BTC-PERPETUAL,TICK,0,109992,0
1762011686798,BTC-PERPETUAL,TICK,0,109992,0
1762011686843,BTC-PERPETUAL,TICK,0,110012,0
1762011686851,BTC-PERPETUAL,TICK,0,110012,0
1762011686892,BTC-PERPETUAL,TICK,0,109994,0
1762011686898,BTC-PERPETUAL,TICK,0,109994,0
1762011686936,BTC-PERPETUAL,TICK,0,110011,0
1762011686946,BTC-PERPETUAL,TICK,0,110011,0
1762011687000,BTC-PERPETUAL,TICK,0,109995,0
1762011687005,BTC-PERPETUAL,TICK,0,109995,0
1762011687044,BTC-PERPETUAL,TICK,0,110010,0
1762011687051,BTC-PERPETUAL,TICK,0,110010,0
1762011687093,BTC-PERPETUAL,TICK,0,109996,0
1762011687100,BTC-PERPETUAL,TICK,0,109996,0
1762011687149,BTC-PERPETUAL,TICK,0,110010,0
1762011687155,BTC-PERPETUAL,TICK,0,110010,0
1762011687204,BTC-PERPETUAL,TICK,0,109996,0
1762011687212,BTC-PERPETUAL,TICK,0,109996,0
1762011687255,BTC-PERPETUAL,TICK,0,110007,0
1762011687263,BTC-PERPETUAL,TICK,0,110007,0
1762011687301,BTC-PERPETUAL,TICK,0,109997,0
1762011687310,BTC-PERPETUAL,TICK,0,109997,0
1762011687349,BTC-PERPETUAL,TICK,0,110006,0
1762011687357,BTC-PERPETUAL,TICK,0,110006,0
1762011687405,BTC-PERPETUAL,TICK,0,109998,0
1762011687414,BTC-PERPETUAL,TICK,0,109998,0
1762011687455,BTC-PERPETUAL,TICK,0,110006,0
1762011687466,BTC-PERPETUAL,TICK,0,110006,0
1762011687505,BTC-PERPETUAL,TICK,0,109998,0
1762011687510,BTC-PERPETUAL,TICK,0,109998,0
1762011687545,BTC-PERPETUAL,TICK,0,110006,0
1762011687550,BTC-PERPETUAL,TICK,0,110006,0
1762011687581,BTC-PERPETUAL,TICK,0,109998,0
1762011687585,BTC-PERPETUAL,TICK,0,109998,0
1762011687616,BTC-PERPETUAL,TICK,0,110000,0
1762011687623,BTC-PERPETUAL,TICK,0,110000,0
1762011687663,BTC-PERPETUAL,TICK,0,109999,0
1762011687669,BTC-PERPETUAL,TICK,0,109999,0
1762011687702,BTC-PERPETUAL,TICK,0,110000,0
1762011687712,BTC-PERPETUAL,TICK,0,110000,0
1762011687761,BTC-PERPETUAL,TICK,0,110000,0
1762011687768,BTC-PERPETUAL,TICK,0,110000,0
1762011689128,ETH-PERPETUAL,TICK,0,3883.3,0
1762011689130,ETH-PERPETUAL,TICK,0,3883.3,0
1762011689157,ETH-PERPETUAL,TICK,0,3880.1,0
1762011689162,ETH-PERPETUAL,TICK,0,3880.1,0
1762011689184,ETH-PERPETUAL,TICK,0,3883.2,0
1762011689188,ETH-PERPETUAL,TICK,0,3883.2,0
1762011689213,ETH-PERPETUAL,TICK,0,3880.15,0
1762011689216,ETH-PERPETUAL,TICK,0,3880.15,0
1762011689244,ETH-PERPETUAL,TICK,0,3883.15,0
1762011689248,ETH-PERPETUAL,TICK,0,3883.15,0
1762011689275,ETH-PERPETUAL,TICK,0,3880.25,0
1762011689278,ETH-PERPETUAL,TICK,0,3880.25,0
1762011689304,ETH-PERPETUAL,TICK,0,3883.05,0
1762011689308,ETH-PERPETUAL,TICK,0,3883.05,0
1762011689336,ETH-PERPETUAL,TICK,0,3880.4,0
1762011689340,ETH-PERPETUAL,TICK,0,3880.4,0
1762011689367,ETH-PERPETUAL,TICK,0,3883,0
1762011689372,ETH-PERPETUAL,TICK,0,3883,0
1762011689399,ETH-PERPETUAL,TICK,0,3880.5,0
1762011689402,ETH-PERPETUAL,TICK,0,3880.5,0
1762011689433,ETH-PERPETUAL,TICK,0,3882.95,0
1762011689437,ETH-PERPETUAL,TICK,0,3882.95,0
1762011689469,ETH-PERPETUAL,TICK,0,3880.55,0
1762011689472,ETH-PERPETUAL,TICK,0,3880.55,0
1762011689510,ETH-PERPETUAL,TICK,0,3882.9,0
1762011689516,ETH-PERPETUAL,TICK,0,3882.9,0
1762011689552,ETH-PERPETUAL,TICK,0,3880.65,0
1762011689556,ETH-PERPETUAL,TICK,0,3880.65,0
1762011689591,ETH-PERPETUAL,TICK,0,3882.85,0
1762011689596,ETH-PERPETUAL,TICK,0,3882.85,0
1762011689628,ETH-PERPETUAL,TICK,0,3880.75,0
1762011689635,ETH-PERPETUAL,TICK,0,3880.75,0
1762011689685,ETH-PERPETUAL,TICK,0,3882.8,0
1762011689690,ETH-PERPETUAL,TICK,0,3882.8,0
1762011689724,ETH-PERPETUAL,TICK,0,3880.8,0
1762011689730,ETH-PERPETUAL,TICK,0,3880.8,0
1762011689763,ETH-PERPETUAL,TICK,0,3882.75,0
1762011689767,ETH-PERPETUAL,TICK,0,3882.75,0
1762011689800,ETH-PERPETUAL,TICK,0,3880.9,0
1762011689804,ETH-PERPETUAL,TICK,0,3880.9,0
1762011688175,ETH-PERPETUAL,TICK,0,3882.7,0
1762011688180,ETH-PERPETUAL,TICK,0,3882.7,0
1762011688210,ETH-PERPETUAL,TICK,0,3881,0
1762011688216,ETH-PERPETUAL,TICK,0,3881,0
1762011688247,ETH-PERPETUAL,TICK,0,3882.65,0
1762011688251,ETH-PERPETUAL,TICK,0,3882.65,0
1762011688283,ETH-PERPETUAL,TICK,0,3881.05,0
1762011688289,ETH-PERPETUAL,TICK,0,3881.05,0
1762011688317,ETH-PERPETUAL,TICK,0,3882.55,0
1762011688323,ETH-PERPETUAL,TICK,0,3882.55,0
1762011688355,ETH-PERPETUAL,TICK,0,3881.1,0
1762011688359,ETH-PERPETUAL,TICK,0,3881.1,0
1762011688399,ETH-PERPETUAL,TICK,0,3882.5,0
1762011688406,ETH-PERPETUAL,TICK,0,3882.5,0
1762011688442,ETH-PERPETUAL,TICK,0,3881.15,0
1762011688448,ETH-PERPETUAL,TICK,0,3881.15,0
1762011688481,ETH-PERPETUAL,TICK,0,3882.4,0
1762011688491,ETH-PERPETUAL,TICK,0,3882.4,0
1762011688527,ETH-PERPETUAL,TICK,0,3881.5,0
1762011688533,ETH-PERPETUAL,TICK,0,3881.5,0
1762011688569,ETH-PERPETUAL,TICK,0,3882.3,0
1762011688575,ETH-PERPETUAL,TICK,0,3882.3,0
1762011688605,ETH-PERPETUAL,TICK,0,3881.55,0
1762011688611,ETH-PERPETUAL,TICK,0,3881.55,0
1762011688648,ETH-PERPETUAL,TICK,0,3882.25,0
1762011688676,ETH-PERPETUAL,TICK,0,3882.25,0
1762011688692,ETH-PERPETUAL,TICK,0,3881.6,0
1762011688699,ETH-PERPETUAL,TICK,0,3881.6,0
1762011688734,ETH-PERPETUAL,TICK,0,3882.2,0
1762011688743,ETH-PERPETUAL,TICK,0,3882.2,0
1762011688780,ETH-PERPETUAL,TICK,0,3881.8,0
1762011688785,ETH-PERPETUAL,TICK,0,3881.8,0
1762011688831,ETH-PERPETUAL,TICK,0,3882,0
1762011688837,ETH-PERPETUAL,TICK,0,3882,0
1762011688880,ETH-PERPETUAL,TICK,0,3881.85,0
1762011688886,ETH-PERPETUAL,TICK,0,3881.85,0
1762011688932,ETH-PERPETUAL,TICK,0,3881.95,0
1762011688939,ETH-PERPETUAL,TICK,0,3881.95,0
1762011688994,ETH-PERPETUAL,TICK,0,3881.9,0
1762011689001,ETH-PERPETUAL,TICK,0,3881.9,0
1762011689069,BTC-PERPETUAL,TICK,0,110000,0
1762011689076,BTC-PERPETUAL,TICK,0,110000,0
1762011689130,BTC-PERPETUAL,TICK,0,110000,0
1762011689136,BTC-PERPETUAL,TICK,0,110000,0
1762011689197,BTC-PERPETUAL,TICK,0,110020,0
1762011689206,BTC-PERPETUAL,TICK,0,110020,0
1762011689253,BTC-PERPETUAL,TICK,0,109988,0
1762011689261,BTC-PERPETUAL,TICK,0,109988,0
1762011689307,BTC-PERPETUAL,TICK,0,110019,0
1762011689316,BTC-PERPETUAL,TICK,0,110019,0
1762011689367,BTC-PERPETUAL,TICK,0,109988,0
1762011689374,BTC-PERPETUAL,TICK,0,109988,0
1762011689442,BTC-PERPETUAL,TICK,0,110018,0
1762011689454,BTC-PERPETUAL,TICK,0,110018,0
1762011689524,BTC-PERPETUAL,TICK,0,109989,0
1762011689532,BTC-PERPETUAL,TICK,0,109989,0
1762011689583,BTC-PERPETUAL,TICK,0,110018,0
1762011689590,BTC-PERPETUAL,TICK,0,110018,0
1762011689647,BTC-PERPETUAL,TICK,0,109990,0
1762011689656,BTC-PERPETUAL,TICK,0,109990,0
1762011689710,BTC-PERPETUAL,TICK,0,110018,0
1762011689722,BTC-PERPETUAL,TICK,0,110018,0
1762011689771,BTC-PERPETUAL,TICK,0,109990,0
1762011689779,BTC-PERPETUAL,TICK,0,109990,0
1762011689830,BTC-PERPETUAL,TICK,0,110017,0
1762011689838,BTC-PERPETUAL,TICK,0,110017,0
1762011689893,BTC-PERPETUAL,TICK,0,109992,0
1762011689900,BTC-PERPETUAL,TICK,0,109992,0
1762011689942,BTC-PERPETUAL,TICK,0,110016,0
1762011689950,BTC-PERPETUAL,TICK,0,110016,0
1762011689990,BTC-PERPETUAL,TICK,0,109992,0
1762011689997,BTC-PERPETUAL,TICK,0,109992,0
1762011690039,BTC-PERPETUAL,TICK,0,110016,0
1762011690046,BTC-PERPETUAL,TICK,0,110016,0
1762011690088,BTC-PERPETUAL,TICK,0,109993,0
1762011690101,BTC-PERPETUAL,TICK,0,109993,0
1762011690144,BTC-PERPETUAL,TICK,0,110013,0
1762011690156,BTC-PERPETUAL,TICK,0,110013,0
1762011690201,BTC-PERPETUAL,TICK,0,109994,0
1762011690207,BTC-PERPETUAL,TICK,0,109994,0
1762011690242,BTC-PERPETUAL,TICK,0,110012,0
1762011690249,BTC-PERPETUAL,TICK,0,110012,0
1762011690295,BTC-PERPETUAL,TICK,0,109995,0
1762011690300,BTC-PERPETUAL,TICK,0,109995,0
1762011690338,BTC-PERPETUAL,TICK,0,110012,0
1762011690343,BTC-PERPETUAL,TICK,0,110012,0
1762011690379,BTC-PERPETUAL,TICK,0,109996,0
1762011690386,BTC-PERPETUAL,TICK,0,109996,0
1762011690419,BTC-PERPETUAL,TICK,0,110010,0
1762011690424,BTC-PERPETUAL,TICK,0,110010,0
1762011690465,BTC-PERPETUAL,TICK,0,109996,0
1762011690471,BTC-PERPETUAL,TICK,0,109996,0
1762011690517,BTC-PERPETUAL,TICK,0,110010,0
1762011690521,BTC-PERPETUAL,TICK,0,110010,0
1762011690557,BTC-PERPETUAL,TICK,0,109996,0
1762011690563,BTC-PERPETUAL,TICK,0,109996,0
1762011690601,BTC-PERPETUAL,TICK,0,110008,0
1762011690606,BTC-PERPETUAL,TICK,0,110008,0
1762011690644,BTC-PERPETUAL,TICK,0,109997,0
1762011690649,BTC-PERPETUAL,TICK,0,109997,0
1762011690698,BTC-PERPETUAL,TICK,0,110007,0
1762011690704,BTC-PERPETUAL,TICK,0,110007,0
1762011690750,BTC-PERPETUAL,TICK,0,109998,0
1762011690758,BTC-PERPETUAL,TICK,0,109998,0
1762011690797,BTC-PERPETUAL,TICK,0,110006,0
1762011690805,BTC-PERPETUAL,TICK,0,110006,0
1762011690842,BTC-PERPETUAL,TICK,0,109998,0
1762011690847,BTC-PERPETUAL,TICK,0,109998,0
1762011690896,BTC-PERPETUAL,TICK,0,110002,0
1762011690901,BTC-PERPETUAL,TICK,0,110002,0
1762011690944,BTC-PERPETUAL,TICK,0,109998,0
1762011690951,BTC-PERPETUAL,TICK,0,109998,0
1762011690992,BTC-PERPETUAL,TICK,0,110002,0
1762011690999,BTC-PERPETUAL,TICK,0,110002,0
1762011691037,BTC-PERPETUAL,TICK,0,109999,0
1762011691046,BTC-PERPETUAL,TICK,0,109999,0
1762011691085,BTC-PERPETUAL,TICK,0,110000,0
1762011691089,BTC-PERPETUAL,TICK,0,110000,0
1762011691121,BTC-PERPETUAL,TICK,0,110000,0
1762011691127,BTC-PERPETUAL,TICK,0,110000,0
1762011692738,ETH-PERPETUAL,TICK,0,3883.15,0
1762011692742,ETH-PERPETUAL,TICK,0,3883.15,0
1762011692798,ETH-PERPETUAL,TICK,0,3880,0
1762011692804,ETH-PERPETUAL,TICK,0,3880,0
1762011692840,ETH-PERPETUAL,TICK,0,3883.1,0
1762011692847,ETH-PERPETUAL,TICK,0,3883.1,0
1762011692884,ETH-PERPETUAL,TICK,0,3880.1,0
1762011692891,ETH-PERPETUAL,TICK,0,3880.1,0
1762011692938,ETH-PERPETUAL,TICK,0,3883.05,0
1762011692942,ETH-PERPETUAL,TICK,0,3883.05,0
1762011692984,ETH-PERPETUAL,TICK,0,3880.15,0
1762011692991,ETH-PERPETUAL,TICK,0,3880.15,0
1762011693025,ETH-PERPETUAL,TICK,0,3882.9,0
1762011693031,ETH-PERPETUAL,TICK,0,3882.9,0
1762011693069,ETH-PERPETUAL,TICK,0,3880.2,0
1762011693072,ETH-PERPETUAL,TICK,0,3880.2,0
1762011693109,ETH-PERPETUAL,TICK,0,3882.75,0
1762011693114,ETH-PERPETUAL,TICK,0,3882.75,0
1762011693153,ETH-PERPETUAL,TICK,0,3880.25,0
1762011693159,ETH-PERPETUAL,TICK,0,3880.25,0
1762011693194,ETH-PERPETUAL,TICK,0,3882.7,0
1762011693199,ETH-PERPETUAL,TICK,0,3882.7,0
1762011693243,ETH-PERPETUAL,TICK,0,3880.3,0
1762011693251,ETH-PERPETUAL,TICK,0,3880.3,0
1762011693300,ETH-PERPETUAL,TICK,0,3882.6,0
1762011693309,ETH-PERPETUAL,TICK,0,3882.6,0
1762011693354,ETH-PERPETUAL,TICK,0,3880.35,0
1762011693363,ETH-PERPETUAL,TICK,0,3880.35,0
1762011693421,ETH-PERPETUAL,TICK,0,3882.5,0
1762011693428,ETH-PERPETUAL,TICK,0,3882.5,0
1762011693462,ETH-PERPETUAL,TICK,0,3880.4,0
1762011693469,ETH-PERPETUAL,TICK,0,3880.4,0
1762011693517,ETH-PERPETUAL,TICK,0,3882.45,0
1762011693525,ETH-PERPETUAL,TICK,0,3882.45,0
1762011693572,ETH-PERPETUAL,TICK,0,3880.5,0
1762011693580,ETH-PERPETUAL,TICK,0,3880.5,0
1762011693623,ETH-PERPETUAL,TICK,0,3882.4,0
1762011693628,ETH-PERPETUAL,TICK,0,3882.4,0
1762011693661,ETH-PERPETUAL,TICK,0,3880.55,0
1762011693668,ETH-PERPETUAL,TICK,0,3880.55,0
1762011693707,ETH-PERPETUAL,TICK,0,3882.35,0
1762011693712,ETH-PERPETUAL,TICK,0,3882.35,0
1762011693747,ETH-PERPETUAL,TICK,0,3880.6,0
1762011693753,ETH-PERPETUAL,TICK,0,3880.6,0
1762011693790,ETH-PERPETUAL,TICK,0,3882.25,0
1762011693799,ETH-PERPETUAL,TICK,0,3882.25,0
1762011693836,ETH-PERPETUAL,TICK,0,3880.65,0
1762011693844,ETH-PERPETUAL,TICK,0,3880.65,0
1762011693884,ETH-PERPETUAL,TICK,0,3882.2,0
1762011693895,ETH-PERPETUAL,TICK,0,3882.2,0
1762011693938,ETH-PERPETUAL,TICK,0,3880.75,0
1762011693944,ETH-PERPETUAL,TICK,0,3880.75,0
1762011693989,ETH-PERPETUAL,TICK,0,3882.15,0
1762011693995,ETH-PERPETUAL,TICK,0,3882.15,0
1762011694035,ETH-PERPETUAL,TICK,0,3880.8,0
1762011694042,ETH-PERPETUAL,TICK,0,3880.8,0
1762011694085,ETH-PERPETUAL,TICK,0,3882.05,0
1762011694091,ETH-PERPETUAL,TICK,0,3882.05,0
1762011694126,ETH-PERPETUAL,TICK,0,3881,0
1762011694135,ETH-PERPETUAL,TICK,0,3881,0
1762011694177,ETH-PERPETUAL,TICK,0,3882,0
1762011694185,ETH-PERPETUAL,TICK,0,3882,0
1762011694231,ETH-PERPETUAL,TICK,0,3881.05,0
1762011694235,ETH-PERPETUAL,TICK,0,3881.05,0
1762011694278,ETH-PERPETUAL,TICK,0,3881.85,0
1762011694285,ETH-PERPETUAL,TICK,0,3881.85,0
1762011694318,ETH-PERPETUAL,TICK,0,3881.1,0
1762011694323,ETH-PERPETUAL,TICK,0,3881.1,0
1762011694362,ETH-PERPETUAL,TICK,0,3881.8,0
1762011694369,ETH-PERPETUAL,TICK,0,3881.8,0
1762011694402,ETH-PERPETUAL,TICK,0,3881.15,0
1762011694407,ETH-PERPETUAL,TICK,0,3881.15,0
1762011694444,ETH-PERPETUAL,TICK,0,3881.6,0
1762011694452,ETH-PERPETUAL,TICK,0,3881.6,0
1762011694493,ETH-PERPETUAL,TICK,0,3881.25,0
1762011694502,ETH-PERPETUAL,TICK,0,3881.25,0
1762011694536,ETH-PERPETUAL,TICK,0,3881.4,0
1762011694542,ETH-PERPETUAL,TICK,0,3881.4,0
1762011694578,ETH-PERPETUAL,TICK,0,3881.35,0
1762011694584,ETH-PERPETUAL,TICK,0,3881.35,0
1762011694622,BTC-PERPETUAL,TICK,0,110000,0
1762011694628,BTC-PERPETUAL,TICK,0,110000,0
1762011694665,BTC-PERPETUAL,TICK,0,110000,0
1762011694670,BTC-PERPETUAL,TICK,0,110000,0
1762011694726,BTC-PERPETUAL,TICK,0,110022,0
1762011694733,BTC-PERPETUAL,TICK,0,110022,0
1762011694779,BTC-PERPETUAL,TICK,0,109988,0
1762011694786,BTC-PERPETUAL,TICK,0,109988,0
1762011694833,BTC-PERPETUAL,TICK,0,110021,0
1762011694842,BTC-PERPETUAL,TICK,0,110021,0
1762011694884,BTC-PERPETUAL,TICK,0,109988,0
1762011694893,BTC-PERPETUAL,TICK,0,109988,0
1762011694936,BTC-PERPETUAL,TICK,0,110020,0
1762011694945,BTC-PERPETUAL,TICK,0,110020,0
1762011694982,BTC-PERPETUAL,TICK,0,109989,0
1762011694986,BTC-PERPETUAL,TICK,0,109989,0
1762011695035,BTC-PERPETUAL,TICK,0,110020,0
1762011695039,BTC-PERPETUAL,TICK,0,110020,0
1762011695081,BTC-PERPETUAL,TICK,0,109990,0
1762011695087,BTC-PERPETUAL,TICK,0,109990,0
1762011695128,BTC-PERPETUAL,TICK,0,110019,0
1762011695135,BTC-PERPETUAL,TICK,0,110019,0
1762011695189,BTC-PERPETUAL,TICK,0,109990,0
1762011695195,BTC-PERPETUAL,TICK,0,109990,0
1762011695228,BTC-PERPETUAL,TICK,0,110018,0
1762011695231,BTC-PERPETUAL,TICK,0,110018,0
1762011695269,BTC-PERPETUAL,TICK,0,109992,0
1762011695272,BTC-PERPETUAL,TICK,0,109992,0
1762011695311,BTC-PERPETUAL,TICK,0,110018,0
1762011695316,BTC-PERPETUAL,TICK,0,110018,0
1762011695355,BTC-PERPETUAL,TICK,0,109992,0
1762011695360,BTC-PERPETUAL,TICK,0,109992,0
1762011695406,BTC-PERPETUAL,TICK,0,110018,0
1762011695411,BTC-PERPETUAL,TICK,0,110018,0
1762011695458,BTC-PERPETUAL,TICK,0,109993,0
1762011695461,BTC-PERPETUAL,TICK,0,109993,0
1762011695508,BTC-PERPETUAL,TICK,0,110017,0
1762011695515,BTC-PERPETUAL,TICK,0,110017,0
1762011695567,BTC-PERPETUAL,TICK,0,109994,0
1762011695574,BTC-PERPETUAL,TICK,0,109994,0
1762011695618,BTC-PERPETUAL,TICK,0,110016,0
1762011695623,BTC-PERPETUAL,TICK,0,110016,0
1762011695670,BTC-PERPETUAL,TICK,0,109995,0
1762011695678,BTC-PERPETUAL,TICK,0,109995,0
1762011695722,BTC-PERPETUAL,TICK,0,110016,0
1762011695727,BTC-PERPETUAL,TICK,0,110016,0
1762011695773,BTC-PERPETUAL,TICK,0,109996,0
1762011695777,BTC-PERPETUAL,TICK,0,109996,0
1762011695817,BTC-PERPETUAL,TICK,0,110013,0
1762011695822,BTC-PERPETUAL,TICK,0,110013,0
1762011695867,BTC-PERPETUAL,TICK,0,109996,0
1762011695874,BTC-PERPETUAL,TICK,0,109996,0
1762011695918,BTC-PERPETUAL,TICK,0,110012,0
1762011695924,BTC-PERPETUAL,TICK,0,110012,0
1762011695969,BTC-PERPETUAL,TICK,0,109996,0
1762011695983,BTC-PERPETUAL,TICK,0,109996,0
1762011696032,BTC-PERPETUAL,TICK,0,110010,0
1762011696042,BTC-PERPETUAL,TICK,0,110010,0
1762011696089,BTC-PERPETUAL,TICK,0,109997,0
1762011696096,BTC-PERPETUAL,TICK,0,109997,0
1762011696145,BTC-PERPETUAL,TICK,0,110010,0
1762011696150,BTC-PERPETUAL,TICK,0,110010,0
1762011696186,BTC-PERPETUAL,TICK,0,109998,0
1762011696190,BTC-PERPETUAL,TICK,0,109998,0
1762011696239,BTC-PERPETUAL,TICK,0,110006,0
1762011696244,BTC-PERPETUAL,TICK,0,110006,0
1762011696286,BTC-PERPETUAL,TICK,0,109998,0
1762011696291,BTC-PERPETUAL,TICK,0,109998,0
1762011696325,BTC-PERPETUAL,TICK,0,110006,0
1762011696330,BTC-PERPETUAL,TICK,0,110006,0
1762011696366,BTC-PERPETUAL,TICK,0,109998,0
1762011696370,BTC-PERPETUAL,TICK,0,109998,0
1762011696407,BTC-PERPETUAL,TICK,0,110006,0
1762011696412,BTC-PERPETUAL,TICK,0,110006,0
1762011696453,BTC-PERPETUAL,TICK,0,109999,0
1762011696459,BTC-PERPETUAL,TICK,0,109999,0
1762011696496,BTC-PERPETUAL,TICK,0,110000,0
1762011696504,BTC-PERPETUAL,TICK,0,110000,0
1762011696539,BTC-PERPETUAL,TICK,0,110000,0
1762011696547,BTC-PERPETUAL,TICK,0,110000,0
1762011698007,ETH-PERPETUAL,TICK,0,3884.15,0
1762011698013,ETH-PERPETUAL,TICK,0,3884.15,0
1762011698050,ETH-PERPETUAL,TICK,0,3880.8,0
1762011698054,ETH-PERPETUAL,TICK,0,3880.8,0
1762011698080,ETH-PERPETUAL,TICK,0,3884.1,0
1762011698084,ETH-PERPETUAL,TICK,0,3884.1,0
1762011698111,ETH-PERPETUAL,TICK,0,3880.85,0
1762011698114,ETH-PERPETUAL,TICK,0,3880.85,0
1762011698146,ETH-PERPETUAL,TICK,0,3884.05,0
1762011698149,ETH-PERPETUAL,TICK,0,3884.05,0
1762011698181,ETH-PERPETUAL,TICK,0,3880.9,0
1762011698187,ETH-PERPETUAL,TICK,0,3880.9,0
1762011698219,ETH-PERPETUAL,TICK,0,3884,0
1762011698225,ETH-PERPETUAL,TICK,0,3884,0
1762011698256,ETH-PERPETUAL,TICK,0,3881,0
1762011698263,ETH-PERPETUAL,TICK,0,3881,0
1762011698301,ETH-PERPETUAL,TICK,0,3883.9,0
1762011698327,ETH-PERPETUAL,TICK,0,3883.9,0
1762011698384,ETH-PERPETUAL,TICK,0,3881.05,0
1762011698390,ETH-PERPETUAL,TICK,0,3881.05,0
1762011698438,ETH-PERPETUAL,TICK,0,3883.85,0
1762011698442,ETH-PERPETUAL,TICK,0,3883.85,0
1762011698487,ETH-PERPETUAL,TICK,0,3881.1,0
1762011698496,ETH-PERPETUAL,TICK,0,3881.1,0
1762011698542,ETH-PERPETUAL,TICK,0,3883.8,0
1762011698556,ETH-PERPETUAL,TICK,0,3883.8,0
1762011698609,ETH-PERPETUAL,TICK,0,3881.25,0
1762011698616,ETH-PERPETUAL,TICK,0,3881.25,0
1762011698661,ETH-PERPETUAL,TICK,0,3883.7,0
1762011698667,ETH-PERPETUAL,TICK,0,3883.7,0
1762011698711,ETH-PERPETUAL,TICK,0,3881.3,0
1762011698718,ETH-PERPETUAL,TICK,0,3881.3,0
1762011698758,ETH-PERPETUAL,TICK,0,3883.65,0
1762011698765,ETH-PERPETUAL,TICK,0,3883.65,0
1762011698807,ETH-PERPETUAL,TICK,0,3881.35,0
1762011698813,ETH-PERPETUAL,TICK,0,3881.35,0
1762011698861,ETH-PERPETUAL,TICK,0,3883.5,0
1762011698868,ETH-PERPETUAL,TICK,0,3883.5,0
1762011698923,ETH-PERPETUAL,TICK,0,3881.4,0
1762011698930,ETH-PERPETUAL,TICK,0,3881.4,0
1762011698988,ETH-PERPETUAL,TICK,0,3883.45,0
1762011698997,ETH-PERPETUAL,TICK,0,3883.45,0
1762011699049,ETH-PERPETUAL,TICK,0,3881.55,0
1762011699057,ETH-PERPETUAL,TICK,0,3881.55,0
1762011699109,ETH-PERPETUAL,TICK,0,3883.4,0
1762011699116,ETH-PERPETUAL,TICK,0,3883.4,0
1762011699176,ETH-PERPETUAL,TICK,0,3881.65,0
1762011699184,ETH-PERPETUAL,TICK,0,3881.65,0
1762011699244,ETH-PERPETUAL,TICK,0,3883.3,0
1762011699252,ETH-PERPETUAL,TICK,0,3883.3,0
1762011699305,ETH-PERPETUAL,TICK,0,3881.75,0
1762011699315,ETH-PERPETUAL,TICK,0,3881.75,0
1762011699361,ETH-PERPETUAL,TICK,0,3883.25,0
1762011699369,ETH-PERPETUAL,TICK,0,3883.25,0
1762011699421,ETH-PERPETUAL,TICK,0,3881.8,0
1762011699428,ETH-PERPETUAL,TICK,0,3881.8,0
1762011699475,ETH-PERPETUAL,TICK,0,3883.2,0
1762011699482,ETH-PERPETUAL,TICK,0,3883.2,0
1762011699526,ETH-PERPETUAL,TICK,0,3881.9,0
1762011699536,ETH-PERPETUAL,TICK,0,3881.9,0
1762011699579,ETH-PERPETUAL,TICK,0,3883,0
1762011699587,ETH-PERPETUAL,TICK,0,3883,0
1762011699633,ETH-PERPETUAL,TICK,0,3882.1,0
1762011699640,ETH-PERPETUAL,TICK,0,3882.1,0
1762011699685,ETH-PERPETUAL,TICK,0,3882.9,0
1762011699692,ETH-PERPETUAL,TICK,0,3882.9,0
1762011699741,ETH-PERPETUAL,TICK,0,3882.15,0
1762011699750,ETH-PERPETUAL,TICK,0,3882.15,0
1762011699796,ETH-PERPETUAL,TICK,0,3882.85,0
1762011699800,ETH-PERPETUAL,TICK,0,3882.85,0
1762011699857,ETH-PERPETUAL,TICK,0,3882.25,0
1762011699865,ETH-PERPETUAL,TICK,0,3882.25,0
1762011699920,ETH-PERPETUAL,TICK,0,3882.8,0
1762011699933,ETH-PERPETUAL,TICK,0,3882.8,0
1762011699982,ETH-PERPETUAL,TICK,0,3882.3,0
1762011699988,ETH-PERPETUAL,TICK,0,3882.3,0
1762011700039,ETH-PERPETUAL,TICK,0,3882.5,0
1762011700049,ETH-PERPETUAL,TICK,0,3882.5,0
1762011700107,ETH-PERPETUAL,TICK,0,3882.4,0
1762011700116,ETH-PERPETUAL,TICK,0,3882.4,0
1762011700175,BTC-PERPETUAL,TICK,0,110000,0
1762011700186,BTC-PERPETUAL,TICK,0,110000,0
1762011700240,BTC-PERPETUAL,TICK,0,110000,0
1762011700246,BTC-PERPETUAL,TICK,0,110000,0
1762011700300,BTC-PERPETUAL,TICK,0,110040,0
1762011700310,BTC-PERPETUAL,TICK,0,110040,0
1762011700367,BTC-PERPETUAL,TICK,0,109992,0
1762011700374,BTC-PERPETUAL,TICK,0,109992,0
1762011700429,BTC-PERPETUAL,TICK,0,110038,0
1762011700439,BTC-PERPETUAL,TICK,0,110038,0
1762011700485,BTC-PERPETUAL,TICK,0,109994,0
1762011700494,BTC-PERPETUAL,TICK,0,109994,0
1762011700543,BTC-PERPETUAL,TICK,0,110038,0
1762011700550,BTC-PERPETUAL,TICK,0,110038,0
1762011700593,BTC-PERPETUAL,TICK,0,109994,0
1762011700600,BTC-PERPETUAL,TICK,0,109994,0
1762011700648,BTC-PERPETUAL,TICK,0,110038,0
1762011700654,BTC-PERPETUAL,TICK,0,110038,0
1762011700716,BTC-PERPETUAL,TICK,0,109996,0
1762011700722,BTC-PERPETUAL,TICK,0,109996,0
1762011700761,BTC-PERPETUAL,TICK,0,110037,0
1762011700768,BTC-PERPETUAL,TICK,0,110037,0
1762011700824,BTC-PERPETUAL,TICK,0,109997,0
1762011700833,BTC-PERPETUAL,TICK,0,109997,0
1762011700883,BTC-PERPETUAL,TICK,0,110036,0
1762011700892,BTC-PERPETUAL,TICK,0,110036,0
1762011700950,BTC-PERPETUAL,TICK,0,109998,0
1762011700958,BTC-PERPETUAL,TICK,0,109998,0
1762011701014,BTC-PERPETUAL,TICK,0,110036,0
1762011701022,BTC-PERPETUAL,TICK,0,110036,0
1762011701091,BTC-PERPETUAL,TICK,0,110000,0
1762011701099,BTC-PERPETUAL,TICK,0,110000,0
1762011701171,BTC-PERPETUAL,TICK,0,110034,0
1762011701182,BTC-PERPETUAL,TICK,0,110034,0
1762011701256,BTC-PERPETUAL,TICK,0,110000,0
1762011701265,BTC-PERPETUAL,TICK,0,110000,0
1762011701274,BTC-PERPETUAL,TICK,0,110000,0
1762011701281,BTC-PERPETUAL,TICK,0,110000,0
1762011701328,BTC-PERPETUAL,TICK,0,110034,0
1762011701339,BTC-PERPETUAL,TICK,0,110034,0
1762011701394,BTC-PERPETUAL,TICK,0,110000,0
1762011701402,BTC-PERPETUAL,TICK,0,110000,0
1762011701454,BTC-PERPETUAL,TICK,0,110000,0
1762011701462,BTC-PERPETUAL,TICK,0,110000,0
1762011701514,BTC-PERPETUAL,TICK,0,110034,0
1762011701520,BTC-PERPETUAL,TICK,0,110034,0
1762011701572,BTC-PERPETUAL,TICK,0,110001,0
1762011701581,BTC-PERPETUAL,TICK,0,110001,0
1762011701633,BTC-PERPETUAL,TICK,0,110033,0
1762011701639,BTC-PERPETUAL,TICK,0,110033,0
1762011701685,BTC-PERPETUAL,TICK,0,110004,0
1762011701692,BTC-PERPETUAL,TICK,0,110004,0
1762011701739,BTC-PERPETUAL,TICK,0,110031,0
1762011701747,BTC-PERPETUAL,TICK,0,110031,0
1762011701789,BTC-PERPETUAL,TICK,0,110006,0
1762011701794,BTC-PERPETUAL,TICK,0,110006,0
1762011701841,BTC-PERPETUAL,TICK,0,110030,0
1762011701846,BTC-PERPETUAL,TICK,0,110030,0
1762011701887,BTC-PERPETUAL,TICK,0,110007,0
1762011701895,BTC-PERPETUAL,TICK,0,110007,0
1762011701939,BTC-PERPETUAL,TICK,0,110030,0
1762011701948,BTC-PERPETUAL,TICK,0,110030,0
1762011702005,BTC-PERPETUAL,TICK,0,110008,0
1762011702012,BTC-PERPETUAL,TICK,0,110008,0
1762011702052,BTC-PERPETUAL,TICK,0,110028,0
1762011702057,BTC-PERPETUAL,TICK,0,110028,0
1762011702093,BTC-PERPETUAL,TICK,0,110008,0
1762011702099,BTC-PERPETUAL,TICK,0,110008,0
1762011702138,BTC-PERPETUAL,TICK,0,110027,0
1762011702144,BTC-PERPETUAL,TICK,0,110027,0
1762011702177,BTC-PERPETUAL,TICK,0,110008,0
1762011702183,BTC-PERPETUAL,TICK,0,110008,0
1762011702220,BTC-PERPETUAL,TICK,0,110026,0
1762011702226,BTC-PERPETUAL,TICK,0,110026,0
1762011702268,BTC-PERPETUAL,TICK,0,110009,0
1762011702275,BTC-PERPETUAL,TICK,0,110009,0
1762011702315,BTC-PERPETUAL,TICK,0,110012,0
1762011702320,BTC-PERPETUAL,TICK,0,110012,0
1762011702361,BTC-PERPETUAL,TICK,0,110010,0
1762011702368,BTC-PERPETUAL,TICK,0,110010,0
1762011702407,BTC-PERPETUAL,TICK,0,110010,0
1762011702413,BTC-PERPETUAL,TICK,0,110010,0
1762011702461,BTC-PERPETUAL,TICK,0,110010,0
1762011702469,BTC-PERPETUAL,TICK,0,110010,0
1762011702518,BTC-PERPETUAL,TICK,0,110010,0
1762011702527,BTC-PERPETUAL,TICK,0,110010,0
1762011703274,ETH-PERPETUAL,TICK,0,3883.65,0
1762011703279,ETH-PERPETUAL,TICK,0,3883.65,0
1762011703318,ETH-PERPETUAL,TICK,0,3880.65,0
1762011703322,ETH-PERPETUAL,TICK,0,3880.65,0
1762011703352,ETH-PERPETUAL,TICK,0,3883.5,0
1762011703355,ETH-PERPETUAL,TICK,0,3883.5,0
1762011703389,ETH-PERPETUAL,TICK,0,3880.8,0
1762011703395,ETH-PERPETUAL,TICK,0,3880.8,0
1762011703431,ETH-PERPETUAL,TICK,0,3883.45,0
1762011703435,ETH-PERPETUAL,TICK,0,3883.45,0
1762011703469,ETH-PERPETUAL,TICK,0,3880.9,0
1762011703477,ETH-PERPETUAL,TICK,0,3880.9,0
1762011703513,ETH-PERPETUAL,TICK,0,3883.3,0
1762011703520,ETH-PERPETUAL,TICK,0,3883.3,0
1762011703557,ETH-PERPETUAL,TICK,0,3881,0
1762011703562,ETH-PERPETUAL,TICK,0,3881,0
1762011703595,ETH-PERPETUAL,TICK,0,3883.25,0
1762011703601,ETH-PERPETUAL,TICK,0,3883.25,0
1762011703635,ETH-PERPETUAL,TICK,0,3881.05,0
1762011703641,ETH-PERPETUAL,TICK,0,3881.05,0
1762011703676,ETH-PERPETUAL,TICK,0,3883.2,0
1762011703682,ETH-PERPETUAL,TICK,0,3883.2,0
1762011703724,ETH-PERPETUAL,TICK,0,3881.1,0
1762011703732,ETH-PERPETUAL,TICK,0,3881.1,0
1762011703768,ETH-PERPETUAL,TICK,0,3883.15,0
1762011703774,ETH-PERPETUAL,TICK,0,3883.15,0
1762011703815,ETH-PERPETUAL,TICK,0,3881.15,0
1762011703822,ETH-PERPETUAL,TICK,0,3881.15,0
1762011703876,ETH-PERPETUAL,TICK,0,3883,0
1762011703886,ETH-PERPETUAL,TICK,0,3883,0
1762011703928,ETH-PERPETUAL,TICK,0,3881.25,0
1762011703932,ETH-PERPETUAL,TICK,0,3881.25,0
1762011703969,ETH-PERPETUAL,TICK,0,3882.9,0
1762011703973,ETH-PERPETUAL,TICK,0,3882.9,0
1762011704013,ETH-PERPETUAL,TICK,0,3881.3,0
1762011704019,ETH-PERPETUAL,TICK,0,3881.3,0
1762011704050,ETH-PERPETUAL,TICK,0,3882.8,0
1762011704055,ETH-PERPETUAL,TICK,0,3882.8,0
1762011704099,ETH-PERPETUAL,TICK,0,3881.35,0
1762011704107,ETH-PERPETUAL,TICK,0,3881.35,0
1762011704149,ETH-PERPETUAL,TICK,0,3882.75,0
1762011704155,ETH-PERPETUAL,TICK,0,3882.75,0
1762011704187,ETH-PERPETUAL,TICK,0,3881.4,0
1762011704193,ETH-PERPETUAL,TICK,0,3881.4,0
1762011704232,ETH-PERPETUAL,TICK,0,3882.7,0
1762011704237,ETH-PERPETUAL,TICK,0,3882.7,0
1762011704287,ETH-PERPETUAL,TICK,0,3881.5,0
1762011704292,ETH-PERPETUAL,TICK,0,3881.5,0
1762011704334,ETH-PERPETUAL,TICK,0,3882.65,0
1762011704339,ETH-PERPETUAL,TICK,0,3882.65,0
1762011704376,ETH-PERPETUAL,TICK,0,3881.6,0
1762011704383,ETH-PERPETUAL,TICK,0,3881.6,0
1762011704420,ETH-PERPETUAL,TICK,0,3882.6,0
1762011704424,ETH-PERPETUAL,TICK,0,3882.6,0
1762011704468,ETH-PERPETUAL,TICK,0,3881.65,0
1762011704475,ETH-PERPETUAL,TICK,0,3881.65,0
1762011704510,ETH-PERPETUAL,TICK,0,3882.5,0
1762011704513,ETH-PERPETUAL,TICK,0,3882.5,0
1762011704550,ETH-PERPETUAL,TICK,0,3881.75,0
1762011704554,ETH-PERPETUAL,TICK,0,3881.75,0
1762011704589,ETH-PERPETUAL,TICK,0,3882.45,0
1762011704594,ETH-PERPETUAL,TICK,0,3882.45,0
1762011704622,ETH-PERPETUAL,TICK,0,3881.8,0
1762011704626,ETH-PERPETUAL,TICK,0,3881.8,0
1762011704661,ETH-PERPETUAL,TICK,0,3882.4,0
1762011704667,ETH-PERPETUAL,TICK,0,3882.4,0
1762011704698,ETH-PERPETUAL,TICK,0,3881.85,0
1762011704703,ETH-PERPETUAL,TICK,0,3881.85,0
1762011704734,ETH-PERPETUAL,TICK,0,3882.35,0
1762011704740,ETH-PERPETUAL,TICK,0,3882.35,0
1762011704778,ETH-PERPETUAL,TICK,0,3881.9,0
1762011704783,ETH-PERPETUAL,TICK,0,3881.9,0
1762011704826,ETH-PERPETUAL,TICK,0,3882.2,0
1762011704831,ETH-PERPETUAL,TICK,0,3882.2,0
1762011704862,ETH-PERPETUAL,TICK,0,3882,0
1762011704867,ETH-PERPETUAL,TICK,0,3882,0
1762011704899,ETH-PERPETUAL,TICK,0,3882.1,0
1762011704904,ETH-PERPETUAL,TICK,0,3882.1,0
1762011704949,ETH-PERPETUAL,TICK,0,3882.05,0
1762011704954,ETH-PERPETUAL,TICK,0,3882.05,0
1762011704989,BTC-PERPETUAL,TICK,0,110038,0
1762011704995,BTC-PERPETUAL,TICK,0,110038,0
1762011705034,BTC-PERPETUAL,TICK,0,110010,0
1762011705039,BTC-PERPETUAL,TICK,0,110010,0
1762011705074,BTC-PERPETUAL,TICK,0,110037,0
1762011705080,BTC-PERPETUAL,TICK,0,110037,0
1762011705119,BTC-PERPETUAL,TICK,0,109990,0
1762011705124,BTC-PERPETUAL,TICK,0,109990,0
1762011705155,BTC-PERPETUAL,TICK,0,110036,0
1762011705162,BTC-PERPETUAL,TICK,0,110036,0
1762011705201,BTC-PERPETUAL,TICK,0,109992,0
1762011705211,BTC-PERPETUAL,TICK,0,109992,0
1762011705247,BTC-PERPETUAL,TICK,0,110035,0
1762011705251,BTC-PERPETUAL,TICK,0,110035,0
1762011705292,BTC-PERPETUAL,TICK,0,109994,0
1762011705302,BTC-PERPETUAL,TICK,0,109994,0
1762011705364,BTC-PERPETUAL,TICK,0,110034,0
1762011705378,BTC-PERPETUAL,TICK,0,110034,0
1762011705417,BTC-PERPETUAL,TICK,0,109994,0
1762011705424,BTC-PERPETUAL,TICK,0,109994,0
1762011705470,BTC-PERPETUAL,TICK,0,110010,0
1762011705476,BTC-PERPETUAL,TICK,0,110010,0
1762011705522,BTC-PERPETUAL,TICK,0,110034,0
1762011705531,BTC-PERPETUAL,TICK,0,110034,0
1762011705570,BTC-PERPETUAL,TICK,0,109995,0
1762011705576,BTC-PERPETUAL,TICK,0,109995,0
1762011705613,BTC-PERPETUAL,TICK,0,110034,0
1762011705618,BTC-PERPETUAL,TICK,0,110034,0
1762011705652,BTC-PERPETUAL,TICK,0,109996,0
1762011705656,BTC-PERPETUAL,TICK,0,109996,0
1762011705691,BTC-PERPETUAL,TICK,0,110033,0
1762011705697,BTC-PERPETUAL,TICK,0,110033,0
1762011705726,BTC-PERPETUAL,TICK,0,109996,0
1762011705731,BTC-PERPETUAL,TICK,0,109996,0
1762011705765,BTC-PERPETUAL,TICK,0,110032,0
1762011705772,BTC-PERPETUAL,TICK,0,110032,0
1762011705810,BTC-PERPETUAL,TICK,0,110000,0
1762011705818,BTC-PERPETUAL,TICK,0,110000,0
1762011705852,BTC-PERPETUAL,TICK,0,110031,0
1762011705858,BTC-PERPETUAL,TICK,0,110031,0
1762011705891,BTC-PERPETUAL,TICK,0,110000,0
1762011705897,BTC-PERPETUAL,TICK,0,110000,0
1762011705929,BTC-PERPETUAL,TICK,0,110030,0
1762011705934,BTC-PERPETUAL,TICK,0,110030,0
1762011705971,BTC-PERPETUAL,TICK,0,110001,0
1762011705976,BTC-PERPETUAL,TICK,0,110001,0
1762011706013,BTC-PERPETUAL,TICK,0,110030,0
1762011706017,BTC-PERPETUAL,TICK,0,110030,0
1762011706055,BTC-PERPETUAL,TICK,0,110006,0
1762011706061,BTC-PERPETUAL,TICK,0,110006,0
1762011706098,BTC-PERPETUAL,TICK,0,110030,0
1762011706102,BTC-PERPETUAL,TICK,0,110030,0
1762011706147,BTC-PERPETUAL,TICK,0,110006,0
1762011706158,BTC-PERPETUAL,TICK,0,110006,0
1762011706211,BTC-PERPETUAL,TICK,0,110028,0
1762011706222,BTC-PERPETUAL,TICK,0,110028,0
1762011706268,BTC-PERPETUAL,TICK,0,110007,0
1762011706275,BTC-PERPETUAL,TICK,0,110007,0
1762011706315,BTC-PERPETUAL,TICK,0,110027,0
1762011706320,BTC-PERPETUAL,TICK,0,110027,0
1762011706359,BTC-PERPETUAL,TICK,0,110008,0
1762011706365,BTC-PERPETUAL,TICK,0,110008,0
1762011706408,BTC-PERPETUAL,TICK,0,110026,0
1762011706416,BTC-PERPETUAL,TICK,0,110026,0
1762011706457,BTC-PERPETUAL,TICK,0,110026,0
1762011706464,BTC-PERPETUAL,TICK,0,110026,0
1762011706474,BTC-PERPETUAL,TICK,0,110026,0
1762011706480,BTC-PERPETUAL,TICK,0,110026,0
1762011706511,BTC-PERPETUAL,TICK,0,110008,0
1762011706515,BTC-PERPETUAL,TICK,0,110008,0
1762011706555,BTC-PERPETUAL,TICK,0,110024,0
1762011706563,BTC-PERPETUAL,TICK,0,110024,0
1762011706621,BTC-PERPETUAL,TICK,0,110008,0
1762011706629,BTC-PERPETUAL,TICK,0,110008,0
1762011706670,BTC-PERPETUAL,TICK,0,110023,0
1762011706676,BTC-PERPETUAL,TICK,0,110023,0
1762011706722,BTC-PERPETUAL,TICK,0,110009,0
1762011706727,BTC-PERPETUAL,TICK,0,110009,0
1762011706764,BTC-PERPETUAL,TICK,0,110012,0
1762011706770,BTC-PERPETUAL,TICK,0,110012,0
1762011706811,BTC-PERPETUAL,TICK,0,110010,0
1762011706821,BTC-PERPETUAL,TICK,0,110010,0
1762011706857,BTC-PERPETUAL,TICK,0,110010,0
1762011706862,BTC-PERPETUAL,TICK,0,110010,0
1762011706897,BTC-PERPETUAL,TICK,0,110010,0
1762011706903,BTC-PERPETUAL,TICK,0,110010,0
1762011708549,ETH-PERPETUAL,TICK,0,3883.8,0
1762011708554,ETH-PERPETUAL,TICK,0,3883.8,0
1762011708585,ETH-PERPETUAL,TICK,0,3880.55,0
1762011708587,ETH-PERPETUAL,TICK,0,3880.55,0
1762011708618,ETH-PERPETUAL,TICK,0,3883.7,0
1762011708621,ETH-PERPETUAL,TICK,0,3883.7,0
1762011708655,ETH-PERPETUAL,TICK,0,3880.65,0
1762011708658,ETH-PERPETUAL,TICK,0,3880.65,0
1762011708692,ETH-PERPETUAL,TICK,0,3883.65,0
1762011708696,ETH-PERPETUAL,TICK,0,3883.65,0
1762011708737,ETH-PERPETUAL,TICK,0,3880.8,0
1762011708746,ETH-PERPETUAL,TICK,0,3880.8,0
1762011708787,ETH-PERPETUAL,TICK,0,3883.5,0
1762011708794,ETH-PERPETUAL,TICK,0,3883.5,0
1762011708835,ETH-PERPETUAL,TICK,0,3880.9,0
1762011708841,ETH-PERPETUAL,TICK,0,3880.9,0
1762011708877,ETH-PERPETUAL,TICK,0,3883.45,0
1762011708886,ETH-PERPETUAL,TICK,0,3883.45,0
1762011708922,ETH-PERPETUAL,TICK,0,3881,0
1762011708929,ETH-PERPETUAL,TICK,0,3881,0
1762011708971,ETH-PERPETUAL,TICK,0,3883.3,0
1762011708978,ETH-PERPETUAL,TICK,0,3883.3,0
1762011709018,ETH-PERPETUAL,TICK,0,3881.05,0
1762011709023,ETH-PERPETUAL,TICK,0,3881.05,0
1762011709059,ETH-PERPETUAL,TICK,0,3883.25,0
1762011709063,ETH-PERPETUAL,TICK,0,3883.25,0
1762011709098,ETH-PERPETUAL,TICK,0,3881.1,0
1762011709105,ETH-PERPETUAL,TICK,0,3881.1,0
1762011709138,ETH-PERPETUAL,TICK,0,3883.2,0
1762011709141,ETH-PERPETUAL,TICK,0,3883.2,0
1762011709174,ETH-PERPETUAL,TICK,0,3881.15,0
1762011709180,ETH-PERPETUAL,TICK,0,3881.15,0
1762011709218,ETH-PERPETUAL,TICK,0,3883.15,0
1762011709223,ETH-PERPETUAL,TICK,0,3883.15,0
1762011709264,ETH-PERPETUAL,TICK,0,3881.25,0
1762011709268,ETH-PERPETUAL,TICK,0,3881.25,0
1762011709305,ETH-PERPETUAL,TICK,0,3883,0
1762011709311,ETH-PERPETUAL,TICK,0,3883,0
1762011709351,ETH-PERPETUAL,TICK,0,3881.3,0
1762011709358,ETH-PERPETUAL,TICK,0,3881.3,0
1762011709395,ETH-PERPETUAL,TICK,0,3882.9,0
1762011709402,ETH-PERPETUAL,TICK,0,3882.9,0
1762011709436,ETH-PERPETUAL,TICK,0,3882.8,0
1762011709442,ETH-PERPETUAL,TICK,0,3882.8,0
1762011709492,ETH-PERPETUAL,TICK,0,3881.4,0
1762011709496,ETH-PERPETUAL,TICK,0,3881.4,0
1762011709532,ETH-PERPETUAL,TICK,0,3882.75,0
1762011709540,ETH-PERPETUAL,TICK,0,3882.75,0
1762011709579,ETH-PERPETUAL,TICK,0,3881.5,0
1762011709584,ETH-PERPETUAL,TICK,0,3881.5,0
1762011709630,ETH-PERPETUAL,TICK,0,3882.7,0
1762011709635,ETH-PERPETUAL,TICK,0,3882.7,0
1762011709666,ETH-PERPETUAL,TICK,0,3881.6,0
1762011709672,ETH-PERPETUAL,TICK,0,3881.6,0
1762011709709,ETH-PERPETUAL,TICK,0,3882.65,0
1762011709714,ETH-PERPETUAL,TICK,0,3882.65,0
1762011709752,ETH-PERPETUAL,TICK,0,3881.75,0
1762011709760,ETH-PERPETUAL,TICK,0,3881.75,0
1762011709801,ETH-PERPETUAL,TICK,0,3882.6,0
1762011709808,ETH-PERPETUAL,TICK,0,3882.6,0
1762011709854,ETH-PERPETUAL,TICK,0,3881.8,0
1762011709860,ETH-PERPETUAL,TICK,0,3881.8,0
1762011709897,ETH-PERPETUAL,TICK,0,3882.5,0
1762011709903,ETH-PERPETUAL,TICK,0,3882.5,0
1762011709946,ETH-PERPETUAL,TICK,0,3881.85,0
1762011709952,ETH-PERPETUAL,TICK,0,3881.85,0
1762011709996,ETH-PERPETUAL,TICK,0,3882.45,0
1762011710004,ETH-PERPETUAL,TICK,0,3882.45,0
1762011710049,ETH-PERPETUAL,TICK,0,3881.9,0
1762011710059,ETH-PERPETUAL,TICK,0,3881.9,0
1762011710100,ETH-PERPETUAL,TICK,0,3882.3,0
1762011710106,ETH-PERPETUAL,TICK,0,3882.3,0
1762011710147,ETH-PERPETUAL,TICK,0,3882,0
1762011710161,ETH-PERPETUAL,TICK,0,3882,0
1762011710201,ETH-PERPETUAL,TICK,0,3882.1,0
1762011710208,ETH-PERPETUAL,TICK,0,3882.1,0
1762011710239,ETH-PERPETUAL,TICK,0,3882.05,0
1762011710243,ETH-PERPETUAL,TICK,0,3882.05,0
1762011710285,BTC-PERPETUAL,TICK,0,110037,0
1762011710291,BTC-PERPETUAL,TICK,0,110037,0
1762011710341,BTC-PERPETUAL,TICK,0,109989,0
1762011710349,BTC-PERPETUAL,TICK,0,109989,0
1762011710395,BTC-PERPETUAL,TICK,0,110036,0
1762011710401,BTC-PERPETUAL,TICK,0,110036,0
1762011710438,BTC-PERPETUAL,TICK,0,109990,0
1762011710445,BTC-PERPETUAL,TICK,0,109990,0
1762011710480,BTC-PERPETUAL,TICK,0,110035,0
1762011710485,BTC-PERPETUAL,TICK,0,110035,0
1762011710520,BTC-PERPETUAL,TICK,0,109992,0
1762011710526,BTC-PERPETUAL,TICK,0,109992,0
1762011710568,BTC-PERPETUAL,TICK,0,110034,0
1762011710572,BTC-PERPETUAL,TICK,0,110034,0
1762011710605,BTC-PERPETUAL,TICK,0,109992,0
1762011710611,BTC-PERPETUAL,TICK,0,109992,0
1762011710647,BTC-PERPETUAL,TICK,0,110034,0
1762011710654,BTC-PERPETUAL,TICK,0,110034,0
1762011710710,BTC-PERPETUAL,TICK,0,109994,0
1762011710717,BTC-PERPETUAL,TICK,0,109994,0
1762011710759,BTC-PERPETUAL,TICK,0,110034,0
1762011710765,BTC-PERPETUAL,TICK,0,110034,0
1762011710803,BTC-PERPETUAL,TICK,0,109995,0
1762011710812,BTC-PERPETUAL,TICK,0,109995,0
1762011710858,BTC-PERPETUAL,TICK,0,110033,0
1762011710869,BTC-PERPETUAL,TICK,0,110033,0
1762011710904,BTC-PERPETUAL,TICK,0,109996,0
1762011710908,BTC-PERPETUAL,TICK,0,109996,0
1762011710946,BTC-PERPETUAL,TICK,0,110031,0
1762011710957,BTC-PERPETUAL,TICK,0,110031,0
1762011711008,BTC-PERPETUAL,TICK,0,109998,0
1762011711015,BTC-PERPETUAL,TICK,0,109998,0
1762011711055,BTC-PERPETUAL,TICK,0,110030,0
1762011711061,BTC-PERPETUAL,TICK,0,110030,0
1762011711097,BTC-PERPETUAL,TICK,0,110000,0
1762011711103,BTC-PERPETUAL,TICK,0,110000,0
1762011711139,BTC-PERPETUAL,TICK,0,110030,0
1762011711145,BTC-PERPETUAL,TICK,0,110030,0
1762011711182,BTC-PERPETUAL,TICK,0,110000,0
1762011711187,BTC-PERPETUAL,TICK,0,110000,0
1762011711224,BTC-PERPETUAL,TICK,0,110030,0
1762011711229,BTC-PERPETUAL,TICK,0,110030,0
1762011711271,BTC-PERPETUAL,TICK,0,110000,0
1762011711278,BTC-PERPETUAL,TICK,0,110000,0
1762011711318,BTC-PERPETUAL,TICK,0,110028,0
1762011711324,BTC-PERPETUAL,TICK,0,110028,0
1762011711367,BTC-PERPETUAL,TICK,0,110006,0
1762011711374,BTC-PERPETUAL,TICK,0,110006,0
1762011711417,BTC-PERPETUAL,TICK,0,110026,0
1762011711425,BTC-PERPETUAL,TICK,0,110026,0
1762011711466,BTC-PERPETUAL,TICK,0,110006,0
1762011711475,BTC-PERPETUAL,TICK,0,110006,0
1762011711521,BTC-PERPETUAL,TICK,0,110024,0
1762011711528,BTC-PERPETUAL,TICK,0,110024,0
1762011711569,BTC-PERPETUAL,TICK,0,110007,0
1762011711577,BTC-PERPETUAL,TICK,0,110007,0
1762011711620,BTC-PERPETUAL,TICK,0,110024,0
1762011711627,BTC-PERPETUAL,TICK,0,110024,0
1762011711668,BTC-PERPETUAL,TICK,0,110008,0
1762011711674,BTC-PERPETUAL,TICK,0,110008,0
1762011711720,BTC-PERPETUAL,TICK,0,110022,0
1762011711727,BTC-PERPETUAL,TICK,0,110022,0
1762011711768,BTC-PERPETUAL,TICK,0,110008,0
1762011711776,BTC-PERPETUAL,TICK,0,110008,0
1762011711823,BTC-PERPETUAL,TICK,0,110022,0
1762011711832,BTC-PERPETUAL,TICK,0,110022,0
1762011711874,BTC-PERPETUAL,TICK,0,110008,0
1762011711879,BTC-PERPETUAL,TICK,0,110008,0
1762011711918,BTC-PERPETUAL,TICK,0,110022,0
1762011711924,BTC-PERPETUAL,TICK,0,110022,0
1762011711963,BTC-PERPETUAL,TICK,0,110022,0
1762011711968,BTC-PERPETUAL,TICK,0,110022,0
1762011711973,BTC-PERPETUAL,TICK,0,110022,0
1762011711977,BTC-PERPETUAL,TICK,0,110022,0
1762011712008,BTC-PERPETUAL,TICK,0,110009,0
1762011712015,BTC-PERPETUAL,TICK,0,110009,0
1762011712054,BTC-PERPETUAL,TICK,0,110022,0
1762011712070,BTC-PERPETUAL,TICK,0,110022,0
1762011712079,BTC-PERPETUAL,TICK,0,110022,0
1762011712084,BTC-PERPETUAL,TICK,0,110022,0
1762011712122,BTC-PERPETUAL,TICK,0,110010,0
1762011712130,BTC-PERPETUAL,TICK,0,110010,0
1762011712173,BTC-PERPETUAL,TICK,0,110022,0
1762011712181,BTC-PERPETUAL,TICK,0,110022,0
1762011712193,BTC-PERPETUAL,TICK,0,110010,0
1762011712198,BTC-PERPETUAL,TICK,0,110010,0
1762011712236,BTC-PERPETUAL,TICK,0,110010,0
1762011712242,BTC-PERPETUAL,TICK,0,110010,0
1762011713822,ETH-PERPETUAL,TICK,0,3883.7,0
1762011713824,ETH-PERPETUAL,TICK,0,3883.7,0
1762011713867,ETH-PERPETUAL,TICK,0,3880.1,0
1762011713873,ETH-PERPETUAL,TICK,0,3880.1,0
1762011713904,ETH-PERPETUAL,TICK,0,3883.65,0
1762011713908,ETH-PERPETUAL,TICK,0,3883.65,0
1762011713942,ETH-PERPETUAL,TICK,0,3880.15,0
1762011713947,ETH-PERPETUAL,TICK,0,3880.15,0
1762011713986,ETH-PERPETUAL,TICK,0,3883.6,0
1762011713991,ETH-PERPETUAL,TICK,0,3883.6,0
1762011714029,ETH-PERPETUAL,TICK,0,3880.25,0
1762011714034,ETH-PERPETUAL,TICK,0,3880.25,0
1762011714074,ETH-PERPETUAL,TICK,0,3883.5,0
1762011714079,ETH-PERPETUAL,TICK,0,3883.5,0
1762011714128,ETH-PERPETUAL,TICK,0,3880.4,0
1762011714137,ETH-PERPETUAL,TICK,0,3880.4,0
1762011714172,ETH-PERPETUAL,TICK,0,3883.45,0
1762011714179,ETH-PERPETUAL,TICK,0,3883.45,0
1762011714221,ETH-PERPETUAL,TICK,0,3880.5,0
1762011714227,ETH-PERPETUAL,TICK,0,3880.5,0
1762011714261,ETH-PERPETUAL,TICK,0,3883.3,0
1762011714265,ETH-PERPETUAL,TICK,0,3883.3,0
1762011714299,ETH-PERPETUAL,TICK,0,3880.55,0
1762011714305,ETH-PERPETUAL,TICK,0,3880.55,0
1762011714345,ETH-PERPETUAL,TICK,0,3883.25,0
1762011714353,ETH-PERPETUAL,TICK,0,3883.25,0
1762011714395,ETH-PERPETUAL,TICK,0,3880.6,0
1762011714406,ETH-PERPETUAL,TICK,0,3880.6,0
1762011714449,ETH-PERPETUAL,TICK,0,3883.2,0
1762011714456,ETH-PERPETUAL,TICK,0,3883.2,0
1762011714498,ETH-PERPETUAL,TICK,0,3880.65,0
1762011714502,ETH-PERPETUAL,TICK,0,3880.65,0
1762011714539,ETH-PERPETUAL,TICK,0,3883.15,0
1762011714547,ETH-PERPETUAL,TICK,0,3883.15,0
1762011714581,ETH-PERPETUAL,TICK,0,3880.8,0
1762011714586,ETH-PERPETUAL,TICK,0,3880.8,0
1762011714621,ETH-PERPETUAL,TICK,0,3883.05,0
1762011714626,ETH-PERPETUAL,TICK,0,3883.05,0
1762011714660,ETH-PERPETUAL,TICK,0,3880.9,0
1762011714666,ETH-PERPETUAL,TICK,0,3880.9,0
1762011714703,ETH-PERPETUAL,TICK,0,3883,0
1762011714709,ETH-PERPETUAL,TICK,0,3883,0
1762011714743,ETH-PERPETUAL,TICK,0,3881,0
1762011714750,ETH-PERPETUAL,TICK,0,3881,0
1762011714793,ETH-PERPETUAL,TICK,0,3882.9,0
1762011714798,ETH-PERPETUAL,TICK,0,3882.9,0
1762011714834,ETH-PERPETUAL,TICK,0,3881.05,0
1762011714839,ETH-PERPETUAL,TICK,0,3881.05,0
1762011714877,ETH-PERPETUAL,TICK,0,3882.85,0
1762011714881,ETH-PERPETUAL,TICK,0,3882.85,0
1762011714914,ETH-PERPETUAL,TICK,0,3881.1,0
1762011714917,ETH-PERPETUAL,TICK,0,3881.1,0
1762011714949,BTC-PERPETUAL,TICK,0,110010,0
1762011714953,BTC-PERPETUAL,TICK,0,110010,0
1762011714987,ETH-PERPETUAL,TICK,0,3882.8,0
1762011714992,ETH-PERPETUAL,TICK,0,3882.8,0
1762011715031,ETH-PERPETUAL,TICK,0,3881.15,0
1762011715036,ETH-PERPETUAL,TICK,0,3881.15,0
1762011715078,ETH-PERPETUAL,TICK,0,3882.75,0
1762011715081,ETH-PERPETUAL,TICK,0,3882.75,0
1762011715130,ETH-PERPETUAL,TICK,0,3881.25,0
1762011715134,ETH-PERPETUAL,TICK,0,3881.25,0
1762011715183,ETH-PERPETUAL,TICK,0,3882.65,0
1762011715191,ETH-PERPETUAL,TICK,0,3882.65,0
1762011715232,ETH-PERPETUAL,TICK,0,3881.3,0
1762011715239,ETH-PERPETUAL,TICK,0,3881.3,0
1762011715279,ETH-PERPETUAL,TICK,0,3882.55,0
1762011715284,ETH-PERPETUAL,TICK,0,3882.55,0
1762011715319,ETH-PERPETUAL,TICK,0,3881.35,0
1762011715325,ETH-PERPETUAL,TICK,0,3881.35,0
1762011715361,ETH-PERPETUAL,TICK,0,3882.5,0
1762011715366,ETH-PERPETUAL,TICK,0,3882.5,0
1762011715408,ETH-PERPETUAL,TICK,0,3881.4,0
1762011715416,ETH-PERPETUAL,TICK,0,3881.4,0
1762011715460,ETH-PERPETUAL,TICK,0,3882.45,0
1762011715468,ETH-PERPETUAL,TICK,0,3882.45,0
1762011715508,ETH-PERPETUAL,TICK,0,3881.5,0
1762011715517,ETH-PERPETUAL,TICK,0,3881.5,0
1762011715559,ETH-PERPETUAL,TICK,0,3882.1,0
1762011715564,ETH-PERPETUAL,TICK,0,3882.1,0
1762011715601,ETH-PERPETUAL,TICK,0,3882.05,0
1762011715609,ETH-PERPETUAL,TICK,0,3882.05,0
1762011715651,BTC-PERPETUAL,TICK,0,0,0
1762011715658,BTC-PERPETUAL,TICK,0,0,0
1762011715691,BTC-PERPETUAL,TICK,0,110010,0
1762011715694,BTC-PERPETUAL,TICK,0,110010,0
1762011715732,BTC-PERPETUAL,TICK,0,110035,0
1762011715737,BTC-PERPETUAL,TICK,0,110035,0
1762011715778,BTC-PERPETUAL,TICK,0,109989,0
1762011715786,BTC-PERPETUAL,TICK,0,109989,0
1762011715825,BTC-PERPETUAL,TICK,0,110034,0
1762011715829,BTC-PERPETUAL,TICK,0,110034,0
1762011715870,BTC-PERPETUAL,TICK,0,109990,0
1762011715880,BTC-PERPETUAL,TICK,0,109990,0
1762011715917,BTC-PERPETUAL,TICK,0,110034,0
1762011715922,BTC-PERPETUAL,TICK,0,110034,0
1762011715958,BTC-PERPETUAL,TICK,0,109990,0
1762011715963,BTC-PERPETUAL,TICK,0,109990,0
1762011716001,BTC-PERPETUAL,TICK,0,110010,0
1762011716006,BTC-PERPETUAL,TICK,0,110010,0
1762011716043,BTC-PERPETUAL,TICK,0,110033,0
1762011716051,BTC-PERPETUAL,TICK,0,110033,0
1762011716103,BTC-PERPETUAL,TICK,0,109992,0
1762011716114,BTC-PERPETUAL,TICK,0,109992,0
1762011716155,BTC-PERPETUAL,TICK,0,110031,0
1762011716163,BTC-PERPETUAL,TICK,0,110031,0
1762011716204,BTC-PERPETUAL,TICK,0,109992,0
1762011716211,BTC-PERPETUAL,TICK,0,109992,0
1762011716247,BTC-PERPETUAL,TICK,0,110030,0
1762011716255,BTC-PERPETUAL,TICK,0,110030,0
1762011716291,BTC-PERPETUAL,TICK,0,109994,0
1762011716296,BTC-PERPETUAL,TICK,0,109994,0
1762011716336,BTC-PERPETUAL,TICK,0,110029,0
1762011716344,BTC-PERPETUAL,TICK,0,110029,0
1762011716389,BTC-PERPETUAL,TICK,0,109996,0
1762011716397,BTC-PERPETUAL,TICK,0,109996,0
1762011716438,BTC-PERPETUAL,TICK,0,110028,0
1762011716442,BTC-PERPETUAL,TICK,0,110028,0
1762011716483,BTC-PERPETUAL,TICK,0,109997,0
1762011716493,BTC-PERPETUAL,TICK,0,109997,0
1762011716527,BTC-PERPETUAL,TICK,0,110028,0
1762011716534,BTC-PERPETUAL,TICK,0,110028,0
1762011716571,BTC-PERPETUAL,TICK,0,110000,0
1762011716580,BTC-PERPETUAL,TICK,0,110000,0
1762011716641,BTC-PERPETUAL,TICK,0,110028,0
1762011716647,BTC-PERPETUAL,TICK,0,110028,0
1762011716684,BTC-PERPETUAL,TICK,0,110000,0
1762011716690,BTC-PERPETUAL,TICK,0,110000,0
1762011716726,BTC-PERPETUAL,TICK,0,110027,0
1762011716733,BTC-PERPETUAL,TICK,0,110027,0
1762011716774,BTC-PERPETUAL,TICK,0,110027,0
1762011716779,BTC-PERPETUAL,TICK,0,110027,0
1762011716787,BTC-PERPETUAL,TICK,0,110026,0
1762011716791,BTC-PERPETUAL,TICK,0,110026,0
1762011716827,BTC-PERPETUAL,TICK,0,110000,0
1762011716834,BTC-PERPETUAL,TICK,0,110000,0
1762011716872,BTC-PERPETUAL,TICK,0,110026,0
1762011716877,BTC-PERPETUAL,TICK,0,110026,0
1762011716923,BTC-PERPETUAL,TICK,0,110006,0
1762011716931,BTC-PERPETUAL,TICK,0,110006,0
1762011716975,BTC-PERPETUAL,TICK,0,0,0
1762011716983,BTC-PERPETUAL,TICK,0,0,0
1762011717033,BTC-PERPETUAL,TICK,0,110007,0
1762011717042,BTC-PERPETUAL,TICK,0,110007,0
1762011717081,BTC-PERPETUAL,TICK,0,110022,0
1762011717090,BTC-PERPETUAL,TICK,0,110022,0
1762011717128,BTC-PERPETUAL,TICK,0,110008,0
1762011717138,BTC-PERPETUAL,TICK,0,110008,0
1762011717178,BTC-PERPETUAL,TICK,0,110022,0
1762011717188,BTC-PERPETUAL,TICK,0,110022,0
1762011717231,BTC-PERPETUAL,TICK,0,110008,0
1762011717236,BTC-PERPETUAL,TICK,0,110008,0
1762011717276,BTC-PERPETUAL,TICK,0,110022,0
1762011717283,BTC-PERPETUAL,TICK,0,110022,0
1762011717322,BTC-PERPETUAL,TICK,0,110008,0
1762011717327,BTC-PERPETUAL,TICK,0,110008,0
1762011717362,BTC-PERPETUAL,TICK,0,110018,0
1762011717368,BTC-PERPETUAL,TICK,0,110018,0
1762011717411,BTC-PERPETUAL,TICK,0,110009,0
1762011717420,BTC-PERPETUAL,TICK,0,110009,0
1762011717462,BTC-PERPETUAL,TICK,0,110012,0
1762011717466,BTC-PERPETUAL,TICK,0,110012,0
1762011717507,BTC-PERPETUAL,TICK,0,110010,0
1762011717515,BTC-PERPETUAL,TICK,0,110010,0
1762011717555,BTC-PERPETUAL,TICK,0,110010,0
1762011717559,BTC-PERPETUAL,TICK,0,110010,0
1762011717604,BTC-PERPETUAL,TICK,0,110010,0
1762011717611,BTC-PERPETUAL,TICK,0,110010,0
1762011719100,ETH-PERPETUAL,TICK,0,3883.8,0
1762011719102,ETH-PERPETUAL,TICK,0,3883.8,0
1762011719137,ETH-PERPETUAL,TICK,0,3880.15,0
1762011719140,ETH-PERPETUAL,TICK,0,3880.15,0
1762011719172,ETH-PERPETUAL,TICK,0,3883.75,0
1762011719179,ETH-PERPETUAL,TICK,0,3883.75,0
1762011719213,ETH-PERPETUAL,TICK,0,3880.25,0
1762011719217,ETH-PERPETUAL,TICK,0,3880.25,0
1762011719248,ETH-PERPETUAL,TICK,0,3883.7,0
1762011719253,ETH-PERPETUAL,TICK,0,3883.7,0
1762011719296,ETH-PERPETUAL,TICK,0,3880.4,0
1762011719308,ETH-PERPETUAL,TICK,0,3880.4,0
1762011719343,ETH-PERPETUAL,TICK,0,3883.65,0
1762011719349,ETH-PERPETUAL,TICK,0,3883.65,0
1762011719384,ETH-PERPETUAL,TICK,0,3880.45,0
1762011719389,ETH-PERPETUAL,TICK,0,3880.45,0
1762011719423,ETH-PERPETUAL,TICK,0,3883.6,0
1762011719428,ETH-PERPETUAL,TICK,0,3883.6,0
1762011719469,ETH-PERPETUAL,TICK,0,3880.5,0
1762011719475,ETH-PERPETUAL,TICK,0,3880.5,0
1762011719507,ETH-PERPETUAL,TICK,0,3883.5,0
1762011719512,ETH-PERPETUAL,TICK,0,3883.5,0
1762011719550,ETH-PERPETUAL,TICK,0,3880.55,0
1762011719558,ETH-PERPETUAL,TICK,0,3880.55,0
1762011719595,ETH-PERPETUAL,TICK,0,3883.3,0
1762011719603,ETH-PERPETUAL,TICK,0,3883.3,0
1762011719637,ETH-PERPETUAL,TICK,0,3880.6,0
1762011719643,ETH-PERPETUAL,TICK,0,3880.6,0
1762011719685,ETH-PERPETUAL,TICK,0,3883.25,0
1762011719693,ETH-PERPETUAL,TICK,0,3883.25,0
1762011719735,ETH-PERPETUAL,TICK,0,3880.65,0
1762011719744,ETH-PERPETUAL,TICK,0,3880.65,0
1762011719787,ETH-PERPETUAL,TICK,0,3883.2,0
1762011719796,ETH-PERPETUAL,TICK,0,3883.2,0
1762011719842,ETH-PERPETUAL,TICK,0,3880.8,0
1762011719847,ETH-PERPETUAL,TICK,0,3880.8,0
1762011719889,ETH-PERPETUAL,TICK,0,3883.05,0
1762011719894,ETH-PERPETUAL,TICK,0,3883.05,0
1762011719933,ETH-PERPETUAL,TICK,0,3880.9,0
1762011719940,ETH-PERPETUAL,TICK,0,3880.9,0
1762011719974,ETH-PERPETUAL,TICK,0,3883,0
1762011719980,ETH-PERPETUAL,TICK,0,3883,0
1762011720016,ETH-PERPETUAL,TICK,0,3881,0
1762011720020,ETH-PERPETUAL,TICK,0,3881,0
1762011720060,ETH-PERPETUAL,TICK,0,3882.9,0
1762011720065,ETH-PERPETUAL,TICK,0,3882.9,0
1762011720106,ETH-PERPETUAL,TICK,0,3881.05,0
1762011720113,ETH-PERPETUAL,TICK,0,3881.05,0
1762011720156,ETH-PERPETUAL,TICK,0,3882.85,0
1762011720165,ETH-PERPETUAL,TICK,0,3882.85,0
1762011720197,ETH-PERPETUAL,TICK,0,3881.1,0
1762011720203,ETH-PERPETUAL,TICK,0,3881.1,0
1762011720241,ETH-PERPETUAL,TICK,0,3882.8,0
1762011720249,ETH-PERPETUAL,TICK,0,3882.8,0
1762011720287,ETH-PERPETUAL,TICK,0,3881.15,0
1762011720295,ETH-PERPETUAL,TICK,0,3881.15,0
1762011720333,ETH-PERPETUAL,TICK,0,3882.75,0
1762011720339,ETH-PERPETUAL,TICK,0,3882.75,0
1762011720376,ETH-PERPETUAL,TICK,0,3881.2,0
1762011720402,ETH-PERPETUAL,TICK,0,3881.2,0
1762011720419,ETH-PERPETUAL,TICK,0,3882.65,0
1762011720426,ETH-PERPETUAL,TICK,0,3882.65,0
1762011720466,ETH-PERPETUAL,TICK,0,3881.25,0
1762011720472,ETH-PERPETUAL,TICK,0,3881.25,0
1762011720512,ETH-PERPETUAL,TICK,0,3882.55,0
1762011720521,ETH-PERPETUAL,TICK,0,3882.55,0
1762011720571,ETH-PERPETUAL,TICK,0,3881.3,0
1762011720577,ETH-PERPETUAL,TICK,0,3881.3,0
1762011720615,ETH-PERPETUAL,TICK,0,3882.5,0
1762011720621,ETH-PERPETUAL,TICK,0,3882.5,0
1762011720657,ETH-PERPETUAL,TICK,0,3881.35,0
1762011720662,ETH-PERPETUAL,TICK,0,3881.35,0
1762011719034,ETH-PERPETUAL,TICK,0,3882.45,0
1762011719039,ETH-PERPETUAL,TICK,0,3882.45,0
1762011719086,ETH-PERPETUAL,TICK,0,3881.4,0
1762011719092,ETH-PERPETUAL,TICK,0,3881.4,0
1762011719132,ETH-PERPETUAL,TICK,0,3882.1,0
1762011719138,ETH-PERPETUAL,TICK,0,3882.1,0
1762011719172,ETH-PERPETUAL,TICK,0,3882.05,0
1762011719177,ETH-PERPETUAL,TICK,0,3882.05,0
1762011719210,BTC-PERPETUAL,TICK,0,110035,0
1762011719219,BTC-PERPETUAL,TICK,0,110035,0
1762011719272,BTC-PERPETUAL,TICK,0,109990,0
1762011719278,BTC-PERPETUAL,TICK,0,109990,0
1762011719318,BTC-PERPETUAL,TICK,0,110034,0
1762011719325,BTC-PERPETUAL,TICK,0,110034,0
1762011719371,BTC-PERPETUAL,TICK,0,109990,0
1762011719378,BTC-PERPETUAL,TICK,0,109990,0
1762011719417,BTC-PERPETUAL,TICK,0,110034,0
1762011719422,BTC-PERPETUAL,TICK,0,110034,0
1762011719470,BTC-PERPETUAL,TICK,0,109992,0
1762011719477,BTC-PERPETUAL,TICK,0,109992,0
1762011719519,BTC-PERPETUAL,TICK,0,110010,0
1762011719528,BTC-PERPETUAL,TICK,0,110010,0
1762011719612,BTC-PERPETUAL,TICK,0,110034,0
1762011719620,BTC-PERPETUAL,TICK,0,110034,0
1762011719674,BTC-PERPETUAL,TICK,0,109992,0
1762011719683,BTC-PERPETUAL,TICK,0,109992,0
1762011719742,BTC-PERPETUAL,TICK,0,110033,0
1762011719751,BTC-PERPETUAL,TICK,0,110033,0
1762011719802,BTC-PERPETUAL,TICK,0,109992,0
1762011719809,BTC-PERPETUAL,TICK,0,109992,0
1762011719859,BTC-PERPETUAL,TICK,0,110031,0
1762011719865,BTC-PERPETUAL,TICK,0,110031,0
1762011719927,BTC-PERPETUAL,TICK,0,109994,0
1762011719936,BTC-PERPETUAL,TICK,0,109994,0
1762011719988,BTC-PERPETUAL,TICK,0,110030,0
1762011719993,BTC-PERPETUAL,TICK,0,110030,0
1762011720033,BTC-PERPETUAL,TICK,0,109996,0
1762011720039,BTC-PERPETUAL,TICK,0,109996,0
1762011720082,BTC-PERPETUAL,TICK,0,110030,0
1762011720088,BTC-PERPETUAL,TICK,0,110030,0
1762011720129,BTC-PERPETUAL,TICK,0,109997,0
1762011720134,BTC-PERPETUAL,TICK,0,109997,0
1762011720173,BTC-PERPETUAL,TICK,0,110029,0
1762011720179,BTC-PERPETUAL,TICK,0,110029,0
1762011720226,BTC-PERPETUAL,TICK,0,0,0
1762011720231,BTC-PERPETUAL,TICK,0,0,0
1762011720285,BTC-PERPETUAL,TICK,0,110028,0
1762011720292,BTC-PERPETUAL,TICK,0,110028,0
1762011720332,BTC-PERPETUAL,TICK,0,110000,0
1762011720340,BTC-PERPETUAL,TICK,0,110000,0
1762011720379,BTC-PERPETUAL,TICK,0,110028,0
1762011720386,BTC-PERPETUAL,TICK,0,110028,0
1762011720436,BTC-PERPETUAL,TICK,0,110000,0
1762011720442,BTC-PERPETUAL,TICK,0,110000,0
1762011720486,BTC-PERPETUAL,TICK,0,110028,0
1762011720493,BTC-PERPETUAL,TICK,0,110028,0
1762011720530,BTC-PERPETUAL,TICK,0,110000,0
1762011720537,BTC-PERPETUAL,TICK,0,110000,0
1762011720583,BTC-PERPETUAL,TICK,0,110026,0
1762011720596,BTC-PERPETUAL,TICK,0,110026,0
1762011720644,BTC-PERPETUAL,TICK,0,110006,0
1762011720651,BTC-PERPETUAL,TICK,0,110006,0
1762011720700,BTC-PERPETUAL,TICK,0,110026,0
1762011720707,BTC-PERPETUAL,TICK,0,110026,0
1762011720752,BTC-PERPETUAL,TICK,0,110007,0
1762011720759,BTC-PERPETUAL,TICK,0,110007,0
1762011720797,BTC-PERPETUAL,TICK,0,110024,0
1762011720806,BTC-PERPETUAL,TICK,0,110024,0
1762011720847,BTC-PERPETUAL,TICK,0,110008,0
1762011720855,BTC-PERPETUAL,TICK,0,110008,0
1762011720896,BTC-PERPETUAL,TICK,0,110022,0
1762011720901,BTC-PERPETUAL,TICK,0,110022,0
1762011720939,BTC-PERPETUAL,TICK,0,110008,0
1762011720946,BTC-PERPETUAL,TICK,0,110008,0
1762011720988,BTC-PERPETUAL,TICK,0,110022,0
1762011720992,BTC-PERPETUAL,TICK,0,110022,0
1762011721035,BTC-PERPETUAL,TICK,0,110022,0
1762011721041,BTC-PERPETUAL,TICK,0,110022,0
1762011721047,BTC-PERPETUAL,TICK,0,110022,0
1762011721052,BTC-PERPETUAL,TICK,0,110022,0
1762011721084,BTC-PERPETUAL,TICK,0,110008,0
1762011721089,BTC-PERPETUAL,TICK,0,110008,0
1762011721131,BTC-PERPETUAL,TICK,0,110022,0
1762011721138,BTC-PERPETUAL,TICK,0,110022,0
1762011721178,BTC-PERPETUAL,TICK,0,110009,0
1762011721185,BTC-PERPETUAL,TICK,0,110009,0
1762011721223,BTC-PERPETUAL,TICK,0,110018,0
1762011721229,BTC-PERPETUAL,TICK,0,110018,0
1762011721266,BTC-PERPETUAL,TICK,0,110010,0
1762011721274,BTC-PERPETUAL,TICK,0,110010,0
1762011721319,BTC-PERPETUAL,TICK,0,110010,0
1762011721326,BTC-PERPETUAL,TICK,0,110010,0
1762011721380,BTC-PERPETUAL,TICK,0,110010,0
1762011721389,BTC-PERPETUAL,TICK,0,110010,0
1762011722741,ETH-PERPETUAL,TICK,0,3883.7,0
1762011722749,ETH-PERPETUAL,TICK,0,3883.7,0
1762011722817,ETH-PERPETUAL,TICK,0,3880.25,0
1762011722824,ETH-PERPETUAL,TICK,0,3880.25,0
1762011722889,ETH-PERPETUAL,TICK,0,3883.6,0
1762011722898,ETH-PERPETUAL,TICK,0,3883.6,0
1762011722949,ETH-PERPETUAL,TICK,0,3880.4,0
1762011722958,ETH-PERPETUAL,TICK,0,3880.4,0
1762011723000,ETH-PERPETUAL,TICK,0,3883.55,0
1762011723007,ETH-PERPETUAL,TICK,0,3883.55,0
1762011723061,ETH-PERPETUAL,TICK,0,3880.45,0
1762011723071,ETH-PERPETUAL,TICK,0,3880.45,0
1762011723120,ETH-PERPETUAL,TICK,0,3883.5,0
1762011723129,ETH-PERPETUAL,TICK,0,3883.5,0
1762011723168,ETH-PERPETUAL,TICK,0,3880.5,0
1762011723175,ETH-PERPETUAL,TICK,0,3880.5,0
1762011723227,ETH-PERPETUAL,TICK,0,3883.4,0
1762011723234,ETH-PERPETUAL,TICK,0,3883.4,0
1762011723278,ETH-PERPETUAL,TICK,0,3880.55,0
1762011723290,ETH-PERPETUAL,TICK,0,3880.55,0
1762011723331,ETH-PERPETUAL,TICK,0,3883.3,0
1762011723339,ETH-PERPETUAL,TICK,0,3883.3,0
1762011723385,ETH-PERPETUAL,TICK,0,3880.6,0
1762011723392,ETH-PERPETUAL,TICK,0,3880.6,0
1762011723428,ETH-PERPETUAL,TICK,0,3883.25,0
1762011723434,ETH-PERPETUAL,TICK,0,3883.25,0
1762011723473,ETH-PERPETUAL,TICK,0,3880.65,0
1762011723478,ETH-PERPETUAL,TICK,0,3880.65,0
1762011723512,ETH-PERPETUAL,TICK,0,3883.2,0
1762011723521,ETH-PERPETUAL,TICK,0,3883.2,0
1762011723564,ETH-PERPETUAL,TICK,0,3880.75,0
1762011723572,ETH-PERPETUAL,TICK,0,3880.75,0
1762011723611,ETH-PERPETUAL,TICK,0,3883.15,0
1762011723616,ETH-PERPETUAL,TICK,0,3883.15,0
1762011723655,ETH-PERPETUAL,TICK,0,3880.8,0
1762011723660,ETH-PERPETUAL,TICK,0,3880.8,0
1762011723708,ETH-PERPETUAL,TICK,0,3883,0
1762011723713,ETH-PERPETUAL,TICK,0,3883,0
1762011723758,ETH-PERPETUAL,TICK,0,3881,0
1762011723766,ETH-PERPETUAL,TICK,0,3881,0
1762011723807,ETH-PERPETUAL,TICK,0,3882.9,0
1762011723814,ETH-PERPETUAL,TICK,0,3882.9,0
1762011723858,ETH-PERPETUAL,TICK,0,3881.05,0
1762011723868,ETH-PERPETUAL,TICK,0,3881.05,0
1762011723903,ETH-PERPETUAL,TICK,0,3882.8,0
1762011723910,ETH-PERPETUAL,TICK,0,3882.8,0
1762011723945,ETH-PERPETUAL,TICK,0,3881.1,0
1762011723952,ETH-PERPETUAL,TICK,0,3881.1,0
1762011723986,ETH-PERPETUAL,TICK,0,3882.75,0
1762011723995,ETH-PERPETUAL,TICK,0,3882.75,0
1762011724039,ETH-PERPETUAL,TICK,0,3881.15,0
1762011724046,ETH-PERPETUAL,TICK,0,3881.15,0
1762011724083,ETH-PERPETUAL,TICK,0,3882.65,0
1762011724090,ETH-PERPETUAL,TICK,0,3882.65,0
1762011724134,ETH-PERPETUAL,TICK,0,3881.25,0
1762011724146,ETH-PERPETUAL,TICK,0,3881.25,0
1762011724185,ETH-PERPETUAL,TICK,0,3882.55,0
1762011724190,ETH-PERPETUAL,TICK,0,3882.55,0
1762011724226,ETH-PERPETUAL,TICK,0,3881.3,0
1762011724231,ETH-PERPETUAL,TICK,0,3881.3,0
1762011724266,ETH-PERPETUAL,TICK,0,3882.5,0
1762011724273,ETH-PERPETUAL,TICK,0,3882.5,0
1762011724312,ETH-PERPETUAL,TICK,0,3881.4,0
1762011724318,ETH-PERPETUAL,TICK,0,3881.4,0
1762011724355,ETH-PERPETUAL,TICK,0,3882.45,0
1762011724362,ETH-PERPETUAL,TICK,0,3882.45,0
1762011724406,ETH-PERPETUAL,TICK,0,3881.55,0
1762011724411,ETH-PERPETUAL,TICK,0,3881.55,0
1762011724452,ETH-PERPETUAL,TICK,0,3882.4,0
1762011724459,ETH-PERPETUAL,TICK,0,3882.4,0
1762011724502,ETH-PERPETUAL,TICK,0,3881.6,0
1762011724509,ETH-PERPETUAL,TICK,0,3881.6,0
1762011724559,ETH-PERPETUAL,TICK,0,3882.35,0
1762011724568,ETH-PERPETUAL,TICK,0,3882.35,0
1762011724610,ETH-PERPETUAL,TICK,0,3881.65,0
1762011724617,ETH-PERPETUAL,TICK,0,3881.65,0
1762011724660,ETH-PERPETUAL,TICK,0,3882.1,0
1762011724668,ETH-PERPETUAL,TICK,0,3882.1,0
1762011724717,ETH-PERPETUAL,TICK,0,3882.05,0
1762011724722,ETH-PERPETUAL,TICK,0,3882.05,0
1762011724764,BTC-PERPETUAL,TICK,0,110010,0
1762011724772,BTC-PERPETUAL,TICK,0,110010,0
1762011724811,BTC-PERPETUAL,TICK,0,110037,0
1762011724820,BTC-PERPETUAL,TICK,0,110037,0
1762011724863,BTC-PERPETUAL,TICK,0,110010,0
1762011724869,BTC-PERPETUAL,TICK,0,110010,0
1762011724907,BTC-PERPETUAL,TICK,0,110036,0
1762011724913,BTC-PERPETUAL,TICK,0,110036,0
1762011724953,BTC-PERPETUAL,TICK,0,109990,0
1762011724959,BTC-PERPETUAL,TICK,0,109990,0
1762011725000,BTC-PERPETUAL,TICK,0,110035,0
1762011725009,BTC-PERPETUAL,TICK,0,110035,0
1762011725051,BTC-PERPETUAL,TICK,0,109992,0
1762011725057,BTC-PERPETUAL,TICK,0,109992,0
1762011725095,BTC-PERPETUAL,TICK,0,0,0
1762011725101,BTC-PERPETUAL,TICK,0,0,0
1762011725132,BTC-PERPETUAL,TICK,0,109992,0
1762011725137,BTC-PERPETUAL,TICK,0,109992,0
1762011725171,BTC-PERPETUAL,TICK,0,110034,0
1762011725177,BTC-PERPETUAL,TICK,0,110034,0
1762011725219,BTC-PERPETUAL,TICK,0,109992,0
1762011725225,BTC-PERPETUAL,TICK,0,109992,0
1762011725277,BTC-PERPETUAL,TICK,0,110033,0
1762011725285,BTC-PERPETUAL,TICK,0,110033,0
1762011725323,BTC-PERPETUAL,TICK,0,109994,0
1762011725331,BTC-PERPETUAL,TICK,0,109994,0
1762011725370,BTC-PERPETUAL,TICK,0,110031,0
1762011725381,BTC-PERPETUAL,TICK,0,110031,0
1762011725416,BTC-PERPETUAL,TICK,0,109996,0
1762011725420,BTC-PERPETUAL,TICK,0,109996,0
1762011725455,BTC-PERPETUAL,TICK,0,110030,0
1762011725460,BTC-PERPETUAL,TICK,0,110030,0
1762011725494,BTC-PERPETUAL,TICK,0,109997,0
1762011725499,BTC-PERPETUAL,TICK,0,109997,0
1762011725537,BTC-PERPETUAL,TICK,0,110028,0
1762011725542,BTC-PERPETUAL,TICK,0,110028,0
1762011725577,BTC-PERPETUAL,TICK,0,109998,0
1762011725581,BTC-PERPETUAL,TICK,0,109998,0
1762011725620,BTC-PERPETUAL,TICK,0,110026,0
1762011725625,BTC-PERPETUAL,TICK,0,110026,0
1762011725666,BTC-PERPETUAL,TICK,0,110000,0
1762011725672,BTC-PERPETUAL,TICK,0,110000,0
1762011725708,BTC-PERPETUAL,TICK,0,110024,0
1762011725713,BTC-PERPETUAL,TICK,0,110024,0
1762011725748,BTC-PERPETUAL,TICK,0,110000,0
1762011725756,BTC-PERPETUAL,TICK,0,110000,0
1762011725791,BTC-PERPETUAL,TICK,0,110024,0
1762011725799,BTC-PERPETUAL,TICK,0,110024,0
1762011725859,BTC-PERPETUAL,TICK,0,110000,0
1762011725864,BTC-PERPETUAL,TICK,0,110000,0
1762011725905,BTC-PERPETUAL,TICK,0,110023,0
1762011725913,BTC-PERPETUAL,TICK,0,110023,0
1762011725952,BTC-PERPETUAL,TICK,0,110006,0
1762011725959,BTC-PERPETUAL,TICK,0,110006,0
1762011725996,BTC-PERPETUAL,TICK,0,110022,0
1762011726000,BTC-PERPETUAL,TICK,0,110022,0
1762011726033,BTC-PERPETUAL,TICK,0,110007,0
1762011726042,BTC-PERPETUAL,TICK,0,110007,0
1762011726078,BTC-PERPETUAL,TICK,0,110022,0
1762011726084,BTC-PERPETUAL,TICK,0,110022,0
1762011726124,BTC-PERPETUAL,TICK,0,110008,0
1762011726131,BTC-PERPETUAL,TICK,0,110008,0
1762011726167,BTC-PERPETUAL,TICK,0,110020,0
1762011726173,BTC-PERPETUAL,TICK,0,110020,0
1762011726210,BTC-PERPETUAL,TICK,0,110008,0
1762011726218,BTC-PERPETUAL,TICK,0,110008,0
1762011726254,BTC-PERPETUAL,TICK,0,110016,0
1762011726260,BTC-PERPETUAL,TICK,0,110016,0
1762011726299,BTC-PERPETUAL,TICK,0,110008,0
1762011726305,BTC-PERPETUAL,TICK,0,110008,0
1762011726343,BTC-PERPETUAL,TICK,0,110016,0
1762011726350,BTC-PERPETUAL,TICK,0,110016,0
1762011726401,BTC-PERPETUAL,TICK,0,110009,0
1762011726409,BTC-PERPETUAL,TICK,0,110009,0
1762011726452,BTC-PERPETUAL,TICK,0,110016,0
1762011726459,BTC-PERPETUAL,TICK,0,110016,0
1762011726493,BTC-PERPETUAL,TICK,0,110010,0
1762011726501,BTC-PERPETUAL,TICK,0,110010,0
1762011726552,BTC-PERPETUAL,TICK,0,110010,0
1762011726558,BTC-PERPETUAL,TICK,0,110010,0
1762011726593,BTC-PERPETUAL,TICK,0,110010,0
1762011726598,BTC-PERPETUAL,TICK,0,110010,0
1762011727969,ETH-PERPETUAL,TICK,0,3883.7,0
1762011727972,ETH-PERPETUAL,TICK,0,3883.7,0
1762011728011,ETH-PERPETUAL,TICK,0,3880.55,0
1762011728015,ETH-PERPETUAL,TICK,0,3880.55,0
1762011728048,ETH-PERPETUAL,TICK,0,3883.65,0
1762011728051,ETH-PERPETUAL,TICK,0,3883.65,0
1762011728082,ETH-PERPETUAL,TICK,0,3880.6,0
1762011728088,ETH-PERPETUAL,TICK,0,3880.6,0
1762011728123,ETH-PERPETUAL,TICK,0,3883.5,0
1762011728129,ETH-PERPETUAL,TICK,0,3883.5,0
1762011728171,ETH-PERPETUAL,TICK,0,3880.65,0
1762011728180,ETH-PERPETUAL,TICK,0,3880.65,0
1762011728212,ETH-PERPETUAL,TICK,0,3883.45,0
1762011728216,ETH-PERPETUAL,TICK,0,3883.45,0
1762011728251,ETH-PERPETUAL,TICK,0,3880.8,0
1762011728257,ETH-PERPETUAL,TICK,0,3880.8,0
1762011728291,ETH-PERPETUAL,TICK,0,3883.4,0
1762011728295,ETH-PERPETUAL,TICK,0,3883.4,0
1762011728333,ETH-PERPETUAL,TICK,0,3880.95,0
1762011728338,ETH-PERPETUAL,TICK,0,3880.95,0
1762011728373,ETH-PERPETUAL,TICK,0,3883.3,0
1762011728379,ETH-PERPETUAL,TICK,0,3883.3,0
1762011728417,ETH-PERPETUAL,TICK,0,3881,0
1762011728423,ETH-PERPETUAL,TICK,0,3881,0
1762011728463,ETH-PERPETUAL,TICK,0,3883.25,0
1762011728470,ETH-PERPETUAL,TICK,0,3883.25,0
1762011728515,ETH-PERPETUAL,TICK,0,3881.05,0
1762011728522,ETH-PERPETUAL,TICK,0,3881.05,0
1762011728555,ETH-PERPETUAL,TICK,0,3883.2,0
1762011728562,ETH-PERPETUAL,TICK,0,3883.2,0
1762011728605,ETH-PERPETUAL,TICK,0,3881.1,0
1762011728616,ETH-PERPETUAL,TICK,0,3881.1,0
1762011728649,ETH-PERPETUAL,TICK,0,3883.1,0
1762011728656,ETH-PERPETUAL,TICK,0,3883.1,0
1762011728688,ETH-PERPETUAL,TICK,0,3881.15,0
1762011728696,ETH-PERPETUAL,TICK,0,3881.15,0
1762011728731,ETH-PERPETUAL,TICK,0,3883,0
1762011728735,ETH-PERPETUAL,TICK,0,3883,0
1762011728766,ETH-PERPETUAL,TICK,0,3881.25,0
1762011728776,ETH-PERPETUAL,TICK,0,3881.25,0
1762011728824,ETH-PERPETUAL,TICK,0,3882.95,0
1762011728828,ETH-PERPETUAL,TICK,0,3882.95,0
1762011728863,ETH-PERPETUAL,TICK,0,3881.35,0
1762011728868,ETH-PERPETUAL,TICK,0,3881.35,0
1762011728901,ETH-PERPETUAL,TICK,0,3882.9,0
1762011728906,ETH-PERPETUAL,TICK,0,3882.9,0
1762011728940,ETH-PERPETUAL,TICK,0,3881.4,0
1762011728946,ETH-PERPETUAL,TICK,0,3881.4,0
1762011728989,ETH-PERPETUAL,TICK,0,3882.85,0
1762011728995,ETH-PERPETUAL,TICK,0,3882.85,0
1762011729028,ETH-PERPETUAL,TICK,0,3881.55,0
1762011729038,ETH-PERPETUAL,TICK,0,3881.55,0
1762011729080,ETH-PERPETUAL,TICK,0,3882.8,0
1762011729089,ETH-PERPETUAL,TICK,0,3882.8,0
1762011729133,ETH-PERPETUAL,TICK,0,3881.65,0
1762011729139,ETH-PERPETUAL,TICK,0,3881.65,0
1762011729174,ETH-PERPETUAL,TICK,0,3882.75,0
1762011729183,ETH-PERPETUAL,TICK,0,3882.75,0
1762011729222,ETH-PERPETUAL,TICK,0,3881.75,0
1762011729233,ETH-PERPETUAL,TICK,0,3881.75,0
1762011729266,ETH-PERPETUAL,TICK,0,3882.55,0
1762011729271,ETH-PERPETUAL,TICK,0,3882.55,0
1762011729303,ETH-PERPETUAL,TICK,0,3881.8,0
1762011729306,ETH-PERPETUAL,TICK,0,3881.8,0
1762011729338,ETH-PERPETUAL,TICK,0,3882.5,0
1762011729344,ETH-PERPETUAL,TICK,0,3882.5,0
1762011729376,ETH-PERPETUAL,TICK,0,3881.85,0
1762011729381,ETH-PERPETUAL,TICK,0,3881.85,0
1762011729413,ETH-PERPETUAL,TICK,0,3882.4,0
1762011729418,ETH-PERPETUAL,TICK,0,3882.4,0
1762011729456,ETH-PERPETUAL,TICK,0,3881.9,0
1762011729461,ETH-PERPETUAL,TICK,0,3881.9,0
1762011729495,ETH-PERPETUAL,TICK,0,3882.35,0
1762011729501,ETH-PERPETUAL,TICK,0,3882.35,0
1762011729534,ETH-PERPETUAL,TICK,0,3882,0
1762011729539,ETH-PERPETUAL,TICK,0,3882,0
1762011729580,ETH-PERPETUAL,TICK,0,3882.1,0
1762011729585,ETH-PERPETUAL,TICK,0,3882.1,0
1762011729624,ETH-PERPETUAL,TICK,0,3882.05,0
1762011729632,ETH-PERPETUAL,TICK,0,3882.05,0
1762011729672,BTC-PERPETUAL,TICK,0,110042,0
1762011729680,BTC-PERPETUAL,TICK,0,110042,0
1762011729726,BTC-PERPETUAL,TICK,0,110010,0
1762011729738,BTC-PERPETUAL,TICK,0,110010,0
1762011729779,BTC-PERPETUAL,TICK,0,110040,0
1762011729787,BTC-PERPETUAL,TICK,0,110040,0
1762011729832,BTC-PERPETUAL,TICK,0,109994,0
1762011729844,BTC-PERPETUAL,TICK,0,109994,0
1762011729883,BTC-PERPETUAL,TICK,0,110040,0
1762011729889,BTC-PERPETUAL,TICK,0,110040,0
1762011729924,BTC-PERPETUAL,TICK,0,109994,0
1762011729929,BTC-PERPETUAL,TICK,0,109994,0
1762011729966,BTC-PERPETUAL,TICK,0,110039,0
1762011729974,BTC-PERPETUAL,TICK,0,110039,0
1762011730010,BTC-PERPETUAL,TICK,0,109995,0
1762011730019,BTC-PERPETUAL,TICK,0,109995,0
1762011730055,BTC-PERPETUAL,TICK,0,110038,0
1762011730068,BTC-PERPETUAL,TICK,0,110038,0
1762011730120,BTC-PERPETUAL,TICK,0,109996,0
1762011730133,BTC-PERPETUAL,TICK,0,109996,0
1762011730178,BTC-PERPETUAL,TICK,0,110038,0
1762011730188,BTC-PERPETUAL,TICK,0,110038,0
1762011730223,BTC-PERPETUAL,TICK,0,109998,0
1762011730229,BTC-PERPETUAL,TICK,0,109998,0
1762011730264,BTC-PERPETUAL,TICK,0,110036,0
1762011730268,BTC-PERPETUAL,TICK,0,110036,0
1762011730303,BTC-PERPETUAL,TICK,0,109998,0
1762011730307,BTC-PERPETUAL,TICK,0,109998,0
1762011730347,BTC-PERPETUAL,TICK,0,0,0
1762011730355,BTC-PERPETUAL,TICK,0,0,0
1762011730400,BTC-PERPETUAL,TICK,0,110000,0
1762011730409,BTC-PERPETUAL,TICK,0,110000,0
1762011730449,BTC-PERPETUAL,TICK,0,110034,0
1762011730454,BTC-PERPETUAL,TICK,0,110034,0
1762011730493,BTC-PERPETUAL,TICK,0,110000,0
1762011730501,BTC-PERPETUAL,TICK,0,110000,0
1762011730546,BTC-PERPETUAL,TICK,0,110034,0
1762011730556,BTC-PERPETUAL,TICK,0,110034,0
1762011730589,BTC-PERPETUAL,TICK,0,110002,0
1762011730596,BTC-PERPETUAL,TICK,0,110002,0
1762011730640,BTC-PERPETUAL,TICK,0,110033,0
1762011730648,BTC-PERPETUAL,TICK,0,110033,0
1762011730684,BTC-PERPETUAL,TICK,0,110002,0
1762011730690,BTC-PERPETUAL,TICK,0,110002,0
1762011730724,BTC-PERPETUAL,TICK,0,110031,0
1762011730731,BTC-PERPETUAL,TICK,0,110031,0
1762011730766,BTC-PERPETUAL,TICK,0,110006,0
1762011730771,BTC-PERPETUAL,TICK,0,110006,0
1762011730801,BTC-PERPETUAL,TICK,0,110030,0
1762011730807,BTC-PERPETUAL,TICK,0,110030,0
1762011730843,BTC-PERPETUAL,TICK,0,110006,0
1762011730847,BTC-PERPETUAL,TICK,0,110006,0
1762011730884,BTC-PERPETUAL,TICK,0,110030,0
1762011730889,BTC-PERPETUAL,TICK,0,110030,0
1762011730926,BTC-PERPETUAL,TICK,0,110007,0
1762011730935,BTC-PERPETUAL,TICK,0,110007,0
1762011730971,BTC-PERPETUAL,TICK,0,110030,0
1762011730976,BTC-PERPETUAL,TICK,0,110030,0
1762011731019,BTC-PERPETUAL,TICK,0,110008,0
1762011731027,BTC-PERPETUAL,TICK,0,110008,0
1762011731073,BTC-PERPETUAL,TICK,0,110024,0
1762011731081,BTC-PERPETUAL,TICK,0,110024,0
1762011731112,BTC-PERPETUAL,TICK,0,110008,0
1762011731119,BTC-PERPETUAL,TICK,0,110008,0
1762011731156,BTC-PERPETUAL,TICK,0,110024,0
1762011731161,BTC-PERPETUAL,TICK,0,110024,0
1762011731194,BTC-PERPETUAL,TICK,0,110008,0
1762011731201,BTC-PERPETUAL,TICK,0,110008,0
1762011731230,BTC-PERPETUAL,TICK,0,110023,0
1762011731234,BTC-PERPETUAL,TICK,0,110023,0
1762011731271,BTC-PERPETUAL,TICK,0,110009,0
1762011731279,BTC-PERPETUAL,TICK,0,110009,0
1762011731318,BTC-PERPETUAL,TICK,0,110020,0
1762011731329,BTC-PERPETUAL,TICK,0,110020,0
1762011731380,BTC-PERPETUAL,TICK,0,110010,0
1762011731387,BTC-PERPETUAL,TICK,0,110010,0
1762011731429,BTC-PERPETUAL,TICK,0,110010,0
1762011731437,BTC-PERPETUAL,TICK,0,110010,0
1762011731477,BTC-PERPETUAL,TICK,0,110010,0
1762011731482,BTC-PERPETUAL,TICK,0,110010,0
1762011733213,ETH-PERPETUAL,TICK,0,3883.8,0
1762011733215,ETH-PERPETUAL,TICK,0,3883.8,0
1762011733250,ETH-PERPETUAL,TICK,0,3880.5,0
1762011733253,ETH-PERPETUAL,TICK,0,3880.5,0
1762011733282,ETH-PERPETUAL,TICK,0,3883.7,0
1762011733287,ETH-PERPETUAL,TICK,0,3883.7,0
1762011733316,ETH-PERPETUAL,TICK,0,3880.6,0
1762011733321,ETH-PERPETUAL,TICK,0,3880.6,0
1762011733352,ETH-PERPETUAL,TICK,0,3883.65,0
1762011733354,ETH-PERPETUAL,TICK,0,3883.65,0
1762011733384,ETH-PERPETUAL,TICK,0,3880.65,0
1762011733388,ETH-PERPETUAL,TICK,0,3880.65,0
1762011733416,ETH-PERPETUAL,TICK,0,3883.5,0
1762011733419,ETH-PERPETUAL,TICK,0,3883.5,0
1762011733449,ETH-PERPETUAL,TICK,0,3880.8,0
1762011733452,ETH-PERPETUAL,TICK,0,3880.8,0
1762011733481,ETH-PERPETUAL,TICK,0,3883.4,0
1762011733485,ETH-PERPETUAL,TICK,0,3883.4,0
1762011733514,ETH-PERPETUAL,TICK,0,3880.9,0
1762011733519,ETH-PERPETUAL,TICK,0,3880.9,0
1762011733553,ETH-PERPETUAL,TICK,0,3883.3,0
1762011733557,ETH-PERPETUAL,TICK,0,3883.3,0
1762011733589,ETH-PERPETUAL,TICK,0,3881,0
1762011733597,ETH-PERPETUAL,TICK,0,3881,0
1762011733643,ETH-PERPETUAL,TICK,0,3883.25,0
1762011733652,ETH-PERPETUAL,TICK,0,3883.25,0
1762011733692,ETH-PERPETUAL,TICK,0,3881.05,0
1762011733701,ETH-PERPETUAL,TICK,0,3881.05,0
1762011733744,ETH-PERPETUAL,TICK,0,3883.2,0
1762011733750,ETH-PERPETUAL,TICK,0,3883.2,0
1762011733788,ETH-PERPETUAL,TICK,0,3881.1,0
1762011733793,ETH-PERPETUAL,TICK,0,3881.1,0
1762011733828,ETH-PERPETUAL,TICK,0,3883.1,0
1762011733835,ETH-PERPETUAL,TICK,0,3883.1,0
1762011733884,ETH-PERPETUAL,TICK,0,3881.15,0
1762011733891,ETH-PERPETUAL,TICK,0,3881.15,0
1762011733921,ETH-PERPETUAL,TICK,0,3883.05,0
1762011733926,ETH-PERPETUAL,TICK,0,3883.05,0
1762011733966,ETH-PERPETUAL,TICK,0,3881.25,0
1762011733972,ETH-PERPETUAL,TICK,0,3881.25,0
1762011734007,ETH-PERPETUAL,TICK,0,3883,0
1762011734015,ETH-PERPETUAL,TICK,0,3883,0
1762011734057,ETH-PERPETUAL,TICK,0,3881.3,0
1762011734063,ETH-PERPETUAL,TICK,0,3881.3,0
1762011734101,ETH-PERPETUAL,TICK,0,3882.9,0
1762011734107,ETH-PERPETUAL,TICK,0,3882.9,0
1762011734142,ETH-PERPETUAL,TICK,0,3881.35,0
1762011734147,ETH-PERPETUAL,TICK,0,3881.35,0
1762011734182,ETH-PERPETUAL,TICK,0,3882.8,0
1762011734186,ETH-PERPETUAL,TICK,0,3882.8,0
1762011734227,ETH-PERPETUAL,TICK,0,3881.4,0
1762011734233,ETH-PERPETUAL,TICK,0,3881.4,0
1762011734272,ETH-PERPETUAL,TICK,0,3882.75,0
1762011734277,ETH-PERPETUAL,TICK,0,3882.75,0
1762011734309,ETH-PERPETUAL,TICK,0,3881.6,0
1762011734314,ETH-PERPETUAL,TICK,0,3881.6,0
1762011734342,ETH-PERPETUAL,TICK,0,3882.65,0
1762011734348,ETH-PERPETUAL,TICK,0,3882.65,0
1762011734382,ETH-PERPETUAL,TICK,0,3881.65,0
1762011734389,ETH-PERPETUAL,TICK,0,3881.65,0
1762011734424,ETH-PERPETUAL,TICK,0,3882.6,0
1762011734428,ETH-PERPETUAL,TICK,0,3882.6,0
1762011734459,ETH-PERPETUAL,TICK,0,3881.75,0
1762011734466,ETH-PERPETUAL,TICK,0,3881.75,0
1762011734500,ETH-PERPETUAL,TICK,0,3882.55,0
1762011734505,ETH-PERPETUAL,TICK,0,3882.55,0
1762011734538,ETH-PERPETUAL,TICK,0,3881.8,0
1762011734544,ETH-PERPETUAL,TICK,0,3881.8,0
1762011734576,ETH-PERPETUAL,TICK,0,3882.5,0
1762011734581,ETH-PERPETUAL,TICK,0,3882.5,0
1762011734611,ETH-PERPETUAL,TICK,0,3881.85,0
1762011734616,ETH-PERPETUAL,TICK,0,3881.85,0
1762011734650,ETH-PERPETUAL,TICK,0,3882.25,0
1762011734655,ETH-PERPETUAL,TICK,0,3882.25,0
1762011734690,ETH-PERPETUAL,TICK,0,3881.9,0
1762011734696,ETH-PERPETUAL,TICK,0,3881.9,0
1762011734733,ETH-PERPETUAL,TICK,0,3882.1,0
1762011734745,ETH-PERPETUAL,TICK,0,3882.1,0
1762011734787,ETH-PERPETUAL,TICK,0,3882.05,0
1762011734792,ETH-PERPETUAL,TICK,0,3882.05,0
1762011734837,BTC-PERPETUAL,TICK,0,110038,0
1762011734843,BTC-PERPETUAL,TICK,0,110038,0
1762011734884,BTC-PERPETUAL,TICK,0,110010,0
1762011734891,BTC-PERPETUAL,TICK,0,110010,0
1762011734928,BTC-PERPETUAL,TICK,0,110038,0
1762011734938,BTC-PERPETUAL,TICK,0,110038,0
1762011734983,BTC-PERPETUAL,TICK,0,109992,0
1762011734992,BTC-PERPETUAL,TICK,0,109992,0
1762011735039,BTC-PERPETUAL,TICK,0,110038,0
1762011735046,BTC-PERPETUAL,TICK,0,110038,0
1762011735089,BTC-PERPETUAL,TICK,0,109993,0
1762011735098,BTC-PERPETUAL,TICK,0,109993,0
1762011735140,BTC-PERPETUAL,TICK,0,110034,0
1762011735146,BTC-PERPETUAL,TICK,0,110034,0
1762011735178,BTC-PERPETUAL,TICK,0,109994,0
1762011735185,BTC-PERPETUAL,TICK,0,109994,0
1762011735231,BTC-PERPETUAL,TICK,0,110033,0
1762011735241,BTC-PERPETUAL,TICK,0,110033,0
1762011735275,BTC-PERPETUAL,TICK,0,109994,0
1762011735284,BTC-PERPETUAL,TICK,0,109994,0
1762011735325,BTC-PERPETUAL,TICK,0,110032,0
1762011735329,BTC-PERPETUAL,TICK,0,110032,0
1762011735364,BTC-PERPETUAL,TICK,0,109996,0
1762011735369,BTC-PERPETUAL,TICK,0,109996,0
1762011735409,BTC-PERPETUAL,TICK,0,110031,0
1762011735415,BTC-PERPETUAL,TICK,0,110031,0
1762011735456,BTC-PERPETUAL,TICK,0,109997,0
1762011735462,BTC-PERPETUAL,TICK,0,109997,0
1762011735498,BTC-PERPETUAL,TICK,0,110030,0
1762011735506,BTC-PERPETUAL,TICK,0,110030,0
1762011735546,BTC-PERPETUAL,TICK,0,109998,0
1762011735552,BTC-PERPETUAL,TICK,0,109998,0
1762011735590,BTC-PERPETUAL,TICK,0,110030,0
1762011735599,BTC-PERPETUAL,TICK,0,110030,0
1762011735640,BTC-PERPETUAL,TICK,0,110000,0
1762011735647,BTC-PERPETUAL,TICK,0,110000,0
1762011735685,BTC-PERPETUAL,TICK,0,110030,0
1762011735690,BTC-PERPETUAL,TICK,0,110030,0
1762011735730,BTC-PERPETUAL,TICK,0,110000,0
1762011735736,BTC-PERPETUAL,TICK,0,110000,0
1762011735778,BTC-PERPETUAL,TICK,0,110029,0
1762011735785,BTC-PERPETUAL,TICK,0,110029,0
1762011735830,BTC-PERPETUAL,TICK,0,110000,0
1762011735836,BTC-PERPETUAL,TICK,0,110000,0
1762011735876,BTC-PERPETUAL,TICK,0,110028,0
1762011735883,BTC-PERPETUAL,TICK,0,110028,0
1762011735925,BTC-PERPETUAL,TICK,0,110006,0
1762011735931,BTC-PERPETUAL,TICK,0,110006,0
1762011735982,BTC-PERPETUAL,TICK,0,110028,0
1762011735989,BTC-PERPETUAL,TICK,0,110028,0
1762011736042,BTC-PERPETUAL,TICK,0,110006,0
1762011736051,BTC-PERPETUAL,TICK,0,110006,0
1762011736107,BTC-PERPETUAL,TICK,0,110028,0
1762011736116,BTC-PERPETUAL,TICK,0,110028,0
1762011736171,BTC-PERPETUAL,TICK,0,110007,0
1762011736181,BTC-PERPETUAL,TICK,0,110007,0
1762011736236,BTC-PERPETUAL,TICK,0,110024,0
1762011736245,BTC-PERPETUAL,TICK,0,110024,0
1762011736297,BTC-PERPETUAL,TICK,0,110008,0
1762011736306,BTC-PERPETUAL,TICK,0,110008,0
1762011736352,BTC-PERPETUAL,TICK,0,110024,0
1762011736358,BTC-PERPETUAL,TICK,0,110024,0
1762011736405,BTC-PERPETUAL,TICK,0,110008,0
1762011736412,BTC-PERPETUAL,TICK,0,110008,0
1762011736458,BTC-PERPETUAL,TICK,0,110023,0
1762011736465,BTC-PERPETUAL,TICK,0,110023,0
1762011736519,BTC-PERPETUAL,TICK,0,110008,0
1762011736527,BTC-PERPETUAL,TICK,0,110008,0
1762011736570,BTC-PERPETUAL,TICK,0,110022,0
1762011736577,BTC-PERPETUAL,TICK,0,110022,0
1762011736616,BTC-PERPETUAL,TICK,0,110009,0
1762011736623,BTC-PERPETUAL,TICK,0,110009,0
1762011736668,BTC-PERPETUAL,TICK,0,110020,0
1762011736674,BTC-PERPETUAL,TICK,0,110020,0
1762011736720,BTC-PERPETUAL,TICK,0,110010,0
1762011736728,BTC-PERPETUAL,TICK,0,110010,0
1762011736773,BTC-PERPETUAL,TICK,0,110010,0
1762011736780,BTC-PERPETUAL,TICK,0,110010,0
1762011736821,BTC-PERPETUAL,TICK,0,110010,0
1762011736827,BTC-PERPETUAL,TICK,0,110010,0
1762011737617,BTC-PERPETUAL,TICK,0,109955,0
1762011737623,BTC-PERPETUAL,TICK,0,109955,0
1762011738478,ETH-PERPETUAL,TICK,0,3883.65,0
1762011738483,ETH-PERPETUAL,TICK,0,3883.65,0
1762011738563,ETH-PERPETUAL,TICK,0,3880.6,0
1762011738568,ETH-PERPETUAL,TICK,0,3880.6,0
1762011738627,ETH-PERPETUAL,TICK,0,3883.5,0
1762011738634,ETH-PERPETUAL,TICK,0,3883.5,0
1762011738703,ETH-PERPETUAL,TICK,0,3880.65,0
1762011738713,ETH-PERPETUAL,TICK,0,3880.65,0
1762011738768,ETH-PERPETUAL,TICK,0,3883.4,0
1762011738776,ETH-PERPETUAL,TICK,0,3883.4,0
1762011738827,ETH-PERPETUAL,TICK,0,3880.8,0
1762011738835,ETH-PERPETUAL,TICK,0,3880.8,0
1762011738897,ETH-PERPETUAL,TICK,0,3883.3,0
1762011738903,ETH-PERPETUAL,TICK,0,3883.3,0
1762011738966,ETH-PERPETUAL,TICK,0,3881,0
1762011738975,ETH-PERPETUAL,TICK,0,3881,0
1762011739034,ETH-PERPETUAL,TICK,0,3883.25,0
1762011739045,ETH-PERPETUAL,TICK,0,3883.25,0
1762011739098,ETH-PERPETUAL,TICK,0,3881.05,0
1762011739106,ETH-PERPETUAL,TICK,0,3881.05,0
1762011739153,ETH-PERPETUAL,TICK,0,3883.2,0
1762011739162,ETH-PERPETUAL,TICK,0,3883.2,0
1762011739218,ETH-PERPETUAL,TICK,0,3881.1,0
1762011739230,ETH-PERPETUAL,TICK,0,3881.1,0
1762011739282,ETH-PERPETUAL,TICK,0,3883.15,0
1762011739292,ETH-PERPETUAL,TICK,0,3883.15,0
1762011739346,ETH-PERPETUAL,TICK,0,3881.15,0
1762011739357,ETH-PERPETUAL,TICK,0,3881.15,0
1762011739420,ETH-PERPETUAL,TICK,0,3883.1,0
1762011739429,ETH-PERPETUAL,TICK,0,3883.1,0
1762011739488,ETH-PERPETUAL,TICK,0,3881.2,0
1762011739494,ETH-PERPETUAL,TICK,0,3881.2,0
1762011739544,ETH-PERPETUAL,TICK,0,3883.05,0
1762011739552,ETH-PERPETUAL,TICK,0,3883.05,0
1762011739607,ETH-PERPETUAL,TICK,0,3881.25,0
1762011739619,ETH-PERPETUAL,TICK,0,3881.25,0
1762011739663,ETH-PERPETUAL,TICK,0,3883,0
1762011739675,ETH-PERPETUAL,TICK,0,3883,0
1762011739736,ETH-PERPETUAL,TICK,0,3882.9,0
1762011739747,ETH-PERPETUAL,TICK,0,3882.9,0
1762011739796,ETH-PERPETUAL,TICK,0,3881.35,0
1762011739804,ETH-PERPETUAL,TICK,0,3881.35,0
1762011739840,ETH-PERPETUAL,TICK,0,3882.85,0
1762011739846,ETH-PERPETUAL,TICK,0,3882.85,0
1762011739880,ETH-PERPETUAL,TICK,0,3881.4,0
1762011739885,ETH-PERPETUAL,TICK,0,3881.4,0
1762011739920,ETH-PERPETUAL,TICK,0,3882.8,0
1762011739924,ETH-PERPETUAL,TICK,0,3882.8,0
1762011739956,ETH-PERPETUAL,TICK,0,3881.6,0
1762011739962,ETH-PERPETUAL,TICK,0,3881.6,0
1762011739998,ETH-PERPETUAL,TICK,0,3882.75,0
1762011740003,ETH-PERPETUAL,TICK,0,3882.75,0
1762011740037,ETH-PERPETUAL,TICK,0,3881.65,0
1762011740042,ETH-PERPETUAL,TICK,0,3881.65,0
1762011740074,ETH-PERPETUAL,TICK,0,3882.65,0
1762011740080,ETH-PERPETUAL,TICK,0,3882.65,0
1762011740119,ETH-PERPETUAL,TICK,0,3881.7,0
1762011740123,ETH-PERPETUAL,TICK,0,3881.7,0
1762011740160,ETH-PERPETUAL,TICK,0,3882.6,0
1762011740166,ETH-PERPETUAL,TICK,0,3882.6,0
1762011740201,ETH-PERPETUAL,TICK,0,3881.75,0
1762011740209,ETH-PERPETUAL,TICK,0,3881.75,0
1762011740251,ETH-PERPETUAL,TICK,0,3882.55,0
1762011740260,ETH-PERPETUAL,TICK,0,3882.55,0
1762011740305,ETH-PERPETUAL,TICK,0,3881.8,0
1762011740311,ETH-PERPETUAL,TICK,0,3881.8,0
1762011740343,ETH-PERPETUAL,TICK,0,3882.5,0
1762011740350,ETH-PERPETUAL,TICK,0,3882.5,0
1762011740384,ETH-PERPETUAL,TICK,0,3881.85,0
1762011740389,ETH-PERPETUAL,TICK,0,3881.85,0
1762011740423,ETH-PERPETUAL,TICK,0,3882.4,0
1762011740428,ETH-PERPETUAL,TICK,0,3882.4,0
1762011740462,ETH-PERPETUAL,TICK,0,3881.9,0
1762011740467,ETH-PERPETUAL,TICK,0,3881.9,0
1762011740498,ETH-PERPETUAL,TICK,0,3882.1,0
1762011740503,ETH-PERPETUAL,TICK,0,3882.1,0
1762011740537,ETH-PERPETUAL,TICK,0,3882.05,0
1762011740542,ETH-PERPETUAL,TICK,0,3882.05,0
1762011740577,BTC-PERPETUAL,TICK,0,110040,0
1762011740583,BTC-PERPETUAL,TICK,0,110040,0
1762011740622,BTC-PERPETUAL,TICK,0,110010,0
1762011740628,BTC-PERPETUAL,TICK,0,110010,0
1762011740662,BTC-PERPETUAL,TICK,0,110038,0
1762011740668,BTC-PERPETUAL,TICK,0,110038,0
1762011740707,BTC-PERPETUAL,TICK,0,109992,0
1762011740720,BTC-PERPETUAL,TICK,0,109992,0
1762011740764,BTC-PERPETUAL,TICK,0,110038,0
1762011740770,BTC-PERPETUAL,TICK,0,110038,0
1762011740810,BTC-PERPETUAL,TICK,0,109992,0
1762011740817,BTC-PERPETUAL,TICK,0,109992,0
1762011740858,BTC-PERPETUAL,TICK,0,110034,0
1762011740864,BTC-PERPETUAL,TICK,0,110034,0
1762011740901,BTC-PERPETUAL,TICK,0,109994,0
1762011740907,BTC-PERPETUAL,TICK,0,109994,0
1762011740948,BTC-PERPETUAL,TICK,0,110033,0
1762011740954,BTC-PERPETUAL,TICK,0,110033,0
1762011740993,BTC-PERPETUAL,TICK,0,109996,0
1762011740999,BTC-PERPETUAL,TICK,0,109996,0
1762011741038,BTC-PERPETUAL,TICK,0,110032,0
1762011741043,BTC-PERPETUAL,TICK,0,110032,0
1762011741089,BTC-PERPETUAL,TICK,0,109997,0
1762011741094,BTC-PERPETUAL,TICK,0,109997,0
1762011741146,BTC-PERPETUAL,TICK,0,110031,0
1762011741156,BTC-PERPETUAL,TICK,0,110031,0
1762011741199,BTC-PERPETUAL,TICK,0,109998,0
1762011741207,BTC-PERPETUAL,TICK,0,109998,0
1762011741252,BTC-PERPETUAL,TICK,0,110030,0
1762011741260,BTC-PERPETUAL,TICK,0,110030,0
1762011741306,BTC-PERPETUAL,TICK,0,110000,0
1762011741313,BTC-PERPETUAL,TICK,0,110000,0
1762011741359,BTC-PERPETUAL,TICK,0,110030,0
1762011741367,BTC-PERPETUAL,TICK,0,110030,0
1762011741406,BTC-PERPETUAL,TICK,0,110000,0
1762011741411,BTC-PERPETUAL,TICK,0,110000,0
1762011741445,BTC-PERPETUAL,TICK,0,110030,0
1762011741452,BTC-PERPETUAL,TICK,0,110030,0
1762011741492,BTC-PERPETUAL,TICK,0,110000,0
1762011741500,BTC-PERPETUAL,TICK,0,110000,0
1762011741551,BTC-PERPETUAL,TICK,0,110029,0
1762011741558,BTC-PERPETUAL,TICK,0,110029,0
1762011741593,BTC-PERPETUAL,TICK,0,110001,0
1762011741597,BTC-PERPETUAL,TICK,0,110001,0
1762011741639,BTC-PERPETUAL,TICK,0,110028,0
1762011741644,BTC-PERPETUAL,TICK,0,110028,0
1762011741681,BTC-PERPETUAL,TICK,0,110006,0
1762011741685,BTC-PERPETUAL,TICK,0,110006,0
1762011741724,BTC-PERPETUAL,TICK,0,110028,0
1762011741729,BTC-PERPETUAL,TICK,0,110028,0
1762011741775,BTC-PERPETUAL,TICK,0,110006,0
1762011741780,BTC-PERPETUAL,TICK,0,110006,0
1762011741820,BTC-PERPETUAL,TICK,0,110025,0
1762011741826,BTC-PERPETUAL,TICK,0,110025,0
1762011741858,BTC-PERPETUAL,TICK,0,110007,0
1762011741866,BTC-PERPETUAL,TICK,0,110007,0
1762011741899,BTC-PERPETUAL,TICK,0,110024,0
1762011741904,BTC-PERPETUAL,TICK,0,110024,0
1762011741939,BTC-PERPETUAL,TICK,0,110008,0
1762011741946,BTC-PERPETUAL,TICK,0,110008,0
1762011741988,BTC-PERPETUAL,TICK,0,110023,0
1762011741998,BTC-PERPETUAL,TICK,0,110023,0
1762011742035,BTC-PERPETUAL,TICK,0,110008,0
1762011742044,BTC-PERPETUAL,TICK,0,110008,0
1762011742083,BTC-PERPETUAL,TICK,0,110022,0
1762011742090,BTC-PERPETUAL,TICK,0,110022,0
1762011742125,BTC-PERPETUAL,TICK,0,110008,0
1762011742129,BTC-PERPETUAL,TICK,0,110008,0
1762011742163,BTC-PERPETUAL,TICK,0,110020,0
1762011742167,BTC-PERPETUAL,TICK,0,110020,0
1762011742201,BTC-PERPETUAL,TICK,0,110009,0
1762011742207,BTC-PERPETUAL,TICK,0,110009,0
1762011742236,BTC-PERPETUAL,TICK,0,110018,0
1762011742243,BTC-PERPETUAL,TICK,0,110018,0
1762011742273,BTC-PERPETUAL,TICK,0,110010,0
1762011742277,BTC-PERPETUAL,TICK,0,110010,0
1762011742312,BTC-PERPETUAL,TICK,0,110010,0
1762011742317,BTC-PERPETUAL,TICK,0,110010,0
1762011742351,BTC-PERPETUAL,TICK,0,110010,0
1762011742357,BTC-PERPETUAL,TICK,0,110010,0
1762011743750,ETH-PERPETUAL,TICK,0,3884.1,0
1762011743755,ETH-PERPETUAL,TICK,0,3884.1,0
1762011743803,ETH-PERPETUAL,TICK,0,3881.15,0
1762011743806,ETH-PERPETUAL,TICK,0,3881.15,0
1762011743845,ETH-PERPETUAL,TICK,0,3884.05,0
1762011743851,ETH-PERPETUAL,TICK,0,3884.05,0
1762011743899,ETH-PERPETUAL,TICK,0,3881.25,0
1762011743907,ETH-PERPETUAL,TICK,0,3881.25,0
1762011743980,ETH-PERPETUAL,TICK,0,3884,0
1762011743986,ETH-PERPETUAL,TICK,0,3884,0
1762011744036,ETH-PERPETUAL,TICK,0,3881.3,0
1762011744044,ETH-PERPETUAL,TICK,0,3881.3,0
1762011744088,ETH-PERPETUAL,TICK,0,3883.9,0
1762011744096,ETH-PERPETUAL,TICK,0,3883.9,0
1762011744135,ETH-PERPETUAL,TICK,0,3881.35,0
1762011744145,ETH-PERPETUAL,TICK,0,3881.35,0
1762011744186,ETH-PERPETUAL,TICK,0,3883.85,0
1762011744192,ETH-PERPETUAL,TICK,0,3883.85,0
1762011744235,ETH-PERPETUAL,TICK,0,3881.4,0
1762011744242,ETH-PERPETUAL,TICK,0,3881.4,0
1762011744281,ETH-PERPETUAL,TICK,0,3883.8,0
1762011744289,ETH-PERPETUAL,TICK,0,3883.8,0
1762011744331,ETH-PERPETUAL,TICK,0,3881.45,0
1762011744340,ETH-PERPETUAL,TICK,0,3881.45,0
1762011744394,ETH-PERPETUAL,TICK,0,3883.7,0
1762011744400,ETH-PERPETUAL,TICK,0,3883.7,0
1762011744446,ETH-PERPETUAL,TICK,0,3881.5,0
1762011744453,ETH-PERPETUAL,TICK,0,3881.5,0
1762011744497,ETH-PERPETUAL,TICK,0,3883.65,0
1762011744501,ETH-PERPETUAL,TICK,0,3883.65,0
1762011744552,ETH-PERPETUAL,TICK,0,3881.55,0
1762011744562,ETH-PERPETUAL,TICK,0,3881.55,0
1762011744608,ETH-PERPETUAL,TICK,0,3883.55,0
1762011744615,ETH-PERPETUAL,TICK,0,3883.55,0
1762011744660,ETH-PERPETUAL,TICK,0,3881.6,0
1762011744669,ETH-PERPETUAL,TICK,0,3881.6,0
1762011744715,ETH-PERPETUAL,TICK,0,3883.5,0
1762011744723,ETH-PERPETUAL,TICK,0,3883.5,0
1762011744771,ETH-PERPETUAL,TICK,0,3881.65,0
1762011744779,ETH-PERPETUAL,TICK,0,3881.65,0
1762011744831,ETH-PERPETUAL,TICK,0,3883.45,0
1762011744837,ETH-PERPETUAL,TICK,0,3883.45,0
1762011744883,ETH-PERPETUAL,TICK,0,3881.75,0
1762011744890,ETH-PERPETUAL,TICK,0,3881.75,0
1762011744935,ETH-PERPETUAL,TICK,0,3883.4,0
1762011744943,ETH-PERPETUAL,TICK,0,3883.4,0
1762011744990,ETH-PERPETUAL,TICK,0,3881.8,0
1762011744997,ETH-PERPETUAL,TICK,0,3881.8,0
1762011745039,ETH-PERPETUAL,TICK,0,3883.3,0
1762011745045,ETH-PERPETUAL,TICK,0,3883.3,0
1762011745092,ETH-PERPETUAL,TICK,0,3881.85,0
1762011745098,ETH-PERPETUAL,TICK,0,3881.85,0
1762011745146,ETH-PERPETUAL,TICK,0,3883.25,0
1762011745152,ETH-PERPETUAL,TICK,0,3883.25,0
1762011745199,ETH-PERPETUAL,TICK,0,3881.9,0
1762011745210,ETH-PERPETUAL,TICK,0,3881.9,0
1762011745256,ETH-PERPETUAL,TICK,0,3883.2,0
1762011745266,ETH-PERPETUAL,TICK,0,3883.2,0
1762011745321,ETH-PERPETUAL,TICK,0,3882.05,0
1762011745333,ETH-PERPETUAL,TICK,0,3882.05,0
1762011745382,ETH-PERPETUAL,TICK,0,3883.15,0
1762011745393,ETH-PERPETUAL,TICK,0,3883.15,0
1762011745436,ETH-PERPETUAL,TICK,0,3882.1,0
1762011745446,ETH-PERPETUAL,TICK,0,3882.1,0
1762011745499,ETH-PERPETUAL,TICK,0,3883,0
1762011745506,ETH-PERPETUAL,TICK,0,3883,0
1762011745550,ETH-PERPETUAL,TICK,0,3882.15,0
1762011745555,ETH-PERPETUAL,TICK,0,3882.15,0
1762011745604,ETH-PERPETUAL,TICK,0,3882.95,0
1762011745609,ETH-PERPETUAL,TICK,0,3882.95,0
1762011745652,ETH-PERPETUAL,TICK,0,3882.25,0
1762011745658,ETH-PERPETUAL,TICK,0,3882.25,0
1762011745700,ETH-PERPETUAL,TICK,0,3882.75,0
1762011745705,ETH-PERPETUAL,TICK,0,3882.75,0
1762011745754,ETH-PERPETUAL,TICK,0,3882.35,0
1762011745761,ETH-PERPETUAL,TICK,0,3882.35,0
1762011745807,ETH-PERPETUAL,TICK,0,3882.5,0
1762011745812,ETH-PERPETUAL,TICK,0,3882.5,0
1762011745854,ETH-PERPETUAL,TICK,0,3882.4,0
1762011745861,ETH-PERPETUAL,TICK,0,3882.4,0
1762011745907,BTC-PERPETUAL,TICK,0,110042,0
1762011745914,BTC-PERPETUAL,TICK,0,110042,0
1762011745962,BTC-PERPETUAL,TICK,0,110010,0
1762011745969,BTC-PERPETUAL,TICK,0,110010,0
1762011746011,BTC-PERPETUAL,TICK,0,110040,0
1762011746016,BTC-PERPETUAL,TICK,0,110040,0
1762011746064,BTC-PERPETUAL,TICK,0,109994,0
1762011746070,BTC-PERPETUAL,TICK,0,109994,0
1762011746115,BTC-PERPETUAL,TICK,0,110040,0
1762011746125,BTC-PERPETUAL,TICK,0,110040,0
1762011746167,BTC-PERPETUAL,TICK,0,109995,0
1762011746173,BTC-PERPETUAL,TICK,0,109995,0
1762011746222,BTC-PERPETUAL,TICK,0,110038,0
1762011746228,BTC-PERPETUAL,TICK,0,110038,0
1762011746269,BTC-PERPETUAL,TICK,0,109996,0
1762011746276,BTC-PERPETUAL,TICK,0,109996,0
1762011746320,BTC-PERPETUAL,TICK,0,110038,0
1762011746327,BTC-PERPETUAL,TICK,0,110038,0
1762011746374,BTC-PERPETUAL,TICK,0,109998,0
1762011746383,BTC-PERPETUAL,TICK,0,109998,0
1762011746426,BTC-PERPETUAL,TICK,0,110038,0
1762011746433,BTC-PERPETUAL,TICK,0,110038,0
1762011746487,BTC-PERPETUAL,TICK,0,109998,0
1762011746496,BTC-PERPETUAL,TICK,0,109998,0
1762011746547,BTC-PERPETUAL,TICK,0,110036,0
1762011746554,BTC-PERPETUAL,TICK,0,110036,0
1762011746597,BTC-PERPETUAL,TICK,0,110000,0
1762011746605,BTC-PERPETUAL,TICK,0,110000,0
1762011746652,BTC-PERPETUAL,TICK,0,110034,0
1762011746660,BTC-PERPETUAL,TICK,0,110034,0
1762011746707,BTC-PERPETUAL,TICK,0,110000,0
1762011746714,BTC-PERPETUAL,TICK,0,110000,0
1762011746762,BTC-PERPETUAL,TICK,0,110033,0
1762011746770,BTC-PERPETUAL,TICK,0,110033,0
1762011746814,BTC-PERPETUAL,TICK,0,110000,0
1762011746820,BTC-PERPETUAL,TICK,0,110000,0
1762011746867,BTC-PERPETUAL,TICK,0,110032,0
1762011746872,BTC-PERPETUAL,TICK,0,110032,0
1762011746920,BTC-PERPETUAL,TICK,0,110001,0
1762011746927,BTC-PERPETUAL,TICK,0,110001,0
1762011746969,BTC-PERPETUAL,TICK,0,110031,0
1762011746978,BTC-PERPETUAL,TICK,0,110031,0
1762011747025,BTC-PERPETUAL,TICK,0,110004,0
1762011747032,BTC-PERPETUAL,TICK,0,110004,0
1762011747078,BTC-PERPETUAL,TICK,0,110028,0
1762011747085,BTC-PERPETUAL,TICK,0,110028,0
1762011747137,BTC-PERPETUAL,TICK,0,110006,0
1762011747143,BTC-PERPETUAL,TICK,0,110006,0
1762011747186,BTC-PERPETUAL,TICK,0,110028,0
1762011747194,BTC-PERPETUAL,TICK,0,110028,0
1762011747243,BTC-PERPETUAL,TICK,0,110006,0
1762011747249,BTC-PERPETUAL,TICK,0,110006,0
1762011747302,BTC-PERPETUAL,TICK,0,110025,0
1762011747307,BTC-PERPETUAL,TICK,0,110025,0
1762011747356,BTC-PERPETUAL,TICK,0,110007,0
1762011747364,BTC-PERPETUAL,TICK,0,110007,0
1762011747416,BTC-PERPETUAL,TICK,0,110024,0
1762011747424,BTC-PERPETUAL,TICK,0,110024,0
1762011747470,BTC-PERPETUAL,TICK,0,110008,0
1762011747478,BTC-PERPETUAL,TICK,0,110008,0
1762011747521,BTC-PERPETUAL,TICK,0,110022,0
1762011747529,BTC-PERPETUAL,TICK,0,110022,0
1762011747580,BTC-PERPETUAL,TICK,0,110008,0
1762011747587,BTC-PERPETUAL,TICK,0,110008,0
1762011747640,BTC-PERPETUAL,TICK,0,110022,0
1762011747650,BTC-PERPETUAL,TICK,0,110022,0
1762011747699,BTC-PERPETUAL,TICK,0,110008,0
1762011747707,BTC-PERPETUAL,TICK,0,110008,0
1762011747763,BTC-PERPETUAL,TICK,0,110020,0
1762011747772,BTC-PERPETUAL,TICK,0,110020,0
1762011747828,BTC-PERPETUAL,TICK,0,110009,0
1762011747836,BTC-PERPETUAL,TICK,0,110009,0
1762011747893,BTC-PERPETUAL,TICK,0,110018,0
1762011747901,BTC-PERPETUAL,TICK,0,110018,0
1762011747962,BTC-PERPETUAL,TICK,0,110010,0
1762011747972,BTC-PERPETUAL,TICK,0,110010,0
1762011748046,BTC-PERPETUAL,TICK,0,110010,0
1762011748056,BTC-PERPETUAL,TICK,0,110010,0
1762011748142,BTC-PERPETUAL,TICK,0,110010,0
1762011748152,BTC-PERPETUAL,TICK,0,110010,0
1762011749078,ETH-PERPETUAL,TICK,0,3883.55,0
1762011749097,ETH-PERPETUAL,TICK,0,3883.55,0
1762011749146,ETH-PERPETUAL,TICK,0,3880.8,0
1762011749150,ETH-PERPETUAL,TICK,0,3880.8,0
1762011749192,ETH-PERPETUAL,TICK,0,3883.5,0
1762011749196,ETH-PERPETUAL,TICK,0,3883.5,0
1762011749241,ETH-PERPETUAL,TICK,0,3880.95,0
1762011749246,ETH-PERPETUAL,TICK,0,3880.95,0
1762011749287,ETH-PERPETUAL,TICK,0,3883.45,0
1762011749291,ETH-PERPETUAL,TICK,0,3883.45,0
1762011749335,ETH-PERPETUAL,TICK,0,3881,0
1762011749342,ETH-PERPETUAL,TICK,0,3881,0
1762011749379,ETH-PERPETUAL,TICK,0,3883.4,0
1762011749386,ETH-PERPETUAL,TICK,0,3883.4,0
1762011749427,ETH-PERPETUAL,TICK,0,3881.05,0
1762011749433,ETH-PERPETUAL,TICK,0,3881.05,0
1762011749477,ETH-PERPETUAL,TICK,0,3883.3,0
1762011749483,ETH-PERPETUAL,TICK,0,3883.3,0
1762011749524,ETH-PERPETUAL,TICK,0,3881.1,0
1762011749530,ETH-PERPETUAL,TICK,0,3881.1,0
1762011749573,ETH-PERPETUAL,TICK,0,3883.25,0
1762011749580,ETH-PERPETUAL,TICK,0,3883.25,0
1762011749629,ETH-PERPETUAL,TICK,0,3881.15,0
1762011749639,ETH-PERPETUAL,TICK,0,3881.15,0
1762011749685,ETH-PERPETUAL,TICK,0,3883.2,0
1762011749690,ETH-PERPETUAL,TICK,0,3883.2,0
1762011749736,ETH-PERPETUAL,TICK,0,3881.25,0
1762011749741,ETH-PERPETUAL,TICK,0,3881.25,0
1762011749792,ETH-PERPETUAL,TICK,0,3883.15,0
1762011749800,ETH-PERPETUAL,TICK,0,3883.15,0
1762011749844,ETH-PERPETUAL,TICK,0,3881.3,0
1762011749851,ETH-PERPETUAL,TICK,0,3881.3,0
1762011749891,ETH-PERPETUAL,TICK,0,3883.1,0
1762011749898,ETH-PERPETUAL,TICK,0,3883.1,0
1762011749941,ETH-PERPETUAL,TICK,0,3881.35,0
1762011749950,ETH-PERPETUAL,TICK,0,3881.35,0
1762011749993,ETH-PERPETUAL,TICK,0,3883.05,0
1762011750001,ETH-PERPETUAL,TICK,0,3883.05,0
1762011750049,ETH-PERPETUAL,TICK,0,3881.4,0
1762011750056,ETH-PERPETUAL,TICK,0,3881.4,0
1762011750098,ETH-PERPETUAL,TICK,0,3883,0
1762011750102,ETH-PERPETUAL,TICK,0,3883,0
1762011750143,ETH-PERPETUAL,TICK,0,3881.5,0
1762011750152,ETH-PERPETUAL,TICK,0,3881.5,0
1762011750193,ETH-PERPETUAL,TICK,0,3882.9,0
1762011750204,ETH-PERPETUAL,TICK,0,3882.9,0
1762011750254,ETH-PERPETUAL,TICK,0,3881.6,0
1762011750261,ETH-PERPETUAL,TICK,0,3881.6,0
1762011750308,ETH-PERPETUAL,TICK,0,3882.85,0
1762011750313,ETH-PERPETUAL,TICK,0,3882.85,0
1762011750353,ETH-PERPETUAL,TICK,0,3881.65,0
1762011750358,ETH-PERPETUAL,TICK,0,3881.65,0
1762011750398,ETH-PERPETUAL,TICK,0,3882.75,0
1762011750404,ETH-PERPETUAL,TICK,0,3882.75,0
1762011750440,ETH-PERPETUAL,TICK,0,3881.75,0
1762011750446,ETH-PERPETUAL,TICK,0,3881.75,0
1762011750484,ETH-PERPETUAL,TICK,0,3882.7,0
1762011750491,ETH-PERPETUAL,TICK,0,3882.7,0
1762011750536,ETH-PERPETUAL,TICK,0,3881.8,0
1762011750544,ETH-PERPETUAL,TICK,0,3881.8,0
1762011750580,ETH-PERPETUAL,TICK,0,3882.65,0
1762011750586,ETH-PERPETUAL,TICK,0,3882.65,0
1762011750633,ETH-PERPETUAL,TICK,0,3881.85,0
1762011750642,ETH-PERPETUAL,TICK,0,3881.85,0
1762011750696,ETH-PERPETUAL,TICK,0,3882.5,0
1762011750706,ETH-PERPETUAL,TICK,0,3882.5,0
1762011750759,ETH-PERPETUAL,TICK,0,3881.9,0
1762011750766,ETH-PERPETUAL,TICK,0,3881.9,0
1762011750808,ETH-PERPETUAL,TICK,0,3882.45,0
1762011750814,ETH-PERPETUAL,TICK,0,3882.45,0
1762011750856,ETH-PERPETUAL,TICK,0,3882,0
1762011750884,ETH-PERPETUAL,TICK,0,3882,0
1762011750901,ETH-PERPETUAL,TICK,0,3882.4,0
1762011750908,ETH-PERPETUAL,TICK,0,3882.4,0
1762011750942,ETH-PERPETUAL,TICK,0,3882.05,0
1762011750948,ETH-PERPETUAL,TICK,0,3882.05,0
1762011750987,ETH-PERPETUAL,TICK,0,3882.15,0
1762011750993,ETH-PERPETUAL,TICK,0,3882.15,0
1762011751036,ETH-PERPETUAL,TICK,0,3882.1,0
1762011751043,ETH-PERPETUAL,TICK,0,3882.1,0
1762011751092,BTC-PERPETUAL,TICK,0,110046,0
1762011751100,BTC-PERPETUAL,TICK,0,110046,0
1762011751148,BTC-PERPETUAL,TICK,0,110010,0
1762011751154,BTC-PERPETUAL,TICK,0,110010,0
1762011751208,BTC-PERPETUAL,TICK,0,110045,0
1762011751217,BTC-PERPETUAL,TICK,0,110045,0
1762011751267,BTC-PERPETUAL,TICK,0,109992,0
1762011751273,BTC-PERPETUAL,TICK,0,109992,0
1762011751328,BTC-PERPETUAL,TICK,0,110044,0
1762011751337,BTC-PERPETUAL,TICK,0,110044,0
1762011751392,BTC-PERPETUAL,TICK,0,109994,0
1762011751401,BTC-PERPETUAL,TICK,0,109994,0
1762011751465,BTC-PERPETUAL,TICK,0,110044,0
1762011751475,BTC-PERPETUAL,TICK,0,110044,0
1762011749832,BTC-PERPETUAL,TICK,0,109994,0
1762011749843,BTC-PERPETUAL,TICK,0,109994,0
1762011749906,BTC-PERPETUAL,TICK,0,110043,0
1762011749916,BTC-PERPETUAL,TICK,0,110043,0
1762011749974,BTC-PERPETUAL,TICK,0,109995,0
1762011749984,BTC-PERPETUAL,TICK,0,109995,0
1762011750040,BTC-PERPETUAL,TICK,0,110010,0
1762011750048,BTC-PERPETUAL,TICK,0,110010,0
1762011750111,BTC-PERPETUAL,TICK,0,110042,0
1762011750123,BTC-PERPETUAL,TICK,0,110042,0
1762011750182,BTC-PERPETUAL,TICK,0,109996,0
1762011750191,BTC-PERPETUAL,TICK,0,109996,0
1762011750246,BTC-PERPETUAL,TICK,0,110040,0
1762011750254,BTC-PERPETUAL,TICK,0,110040,0
1762011750307,BTC-PERPETUAL,TICK,0,109998,0
1762011750317,BTC-PERPETUAL,TICK,0,109998,0
1762011750364,BTC-PERPETUAL,TICK,0,110039,0
1762011750375,BTC-PERPETUAL,TICK,0,110039,0
1762011750424,BTC-PERPETUAL,TICK,0,110000,0
1762011750432,BTC-PERPETUAL,TICK,0,110000,0
1762011750479,BTC-PERPETUAL,TICK,0,110038,0
1762011750487,BTC-PERPETUAL,TICK,0,110038,0
1762011750531,BTC-PERPETUAL,TICK,0,110000,0
1762011750536,BTC-PERPETUAL,TICK,0,110000,0
1762011750587,BTC-PERPETUAL,TICK,0,110038,0
1762011750594,BTC-PERPETUAL,TICK,0,110038,0
1762011750641,BTC-PERPETUAL,TICK,0,110000,0
1762011750649,BTC-PERPETUAL,TICK,0,110000,0
1762011750694,BTC-PERPETUAL,TICK,0,110038,0
1762011750701,BTC-PERPETUAL,TICK,0,110038,0
1762011750744,BTC-PERPETUAL,TICK,0,110006,0
1762011750750,BTC-PERPETUAL,TICK,0,110006,0
1762011750805,BTC-PERPETUAL,TICK,0,110036,0
1762011750812,BTC-PERPETUAL,TICK,0,110036,0
1762011750865,BTC-PERPETUAL,TICK,0,110006,0
1762011750873,BTC-PERPETUAL,TICK,0,110006,0
1762011750922,BTC-PERPETUAL,TICK,0,110036,0
1762011750933,BTC-PERPETUAL,TICK,0,110036,0
1762011750979,BTC-PERPETUAL,TICK,0,110006,0
1762011750986,BTC-PERPETUAL,TICK,0,110006,0
1762011751040,BTC-PERPETUAL,TICK,0,110031,0
1762011751047,BTC-PERPETUAL,TICK,0,110031,0
1762011751093,BTC-PERPETUAL,TICK,0,110007,0
1762011751102,BTC-PERPETUAL,TICK,0,110007,0
1762011751150,BTC-PERPETUAL,TICK,0,110030,0
1762011751157,BTC-PERPETUAL,TICK,0,110030,0
1762011751204,BTC-PERPETUAL,TICK,0,110008,0
1762011751211,BTC-PERPETUAL,TICK,0,110008,0
1762011751256,BTC-PERPETUAL,TICK,0,110028,0
1762011751263,BTC-PERPETUAL,TICK,0,110028,0
1762011751315,BTC-PERPETUAL,TICK,0,110008,0
1762011751325,BTC-PERPETUAL,TICK,0,110008,0
1762011751376,BTC-PERPETUAL,TICK,0,110025,0
1762011751384,BTC-PERPETUAL,TICK,0,110025,0
1762011751427,BTC-PERPETUAL,TICK,0,110008,0
1762011751436,BTC-PERPETUAL,TICK,0,110008,0
1762011751479,BTC-PERPETUAL,TICK,0,110020,0
1762011751486,BTC-PERPETUAL,TICK,0,110020,0
1762011751528,BTC-PERPETUAL,TICK,0,110020,0
1762011751535,BTC-PERPETUAL,TICK,0,110020,0
1762011751577,BTC-PERPETUAL,TICK,0,110009,0
1762011751585,BTC-PERPETUAL,TICK,0,110009,0
1762011751624,BTC-PERPETUAL,TICK,0,110020,0
1762011751630,BTC-PERPETUAL,TICK,0,110020,0
1762011751636,BTC-PERPETUAL,TICK,0,110020,0
1762011751640,BTC-PERPETUAL,TICK,0,110020,0
1762011751671,BTC-PERPETUAL,TICK,0,110010,0
1762011751678,BTC-PERPETUAL,TICK,0,110010,0
1762011751716,BTC-PERPETUAL,TICK,0,110020,0
1762011751723,BTC-PERPETUAL,TICK,0,110020,0
1762011751730,BTC-PERPETUAL,TICK,0,110010,0
1762011751737,BTC-PERPETUAL,TICK,0,110010,0
1762011751772,BTC-PERPETUAL,TICK,0,110010,0
1762011751776,BTC-PERPETUAL,TICK,0,110010,0
1762011751822,BTC-PERPETUAL,TICK,0,0,0
1762011751833,BTC-PERPETUAL,TICK,0,0,0
1762011751881,BTC-PERPETUAL,TICK,0,110137,0
1762011751888,BTC-PERPETUAL,TICK,0,110137,0
1762011751935,BTC-PERPETUAL,TICK,0,110137,0
1762011751944,BTC-PERPETUAL,TICK,0,110137,0
1762011751988,BTC-PERPETUAL,TICK,0,110210,0
1762011751997,BTC-PERPETUAL,TICK,0,110210,0
1762011752036,BTC-PERPETUAL,TICK,0,110137,0
1762011752042,BTC-PERPETUAL,TICK,0,110137,0
1762011752079,BTC-PERPETUAL,TICK,0,109904,0
1762011752085,BTC-PERPETUAL,TICK,0,109904,0
1762011752131,BTC-PERPETUAL,TICK,0,109916,0
1762011752140,BTC-PERPETUAL,TICK,0,109916,0
1762011752201,BTC-PERPETUAL,TICK,0,110010,0
1762011752210,BTC-PERPETUAL,TICK,0,110010,0
1762011752250,BTC-PERPETUAL,TICK,0,109904,0
1762011752258,BTC-PERPETUAL,TICK,0,109904,0
1762011752657,ETH-PERPETUAL,TICK,0,3884.2,0
1762011752666,ETH-PERPETUAL,TICK,0,3884.2,0
1762011752721,ETH-PERPETUAL,TICK,0,3881.1,0
1762011752726,ETH-PERPETUAL,TICK,0,3881.1,0
1762011752786,ETH-PERPETUAL,TICK,0,3884.1,0
1762011752795,ETH-PERPETUAL,TICK,0,3884.1,0
1762011752877,ETH-PERPETUAL,TICK,0,3881.15,0
1762011752885,ETH-PERPETUAL,TICK,0,3881.15,0
1762011752946,BTC-PERPETUAL,TICK,0,109956,0
1762011752952,BTC-PERPETUAL,TICK,0,109956,0
1762011753014,ETH-PERPETUAL,TICK,0,3884.05,0
1762011753025,ETH-PERPETUAL,TICK,0,3884.05,0
1762011753073,ETH-PERPETUAL,TICK,0,3881.25,0
1762011753079,ETH-PERPETUAL,TICK,0,3881.25,0
1762011753138,ETH-PERPETUAL,TICK,0,3884,0
1762011753146,ETH-PERPETUAL,TICK,0,3884,0
1762011753192,ETH-PERPETUAL,TICK,0,3881.3,0
1762011753199,ETH-PERPETUAL,TICK,0,3881.3,0
1762011753241,ETH-PERPETUAL,TICK,0,3883.9,0
1762011753248,ETH-PERPETUAL,TICK,0,3883.9,0
1762011753289,ETH-PERPETUAL,TICK,0,3881.35,0
1762011753296,ETH-PERPETUAL,TICK,0,3881.35,0
1762011753342,ETH-PERPETUAL,TICK,0,3883.85,0
1762011753354,ETH-PERPETUAL,TICK,0,3883.85,0
1762011753398,ETH-PERPETUAL,TICK,0,3881.4,0
1762011753403,ETH-PERPETUAL,TICK,0,3881.4,0
1762011753447,ETH-PERPETUAL,TICK,0,3883.8,0
1762011753456,ETH-PERPETUAL,TICK,0,3883.8,0
1762011753506,ETH-PERPETUAL,TICK,0,3881.5,0
1762011753513,ETH-PERPETUAL,TICK,0,3881.5,0
1762011753566,ETH-PERPETUAL,TICK,0,3883.7,0
1762011753576,ETH-PERPETUAL,TICK,0,3883.7,0
1762011753626,ETH-PERPETUAL,TICK,0,3881.55,0
1762011753632,ETH-PERPETUAL,TICK,0,3881.55,0
1762011753676,ETH-PERPETUAL,TICK,0,3883.65,0
1762011753684,ETH-PERPETUAL,TICK,0,3883.65,0
1762011753738,ETH-PERPETUAL,TICK,0,3881.6,0
1762011753744,ETH-PERPETUAL,TICK,0,3881.6,0
1762011753792,ETH-PERPETUAL,TICK,0,3883.5,0
1762011753802,ETH-PERPETUAL,TICK,0,3883.5,0
1762011753853,ETH-PERPETUAL,TICK,0,3881.65,0
1762011753858,ETH-PERPETUAL,TICK,0,3881.65,0
1762011753908,ETH-PERPETUAL,TICK,0,3883.45,0
1762011753915,ETH-PERPETUAL,TICK,0,3883.45,0
1762011753964,ETH-PERPETUAL,TICK,0,3881.75,0
1762011753968,ETH-PERPETUAL,TICK,0,3881.75,0
1762011754015,ETH-PERPETUAL,TICK,0,3883.4,0
1762011754022,ETH-PERPETUAL,TICK,0,3883.4,0
1762011754068,ETH-PERPETUAL,TICK,0,3881.8,0
1762011754078,ETH-PERPETUAL,TICK,0,3881.8,0
1762011754127,ETH-PERPETUAL,TICK,0,3883.3,0
1762011754139,ETH-PERPETUAL,TICK,0,3883.3,0
1762011754176,ETH-PERPETUAL,TICK,0,3881.85,0
1762011754182,ETH-PERPETUAL,TICK,0,3881.85,0
1762011754231,ETH-PERPETUAL,TICK,0,3883.25,0
1762011754237,ETH-PERPETUAL,TICK,0,3883.25,0
1762011754280,ETH-PERPETUAL,TICK,0,3882,0
1762011754285,ETH-PERPETUAL,TICK,0,3882,0
1762011754329,ETH-PERPETUAL,TICK,0,3883.2,0
1762011754337,ETH-PERPETUAL,TICK,0,3883.2,0
1762011754376,ETH-PERPETUAL,TICK,0,3882.05,0
1762011754383,ETH-PERPETUAL,TICK,0,3882.05,0
1762011754431,ETH-PERPETUAL,TICK,0,3883.1,0
1762011754435,ETH-PERPETUAL,TICK,0,3883.1,0
1762011754481,ETH-PERPETUAL,TICK,0,3882.1,0
1762011754493,ETH-PERPETUAL,TICK,0,3882.1,0
1762011754536,ETH-PERPETUAL,TICK,0,3883,0
1762011754545,ETH-PERPETUAL,TICK,0,3883,0
1762011754578,ETH-PERPETUAL,TICK,0,3882.15,0
1762011754582,ETH-PERPETUAL,TICK,0,3882.15,0
1762011754635,ETH-PERPETUAL,TICK,0,3882.8,0
1762011754644,ETH-PERPETUAL,TICK,0,3882.8,0
1762011754686,ETH-PERPETUAL,TICK,0,3882.25,0
1762011754691,ETH-PERPETUAL,TICK,0,3882.25,0
1762011754730,ETH-PERPETUAL,TICK,0,3882.75,0
1762011754738,ETH-PERPETUAL,TICK,0,3882.75,0
1762011754781,ETH-PERPETUAL,TICK,0,3882.35,0
1762011754784,ETH-PERPETUAL,TICK,0,3882.35,0
1762011754834,ETH-PERPETUAL,TICK,0,3882.5,0
1762011754842,ETH-PERPETUAL,TICK,0,3882.5,0
1762011754879,ETH-PERPETUAL,TICK,0,3882.4,0
1762011754888,ETH-PERPETUAL,TICK,0,3882.4,0
1762011754919,BTC-PERPETUAL,TICK,0,110054,0
1762011754922,BTC-PERPETUAL,TICK,0,110054,0
1762011754959,BTC-PERPETUAL,TICK,0,110010,0
1762011754964,BTC-PERPETUAL,TICK,0,110010,0
1762011755008,BTC-PERPETUAL,TICK,0,110052,0
1762011755014,BTC-PERPETUAL,TICK,0,110052,0
1762011755054,BTC-PERPETUAL,TICK,0,109996,0
1762011755061,BTC-PERPETUAL,TICK,0,109996,0
1762011755098,BTC-PERPETUAL,TICK,0,110052,0
1762011755103,BTC-PERPETUAL,TICK,0,110052,0
1762011755145,BTC-PERPETUAL,TICK,0,110000,0
1762011755152,BTC-PERPETUAL,TICK,0,110000,0
1762011755193,BTC-PERPETUAL,TICK,0,110050,0
1762011755200,BTC-PERPETUAL,TICK,0,110050,0
1762011755237,BTC-PERPETUAL,TICK,0,110000,0
1762011755243,BTC-PERPETUAL,TICK,0,110000,0
1762011755276,BTC-PERPETUAL,TICK,0,110048,0
1762011755283,BTC-PERPETUAL,TICK,0,110048,0
1762011755323,BTC-PERPETUAL,TICK,0,110000,0
1762011755328,BTC-PERPETUAL,TICK,0,110000,0
1762011755365,BTC-PERPETUAL,TICK,0,110048,0
1762011755370,BTC-PERPETUAL,TICK,0,110048,0
1762011755417,BTC-PERPETUAL,TICK,0,110006,0
1762011755428,BTC-PERPETUAL,TICK,0,110006,0
1762011755475,BTC-PERPETUAL,TICK,0,110048,0
1762011755482,BTC-PERPETUAL,TICK,0,110048,0
1762011755532,BTC-PERPETUAL,TICK,0,110006,0
1762011755539,BTC-PERPETUAL,TICK,0,110006,0
1762011755589,BTC-PERPETUAL,TICK,0,110047,0
1762011755596,BTC-PERPETUAL,TICK,0,110047,0
1762011755636,BTC-PERPETUAL,TICK,0,110010,0
1762011755643,BTC-PERPETUAL,TICK,0,110010,0
1762011755682,BTC-PERPETUAL,TICK,0,110014,0
1762011755687,BTC-PERPETUAL,TICK,0,110014,0
1762011755733,BTC-PERPETUAL,TICK,0,110014,0
1762011755738,BTC-PERPETUAL,TICK,0,110014,0
1762011755781,BTC-PERPETUAL,TICK,0,110046,0
1762011755790,BTC-PERPETUAL,TICK,0,110046,0
1762011755828,BTC-PERPETUAL,TICK,0,110010,0
1762011755833,BTC-PERPETUAL,TICK,0,110010,0
1762011755869,BTC-PERPETUAL,TICK,0,110046,0
1762011755875,BTC-PERPETUAL,TICK,0,110046,0
1762011755912,BTC-PERPETUAL,TICK,0,110010,0
1762011755917,BTC-PERPETUAL,TICK,0,110010,0
1762011755953,BTC-PERPETUAL,TICK,0,110044,0
1762011755958,BTC-PERPETUAL,TICK,0,110044,0
1762011755995,BTC-PERPETUAL,TICK,0,110011,0
1762011756001,BTC-PERPETUAL,TICK,0,110011,0
1762011756042,BTC-PERPETUAL,TICK,0,110044,0
1762011756048,BTC-PERPETUAL,TICK,0,110044,0
1762011756091,BTC-PERPETUAL,TICK,0,110012,0
1762011756097,BTC-PERPETUAL,TICK,0,110012,0
1762011756134,BTC-PERPETUAL,TICK,0,110040,0
1762011756141,BTC-PERPETUAL,TICK,0,110040,0
1762011756187,BTC-PERPETUAL,TICK,0,110016,0
1762011756197,BTC-PERPETUAL,TICK,0,110016,0
1762011756242,BTC-PERPETUAL,TICK,0,110040,0
1762011756247,BTC-PERPETUAL,TICK,0,110040,0
1762011756291,BTC-PERPETUAL,TICK,0,110016,0
1762011756297,BTC-PERPETUAL,TICK,0,110016,0
1762011756341,BTC-PERPETUAL,TICK,0,109957,0
1762011756347,BTC-PERPETUAL,TICK,0,109957,0
1762011756387,BTC-PERPETUAL,TICK,0,110038,0
1762011756392,BTC-PERPETUAL,TICK,0,110038,0
1762011756438,BTC-PERPETUAL,TICK,0,110017,0
1762011756446,BTC-PERPETUAL,TICK,0,110017,0
1762011756497,BTC-PERPETUAL,TICK,0,110037,0
1762011756503,BTC-PERPETUAL,TICK,0,110037,0
1762011756553,BTC-PERPETUAL,TICK,0,110018,0
1762011756559,BTC-PERPETUAL,TICK,0,110018,0
1762011756609,BTC-PERPETUAL,TICK,0,110036,0
1762011756617,BTC-PERPETUAL,TICK,0,110036,0
1762011756669,BTC-PERPETUAL,TICK,0,110018,0
1762011756682,BTC-PERPETUAL,TICK,0,110018,0
1762011756733,BTC-PERPETUAL,TICK,0,110033,0
1762011756742,BTC-PERPETUAL,TICK,0,110033,0
1762011756784,BTC-PERPETUAL,TICK,0,110018,0
1762011756789,BTC-PERPETUAL,TICK,0,110018,0
1762011756830,BTC-PERPETUAL,TICK,0,110030,0
1762011756835,BTC-PERPETUAL,TICK,0,110030,0
1762011756880,BTC-PERPETUAL,TICK,0,110019,0
1762011756887,BTC-PERPETUAL,TICK,0,110019,0
1762011756927,BTC-PERPETUAL,TICK,0,110020,0
1762011756933,BTC-PERPETUAL,TICK,0,110020,0
1762011756978,BTC-PERPETUAL,TICK,0,110020,0
1762011756985,BTC-PERPETUAL,TICK,0,110020,0
1762011757026,BTC-PERPETUAL,TICK,0,110014,0
1762011757033,BTC-PERPETUAL,TICK,0,110014,0
1762011757909,ETH-PERPETUAL,TICK,0,3884.1,0
1762011757912,ETH-PERPETUAL,TICK,0,3884.1,0
1762011757951,ETH-PERPETUAL,TICK,0,3880.8,0
1762011757959,ETH-PERPETUAL,TICK,0,3880.8,0
1762011757998,ETH-PERPETUAL,TICK,0,3884.05,0
1762011758005,ETH-PERPETUAL,TICK,0,3884.05,0
1762011758046,ETH-PERPETUAL,TICK,0,3881,0
1762011758056,ETH-PERPETUAL,TICK,0,3881,0
1762011758096,ETH-PERPETUAL,TICK,0,3884,0
1762011758099,ETH-PERPETUAL,TICK,0,3884,0
1762011758137,ETH-PERPETUAL,TICK,0,3881.1,0
1762011758141,ETH-PERPETUAL,TICK,0,3881.1,0
1762011758178,ETH-PERPETUAL,TICK,0,3883.9,0
1762011758184,ETH-PERPETUAL,TICK,0,3883.9,0
1762011758226,ETH-PERPETUAL,TICK,0,3881.15,0
1762011758229,ETH-PERPETUAL,TICK,0,3881.15,0
1762011758273,ETH-PERPETUAL,TICK,0,3883.85,0
1762011758280,ETH-PERPETUAL,TICK,0,3883.85,0
1762011758321,ETH-PERPETUAL,TICK,0,3881.25,0
1762011758328,ETH-PERPETUAL,TICK,0,3881.25,0
1762011758368,ETH-PERPETUAL,TICK,0,3883.8,0
1762011758375,ETH-PERPETUAL,TICK,0,3883.8,0
1762011758425,ETH-PERPETUAL,TICK,0,3881.3,0
1762011758431,ETH-PERPETUAL,TICK,0,3881.3,0
1762011758469,ETH-PERPETUAL,TICK,0,3883.75,0
1762011758478,ETH-PERPETUAL,TICK,0,3883.75,0
1762011758523,ETH-PERPETUAL,TICK,0,3881.35,0
1762011758529,ETH-PERPETUAL,TICK,0,3881.35,0
1762011758574,ETH-PERPETUAL,TICK,0,3883.7,0
1762011758581,ETH-PERPETUAL,TICK,0,3883.7,0
1762011758627,ETH-PERPETUAL,TICK,0,3881.4,0
1762011758634,ETH-PERPETUAL,TICK,0,3881.4,0
1762011758681,ETH-PERPETUAL,TICK,0,3883.65,0
1762011758689,ETH-PERPETUAL,TICK,0,3883.65,0
1762011758734,ETH-PERPETUAL,TICK,0,3881.5,0
1762011758741,ETH-PERPETUAL,TICK,0,3881.5,0
1762011758793,ETH-PERPETUAL,TICK,0,3883.5,0
1762011758798,ETH-PERPETUAL,TICK,0,3883.5,0
1762011758868,ETH-PERPETUAL,TICK,0,3881.55,0
1762011758879,ETH-PERPETUAL,TICK,0,3881.55,0
1762011758929,ETH-PERPETUAL,TICK,0,3883.45,0
1762011758938,ETH-PERPETUAL,TICK,0,3883.45,0
1762011758987,ETH-PERPETUAL,TICK,0,3881.6,0
1762011758996,ETH-PERPETUAL,TICK,0,3881.6,0
1762011759051,ETH-PERPETUAL,TICK,0,3883.4,0
1762011759056,ETH-PERPETUAL,TICK,0,3883.4,0
1762011759110,ETH-PERPETUAL,TICK,0,3881.65,0
1762011759119,ETH-PERPETUAL,TICK,0,3881.65,0
1762011759170,ETH-PERPETUAL,TICK,0,3883.3,0
1762011759175,ETH-PERPETUAL,TICK,0,3883.3,0
1762011759216,ETH-PERPETUAL,TICK,0,3881.75,0
1762011759225,ETH-PERPETUAL,TICK,0,3881.75,0
1762011759279,ETH-PERPETUAL,TICK,0,3883.25,0
1762011759286,ETH-PERPETUAL,TICK,0,3883.25,0
1762011759342,ETH-PERPETUAL,TICK,0,3881.8,0
1762011759352,ETH-PERPETUAL,TICK,0,3881.8,0
1762011759395,ETH-PERPETUAL,TICK,0,3883.2,0
1762011759402,ETH-PERPETUAL,TICK,0,3883.2,0
1762011759444,ETH-PERPETUAL,TICK,0,3881.85,0
1762011759449,ETH-PERPETUAL,TICK,0,3881.85,0
1762011759500,ETH-PERPETUAL,TICK,0,3883.15,0
1762011759507,ETH-PERPETUAL,TICK,0,3883.15,0
1762011759558,ETH-PERPETUAL,TICK,0,3882.05,0
1762011759563,ETH-PERPETUAL,TICK,0,3882.05,0
1762011759613,ETH-PERPETUAL,TICK,0,3883.05,0
1762011759620,ETH-PERPETUAL,TICK,0,3883.05,0
1762011759665,ETH-PERPETUAL,TICK,0,3882.1,0
1762011759673,ETH-PERPETUAL,TICK,0,3882.1,0
1762011759727,ETH-PERPETUAL,TICK,0,3883,0
1762011759733,ETH-PERPETUAL,TICK,0,3883,0
1762011759790,ETH-PERPETUAL,TICK,0,3882.15,0
1762011759795,ETH-PERPETUAL,TICK,0,3882.15,0
1762011759862,ETH-PERPETUAL,TICK,0,3882.9,0
1762011759871,ETH-PERPETUAL,TICK,0,3882.9,0
1762011759924,ETH-PERPETUAL,TICK,0,3882.35,0
1762011759935,ETH-PERPETUAL,TICK,0,3882.35,0
1762011759982,ETH-PERPETUAL,TICK,0,3882.5,0
1762011759990,ETH-PERPETUAL,TICK,0,3882.5,0
1762011760036,ETH-PERPETUAL,TICK,0,3882.4,0
1762011760040,ETH-PERPETUAL,TICK,0,3882.4,0
1762011760083,BTC-PERPETUAL,TICK,0,110020,0
1762011760089,BTC-PERPETUAL,TICK,0,110020,0
1762011760145,BTC-PERPETUAL,TICK,0,110056,0
1762011760153,BTC-PERPETUAL,TICK,0,110056,0
1762011760197,BTC-PERPETUAL,TICK,0,110020,0
1762011760207,BTC-PERPETUAL,TICK,0,110020,0
1762011760261,BTC-PERPETUAL,TICK,0,110056,0
1762011760268,BTC-PERPETUAL,TICK,0,110056,0
1762011760320,BTC-PERPETUAL,TICK,0,110010,0
1762011760326,BTC-PERPETUAL,TICK,0,110010,0
1762011760388,BTC-PERPETUAL,TICK,0,110055,0
1762011760396,BTC-PERPETUAL,TICK,0,110055,0
1762011760451,BTC-PERPETUAL,TICK,0,110012,0
1762011760459,BTC-PERPETUAL,TICK,0,110012,0
1762011760506,BTC-PERPETUAL,TICK,0,110054,0
1762011760513,BTC-PERPETUAL,TICK,0,110054,0
1762011760556,BTC-PERPETUAL,TICK,0,110014,0
1762011760562,BTC-PERPETUAL,TICK,0,110014,0
1762011760616,BTC-PERPETUAL,TICK,0,110053,0
1762011760623,BTC-PERPETUAL,TICK,0,110053,0
1762011760670,BTC-PERPETUAL,TICK,0,110014,0
1762011760677,BTC-PERPETUAL,TICK,0,110014,0
1762011760735,BTC-PERPETUAL,TICK,0,110052,0
1762011760742,BTC-PERPETUAL,TICK,0,110052,0
1762011760790,BTC-PERPETUAL,TICK,0,110016,0
1762011760795,BTC-PERPETUAL,TICK,0,110016,0
1762011760845,BTC-PERPETUAL,TICK,0,110026,0
1762011760851,BTC-PERPETUAL,TICK,0,110026,0
1762011760913,BTC-PERPETUAL,TICK,0,110052,0
1762011760924,BTC-PERPETUAL,TICK,0,110052,0
1762011760992,BTC-PERPETUAL,TICK,0,110050,0
1762011761008,BTC-PERPETUAL,TICK,0,110050,0
1762011761068,BTC-PERPETUAL,TICK,0,110017,0
1762011761075,BTC-PERPETUAL,TICK,0,110017,0
1762011761127,BTC-PERPETUAL,TICK,0,110048,0
1762011761132,BTC-PERPETUAL,TICK,0,110048,0
1762011761183,BTC-PERPETUAL,TICK,0,110018,0
1762011761191,BTC-PERPETUAL,TICK,0,110018,0
1762011761247,BTC-PERPETUAL,TICK,0,110048,0
1762011761253,BTC-PERPETUAL,TICK,0,110048,0
1762011761309,BTC-PERPETUAL,TICK,0,110018,0
1762011761314,BTC-PERPETUAL,TICK,0,110018,0
1762011761367,BTC-PERPETUAL,TICK,0,110047,0
1762011761377,BTC-PERPETUAL,TICK,0,110047,0
1762011761440,BTC-PERPETUAL,TICK,0,110018,0
1762011761448,BTC-PERPETUAL,TICK,0,110018,0
1762011761501,BTC-PERPETUAL,TICK,0,110046,0
1762011761510,BTC-PERPETUAL,TICK,0,110046,0
1762011761559,BTC-PERPETUAL,TICK,0,110019,0
1762011761572,BTC-PERPETUAL,TICK,0,110019,0
1762011761622,BTC-PERPETUAL,TICK,0,110046,0
1762011761630,BTC-PERPETUAL,TICK,0,110046,0
1762011761680,BTC-PERPETUAL,TICK,0,110020,0
1762011761687,BTC-PERPETUAL,TICK,0,110020,0
1762011761726,BTC-PERPETUAL,TICK,0,110044,0
1762011761735,BTC-PERPETUAL,TICK,0,110044,0
1762011761789,BTC-PERPETUAL,TICK,0,110020,0
1762011761796,BTC-PERPETUAL,TICK,0,110020,0
1762011761843,BTC-PERPETUAL,TICK,0,110043,0
1762011761852,BTC-PERPETUAL,TICK,0,110043,0
1762011761896,BTC-PERPETUAL,TICK,0,110020,0
1762011761902,BTC-PERPETUAL,TICK,0,110020,0
1762011761948,BTC-PERPETUAL,TICK,0,110042,0
1762011761955,BTC-PERPETUAL,TICK,0,110042,0
1762011762006,BTC-PERPETUAL,TICK,0,110024,0
1762011762013,BTC-PERPETUAL,TICK,0,110024,0
1762011762053,BTC-PERPETUAL,TICK,0,110040,0
1762011762062,BTC-PERPETUAL,TICK,0,110040,0
1762011762108,BTC-PERPETUAL,TICK,0,110024,0
1762011762112,BTC-PERPETUAL,TICK,0,110024,0
1762011762150,BTC-PERPETUAL,TICK,0,110039,0
1762011762157,BTC-PERPETUAL,TICK,0,110039,0
1762011762196,BTC-PERPETUAL,TICK,0,110028,0
1762011762201,BTC-PERPETUAL,TICK,0,110028,0
1762011762241,BTC-PERPETUAL,TICK,0,110038,0
1762011762248,BTC-PERPETUAL,TICK,0,110038,0
1762011762286,BTC-PERPETUAL,TICK,0,110031,0
1762011762295,BTC-PERPETUAL,TICK,0,110031,0
1762011762339,BTC-PERPETUAL,TICK,0,110033,0
1762011762345,BTC-PERPETUAL,TICK,0,110033,0
1762011762393,BTC-PERPETUAL,TICK,0,110032,0
1762011762401,BTC-PERPETUAL,TICK,0,110032,0
1762011763181,ETH-PERPETUAL,TICK,0,3884.95,0
1762011763187,ETH-PERPETUAL,TICK,0,3884.95,0
1762011763227,ETH-PERPETUAL,TICK,0,3881.15,0
1762011763231,ETH-PERPETUAL,TICK,0,3881.15,0
1762011763269,ETH-PERPETUAL,TICK,0,3884.9,0
1762011763272,ETH-PERPETUAL,TICK,0,3884.9,0
1762011763308,ETH-PERPETUAL,TICK,0,3881.25,0
1762011763313,ETH-PERPETUAL,TICK,0,3881.25,0
1762011763348,ETH-PERPETUAL,TICK,0,3884.8,0
1762011763351,ETH-PERPETUAL,TICK,0,3884.8,0
1762011763388,ETH-PERPETUAL,TICK,0,3881.5,0
1762011763393,ETH-PERPETUAL,TICK,0,3881.5,0
1762011763431,ETH-PERPETUAL,TICK,0,3884.75,0
1762011763437,ETH-PERPETUAL,TICK,0,3884.75,0
1762011763480,ETH-PERPETUAL,TICK,0,3881.55,0
1762011763483,ETH-PERPETUAL,TICK,0,3881.55,0
1762011763528,ETH-PERPETUAL,TICK,0,3884.7,0
1762011763534,ETH-PERPETUAL,TICK,0,3884.7,0
1762011763569,ETH-PERPETUAL,TICK,0,3881.6,0
1762011763575,ETH-PERPETUAL,TICK,0,3881.6,0
1762011763617,ETH-PERPETUAL,TICK,0,3881.4,0
1762011763621,ETH-PERPETUAL,TICK,0,3881.4,0
1762011763674,ETH-PERPETUAL,TICK,0,3884.65,0
1762011763681,ETH-PERPETUAL,TICK,0,3884.65,0
1762011763720,ETH-PERPETUAL,TICK,0,3881.65,0
1762011763727,ETH-PERPETUAL,TICK,0,3881.65,0
1762011763765,ETH-PERPETUAL,TICK,0,3884.5,0
1762011763771,ETH-PERPETUAL,TICK,0,3884.5,0
1762011763822,ETH-PERPETUAL,TICK,0,3881.75,0
1762011763829,ETH-PERPETUAL,TICK,0,3881.75,0
1762011763876,ETH-PERPETUAL,TICK,0,3884.45,0
1762011763885,ETH-PERPETUAL,TICK,0,3884.45,0
1762011763930,ETH-PERPETUAL,TICK,0,3881.8,0
1762011763938,ETH-PERPETUAL,TICK,0,3881.8,0
1762011763981,ETH-PERPETUAL,TICK,0,3884.35,0
1762011763987,ETH-PERPETUAL,TICK,0,3884.35,0
1762011764030,ETH-PERPETUAL,TICK,0,3881.9,0
1762011764037,ETH-PERPETUAL,TICK,0,3881.9,0
1762011764080,ETH-PERPETUAL,TICK,0,3884.3,0
1762011764086,ETH-PERPETUAL,TICK,0,3884.3,0
1762011764129,BTC-PERPETUAL,TICK,0,110032,0
1762011764135,BTC-PERPETUAL,TICK,0,110032,0
1762011764177,ETH-PERPETUAL,TICK,0,3882,0
1762011764183,ETH-PERPETUAL,TICK,0,3882,0
1762011764224,ETH-PERPETUAL,TICK,0,3884.2,0
1762011764231,ETH-PERPETUAL,TICK,0,3884.2,0
1762011764280,ETH-PERPETUAL,TICK,0,3882.05,0
1762011764288,ETH-PERPETUAL,TICK,0,3882.05,0
1762011764337,ETH-PERPETUAL,TICK,0,3884.15,0
1762011764341,ETH-PERPETUAL,TICK,0,3884.15,0
1762011764387,ETH-PERPETUAL,TICK,0,3882.15,0
1762011764392,ETH-PERPETUAL,TICK,0,3882.15,0
1762011764441,ETH-PERPETUAL,TICK,0,3884.1,0
1762011764449,ETH-PERPETUAL,TICK,0,3884.1,0
1762011764503,BTC-PERPETUAL,TICK,0,110010,0
1762011764511,BTC-PERPETUAL,TICK,0,110010,0
1762011764561,ETH-PERPETUAL,TICK,0,3882.25,0
1762011764569,ETH-PERPETUAL,TICK,0,3882.25,0
1762011764617,ETH-PERPETUAL,TICK,0,3884,0
1762011764626,ETH-PERPETUAL,TICK,0,3884,0
1762011764671,ETH-PERPETUAL,TICK,0,3882.35,0
1762011764680,ETH-PERPETUAL,TICK,0,3882.35,0
1762011764733,ETH-PERPETUAL,TICK,0,3883.95,0
1762011764743,ETH-PERPETUAL,TICK,0,3883.95,0
1762011764784,ETH-PERPETUAL,TICK,0,3882.4,0
1762011764793,ETH-PERPETUAL,TICK,0,3882.4,0
1762011764836,ETH-PERPETUAL,TICK,0,3883.8,0
1762011764841,ETH-PERPETUAL,TICK,0,3883.8,0
1762011764890,ETH-PERPETUAL,TICK,0,3882.5,0
1762011764898,ETH-PERPETUAL,TICK,0,3882.5,0
1762011764944,ETH-PERPETUAL,TICK,0,3883.75,0
1762011764952,ETH-PERPETUAL,TICK,0,3883.75,0
1762011764995,ETH-PERPETUAL,TICK,0,3882.65,0
1762011765003,ETH-PERPETUAL,TICK,0,3882.65,0
1762011765050,ETH-PERPETUAL,TICK,0,3883.7,0
1762011765060,ETH-PERPETUAL,TICK,0,3883.7,0
1762011765127,ETH-PERPETUAL,TICK,0,3882.75,0
1762011765137,ETH-PERPETUAL,TICK,0,3882.75,0
1762011765196,ETH-PERPETUAL,TICK,0,3883.5,0
1762011765206,ETH-PERPETUAL,TICK,0,3883.5,0
1762011765263,ETH-PERPETUAL,TICK,0,3882.8,0
1762011765269,ETH-PERPETUAL,TICK,0,3882.8,0
1762011765328,ETH-PERPETUAL,TICK,0,3883,0
1762011765336,ETH-PERPETUAL,TICK,0,3883,0
1762011765391,ETH-PERPETUAL,TICK,0,3882.9,0
1762011765400,ETH-PERPETUAL,TICK,0,3882.9,0
1762011765448,BTC-PERPETUAL,TICK,0,110063,0
1762011765453,BTC-PERPETUAL,TICK,0,110063,0
1762011765503,BTC-PERPETUAL,TICK,0,110032,0
1762011765510,BTC-PERPETUAL,TICK,0,110032,0
1762011765553,BTC-PERPETUAL,TICK,0,110062,0
1762011765559,BTC-PERPETUAL,TICK,0,110062,0
1762011765599,BTC-PERPETUAL,TICK,0,110012,0
1762011765607,BTC-PERPETUAL,TICK,0,110012,0
1762011765650,BTC-PERPETUAL,TICK,0,110061,0
1762011765658,BTC-PERPETUAL,TICK,0,110061,0
1762011765706,BTC-PERPETUAL,TICK,0,110015,0
1762011765715,BTC-PERPETUAL,TICK,0,110015,0
1762011765759,BTC-PERPETUAL,TICK,0,110060,0
1762011765767,BTC-PERPETUAL,TICK,0,110060,0
1762011765818,BTC-PERPETUAL,TICK,0,110018,0
1762011765828,BTC-PERPETUAL,TICK,0,110018,0
1762011765877,BTC-PERPETUAL,TICK,0,110060,0
1762011765885,BTC-PERPETUAL,TICK,0,110060,0
1762011765939,BTC-PERPETUAL,TICK,0,110018,0
1762011765946,BTC-PERPETUAL,TICK,0,110018,0
1762011765993,BTC-PERPETUAL,TICK,0,110059,0
1762011765999,BTC-PERPETUAL,TICK,0,110059,0
1762011766047,BTC-PERPETUAL,TICK,0,110020,0
1762011766057,BTC-PERPETUAL,TICK,0,110020,0
1762011766101,BTC-PERPETUAL,TICK,0,110058,0
1762011766107,BTC-PERPETUAL,TICK,0,110058,0
1762011766156,BTC-PERPETUAL,TICK,0,110022,0
1762011766163,BTC-PERPETUAL,TICK,0,110022,0
1762011766210,BTC-PERPETUAL,TICK,0,110056,0
1762011766218,BTC-PERPETUAL,TICK,0,110056,0
1762011766260,BTC-PERPETUAL,TICK,0,110026,0
1762011766265,BTC-PERPETUAL,TICK,0,110026,0
1762011766306,BTC-PERPETUAL,TICK,0,110056,0
1762011766311,BTC-PERPETUAL,TICK,0,110056,0
1762011766357,BTC-PERPETUAL,TICK,0,110027,0
1762011766364,BTC-PERPETUAL,TICK,0,110027,0
1762011766411,BTC-PERPETUAL,TICK,0,110055,0
1762011766418,BTC-PERPETUAL,TICK,0,110055,0
1762011766469,BTC-PERPETUAL,TICK,0,110028,0
1762011766477,BTC-PERPETUAL,TICK,0,110028,0
1762011766527,BTC-PERPETUAL,TICK,0,110054,0
1762011766536,BTC-PERPETUAL,TICK,0,110054,0
1762011766586,BTC-PERPETUAL,TICK,0,110028,0
1762011766594,BTC-PERPETUAL,TICK,0,110028,0
1762011766642,BTC-PERPETUAL,TICK,0,110054,0
1762011766650,BTC-PERPETUAL,TICK,0,110054,0
1762011766694,BTC-PERPETUAL,TICK,0,110028,0
1762011766701,BTC-PERPETUAL,TICK,0,110028,0
1762011766752,BTC-PERPETUAL,TICK,0,110050,0
1762011766758,BTC-PERPETUAL,TICK,0,110050,0
1762011766807,BTC-PERPETUAL,TICK,0,110029,0
1762011766812,BTC-PERPETUAL,TICK,0,110029,0
1762011766851,BTC-PERPETUAL,TICK,0,110047,0
1762011766859,BTC-PERPETUAL,TICK,0,110047,0
1762011766902,BTC-PERPETUAL,TICK,0,110030,0
1762011766907,BTC-PERPETUAL,TICK,0,110030,0
1762011766950,BTC-PERPETUAL,TICK,0,110046,0
1762011766956,BTC-PERPETUAL,TICK,0,110046,0
1762011767001,BTC-PERPETUAL,TICK,0,110030,0
1762011767008,BTC-PERPETUAL,TICK,0,110030,0
1762011767048,BTC-PERPETUAL,TICK,0,110046,0
1762011767055,BTC-PERPETUAL,TICK,0,110046,0
1762011767104,BTC-PERPETUAL,TICK,0,110030,0
1762011767114,BTC-PERPETUAL,TICK,0,110030,0
1762011767170,BTC-PERPETUAL,TICK,0,110045,0
1762011767176,BTC-PERPETUAL,TICK,0,110045,0
1762011767220,BTC-PERPETUAL,TICK,0,110031,0
1762011767227,BTC-PERPETUAL,TICK,0,110031,0
1762011767271,BTC-PERPETUAL,TICK,0,110040,0
1762011767275,BTC-PERPETUAL,TICK,0,110040,0
1762011767312,BTC-PERPETUAL,TICK,0,110032,0
1762011767318,BTC-PERPETUAL,TICK,0,110032,0
1762011767357,BTC-PERPETUAL,TICK,0,110039,0
1762011767366,BTC-PERPETUAL,TICK,0,110039,0
1762011767405,BTC-PERPETUAL,TICK,0,110032,0
1762011767411,BTC-PERPETUAL,TICK,0,110032,0
1762011767450,BTC-PERPETUAL,TICK,0,110033,0
1762011767458,BTC-PERPETUAL,TICK,0,110033,0
1762011767505,BTC-PERPETUAL,TICK,0,110032,0
1762011767512,BTC-PERPETUAL,TICK,0,110032,0
1762011767558,BTC-PERPETUAL,TICK,0,110032,0
1762011767565,BTC-PERPETUAL,TICK,0,110032,0
1762011767606,BTC-PERPETUAL,TICK,0,109960,0
1762011767612,BTC-PERPETUAL,TICK,0,109960,0
